"filename", "language", "Docker", "YAML", "Ignore", "pip requirements", "Markdown", "Properties", "Shell Script", "JavaScript", "PostCSS", "HTML", "C", "CMake", "Python", "C++", "Ini", "Assembly", "PowerShell", "JSON", "comment", "blank", "total"
"d:\dptui\mm (1)\SDF\.dockerignore", "Ignore", 0, 0, 8, 0, 0, 0, 0, 0, 0, 0, 0, 0, 0, 0, 0, 0, 0, 0, 0, 1, 9
"d:\dptui\mm (1)\SDF\DOCKERHUB_README.md", "Markdown", 0, 0, 0, 0, 155, 0, 0, 0, 0, 0, 0, 0, 0, 0, 0, 0, 0, 0, 0, 64, 219
"d:\dptui\mm (1)\SDF\Dockerfile", "Docker", 76, 0, 0, 0, 0, 0, 0, 0, 0, 0, 0, 0, 0, 0, 0, 0, 0, 0, 3, 17, 96
"d:\dptui\mm (1)\SDF\PUBLISHING.md", "Markdown", 0, 0, 0, 0, 462, 0, 0, 0, 0, 0, 0, 0, 0, 0, 0, 0, 0, 0, 0, 176, 638
"d:\dptui\mm (1)\SDF\README.md", "Markdown", 0, 0, 0, 0, 237, 0, 0, 0, 0, 0, 0, 0, 0, 0, 0, 0, 0, 0, 0, 74, 311
"d:\dptui\mm (1)\SDF\THIRD_PARTY_NOTICES.md", "Markdown", 0, 0, 0, 0, 108, 0, 0, 0, 0, 0, 0, 0, 0, 0, 0, 0, 0, 0, 0, 40, 148
"d:\dptui\mm (1)\SDF\WEB-MANAGEMENT.md", "Markdown", 0, 0, 0, 0, 73, 0, 0, 0, 0, 0, 0, 0, 0, 0, 0, 0, 0, 0, 0, 31, 104
"d:\dptui\mm (1)\SDF\api-matrix.md", "Markdown", 0, 0, 0, 0, 38, 0, 0, 0, 0, 0, 0, 0, 0, 0, 0, 0, 0, 0, 0, 17, 55
"d:\dptui\mm (1)\SDF\dist\sdfapi-windows-x64\README.md", "Markdown", 0, 0, 0, 0, 59, 0, 0, 0, 0, 0, 0, 0, 0, 0, 0, 0, 0, 0, 0, 25, 84
"d:\dptui\mm (1)\SDF\dist\sdfapi-windows-x64\config\sdfapi.ini", "Ini", 0, 0, 0, 0, 0, 0, 0, 0, 0, 0, 0, 0, 0, 0, 7, 0, 0, 0, 0, 2, 9
"d:\dptui\mm (1)\SDF\dist\sdfapi-windows-x64\include\sdf.h", "C++", 0, 0, 0, 0, 0, 0, 0, 0, 0, 0, 0, 0, 0, 807, 0, 0, 0, 0, 122, 118, 1047
"d:\dptui\mm (1)\SDF\dist\sdfapi-windows-x64\include\sdf_err.h", "C++", 0, 0, 0, 0, 0, 0, 0, 0, 0, 0, 0, 0, 0, 36, 0, 0, 0, 0, 2, 5, 43
"d:\dptui\mm (1)\SDF\dist\sdfapi-windows-x64\include\sdf_types.h", "C++", 0, 0, 0, 0, 0, 0, 0, 0, 0, 0, 0, 0, 0, 220, 0, 0, 0, 0, 55, 41, 316
"d:\dptui\mm (1)\SDF\dist\sdfapi-windows-x64\licenses\THIRD_PARTY_NOTICES.md", "Markdown", 0, 0, 0, 0, 108, 0, 0, 0, 0, 0, 0, 0, 0, 0, 0, 0, 0, 0, 0, 40, 148
"d:\dptui\mm (1)\SDF\docker-compose.yml", "YAML", 0, 17, 0, 0, 0, 0, 0, 0, 0, 0, 0, 0, 0, 0, 0, 0, 0, 0, 0, 3, 20
"d:\dptui\mm (1)\SDF\openhitls\.gitcode\ISSUE_TEMPLATE\001-bug-report.yml", "YAML", 0, 47, 0, 0, 0, 0, 0, 0, 0, 0, 0, 0, 0, 0, 0, 0, 0, 0, 1, 3, 51
"d:\dptui\mm (1)\SDF\openhitls\.gitcode\ISSUE_TEMPLATE\002-documentation.yml", "YAML", 0, 23, 0, 0, 0, 0, 0, 0, 0, 0, 0, 0, 0, 0, 0, 0, 0, 0, 0, 2, 25
"d:\dptui\mm (1)\SDF\openhitls\.gitcode\ISSUE_TEMPLATE\003-feature-request.yml", "YAML", 0, 17, 0, 0, 0, 0, 0, 0, 0, 0, 0, 0, 0, 0, 0, 0, 0, 0, 0, 2, 19
"d:\dptui\mm (1)\SDF\openhitls\.gitcode\ISSUE_TEMPLATE\004-blank.yml", "YAML", 0, 8, 0, 0, 0, 0, 0, 0, 0, 0, 0, 0, 0, 0, 0, 0, 0, 0, 0, 1, 9
"d:\dptui\mm (1)\SDF\openhitls\.gitcode\ISSUE_TEMPLATE\config.yml", "YAML", 0, 4, 0, 0, 0, 0, 0, 0, 0, 0, 0, 0, 0, 0, 0, 0, 0, 0, 0, 0, 4
"d:\dptui\mm (1)\SDF\openhitls\.gitcode\PULL_REQUEST_TEMPLATE.en.md", "Markdown", 0, 0, 0, 0, 11, 0, 0, 0, 0, 0, 0, 0, 0, 0, 0, 0, 0, 0, 11, 11, 33
"d:\dptui\mm (1)\SDF\openhitls\.gitcode\PULL_REQUEST_TEMPLATE.zh-CN.md", "Markdown", 0, 0, 0, 0, 11, 0, 0, 0, 0, 0, 0, 0, 0, 0, 0, 0, 0, 0, 11, 11, 33
"d:\dptui\mm (1)\SDF\openhitls\.github\workflows\cmake-single-platform.yml", "YAML", 0, 85, 0, 0, 0, 0, 0, 0, 0, 0, 0, 0, 0, 0, 0, 0, 0, 0, 41, 23, 149
"d:\dptui\mm (1)\SDF\openhitls\.github\workflows\minitest-reusable-job.yml", "YAML", 0, 34, 0, 0, 0, 0, 0, 0, 0, 0, 0, 0, 0, 0, 0, 0, 0, 0, 7, 5, 46
"d:\dptui\mm (1)\SDF\openhitls\CMakeLists.txt", "CMake", 0, 0, 0, 0, 0, 0, 0, 0, 0, 0, 0, 70, 0, 0, 0, 0, 0, 0, 0, 23, 93
"d:\dptui\mm (1)\SDF\openhitls\CONTRIBUTING-zh.md", "Markdown", 0, 0, 0, 0, 46, 0, 0, 0, 0, 0, 0, 0, 0, 0, 0, 0, 0, 0, 0, 36, 82
"d:\dptui\mm (1)\SDF\openhitls\README-zh.md", "Markdown", 0, 0, 0, 0, 98, 0, 0, 0, 0, 0, 0, 0, 0, 0, 0, 0, 0, 0, 0, 34, 132
"d:\dptui\mm (1)\SDF\openhitls\README.md", "Markdown", 0, 0, 0, 0, 98, 0, 0, 0, 0, 0, 0, 0, 0, 0, 0, 0, 0, 0, 0, 32, 130
"d:\dptui\mm (1)\SDF\openhitls\SECURITY.md", "Markdown", 0, 0, 0, 0, 124, 0, 0, 0, 0, 0, 0, 0, 0, 0, 0, 0, 0, 0, 0, 27, 151
"d:\dptui\mm (1)\SDF\openhitls\SECURITY_zh.md", "Markdown", 0, 0, 0, 0, 85, 0, 0, 0, 0, 0, 0, 0, 0, 0, 0, 0, 0, 0, 0, 27, 112
"d:\dptui\mm (1)\SDF\openhitls\apps\CMakeLists.txt", "CMake", 0, 0, 0, 0, 0, 0, 0, 0, 0, 0, 0, 53, 0, 0, 0, 0, 0, 0, 0, 10, 63
"d:\dptui\mm (1)\SDF\openhitls\apps\include\app_asn1parse.h", "C++", 0, 0, 0, 0, 0, 0, 0, 0, 0, 0, 0, 0, 0, 15, 0, 0, 0, 0, 25, 7, 47
"d:\dptui\mm (1)\SDF\openhitls\apps\include\app_client.h", "C++", 0, 0, 0, 0, 0, 0, 0, 0, 0, 0, 0, 0, 0, 37, 0, 0, 0, 0, 27, 11, 75
"d:\dptui\mm (1)\SDF\openhitls\apps\include\app_conf.h", "C++", 0, 0, 0, 0, 0, 0, 0, 0, 0, 0, 0, 0, 0, 58, 0, 0, 0, 0, 91, 16, 165
"d:\dptui\mm (1)\SDF\openhitls\apps\include\app_crl.h", "C++", 0, 0, 0, 0, 0, 0, 0, 0, 0, 0, 0, 0, 0, 11, 0, 0, 0, 0, 14, 3, 28
"d:\dptui\mm (1)\SDF\openhitls\apps\include\app_dgst.h", "C++", 0, 0, 0, 0, 0, 0, 0, 0, 0, 0, 0, 0, 0, 13, 0, 0, 0, 0, 14, 4, 31
"d:\dptui\mm (1)\SDF\openhitls\apps\include\app_enc.h", "C++", 0, 0, 0, 0, 0, 0, 0, 0, 0, 0, 0, 0, 0, 28, 0, 0, 0, 0, 14, 4, 46
"d:\dptui\mm (1)\SDF\openhitls\apps\include\app_errdecode.h", "C++", 0, 0, 0, 0, 0, 0, 0, 0, 0, 0, 0, 0, 0, 59, 0, 0, 0, 0, 6, 15, 80
"d:\dptui\mm (1)\SDF\openhitls\apps\include\app_errno.h", "C++", 0, 0, 0, 0, 0, 0, 0, 0, 0, 0, 0, 0, 0, 63, 0, 0, 0, 0, 17, 11, 91
"d:\dptui\mm (1)\SDF\openhitls\apps\include\app_function.h", "C++", 0, 0, 0, 0, 0, 0, 0, 0, 0, 0, 0, 0, 0, 20, 0, 0, 0, 0, 14, 5, 39
"d:\dptui\mm (1)\SDF\openhitls\apps\include\app_genpkey.h", "C++", 0, 0, 0, 0, 0, 0, 0, 0, 0, 0, 0, 0, 0, 11, 0, 0, 0, 0, 14, 3, 28
"d:\dptui\mm (1)\SDF\openhitls\apps\include\app_genrsa.h", "C++", 0, 0, 0, 0, 0, 0, 0, 0, 0, 0, 0, 0, 0, 15, 0, 0, 0, 0, 14, 6, 35
"d:\dptui\mm (1)\SDF\openhitls\apps\include\app_help.h", "C++", 0, 0, 0, 0, 0, 0, 0, 0, 0, 0, 0, 0, 0, 10, 0, 0, 0, 0, 14, 4, 28
"d:\dptui\mm (1)\SDF\openhitls\apps\include\app_kdf.h", "C++", 0, 0, 0, 0, 0, 0, 0, 0, 0, 0, 0, 0, 0, 11, 0, 0, 0, 0, 14, 3, 28
"d:\dptui\mm (1)\SDF\openhitls\apps\include\app_keymgmt.h", "C++", 0, 0, 0, 0, 0, 0, 0, 0, 0, 0, 0, 0, 0, 37, 0, 0, 0, 0, 84, 10, 131
"d:\dptui\mm (1)\SDF\openhitls\apps\include\app_list.h", "C++", 0, 0, 0, 0, 0, 0, 0, 0, 0, 0, 0, 0, 0, 33, 0, 0, 0, 0, 14, 12, 59
"d:\dptui\mm (1)\SDF\openhitls\apps\include\app_mac.h", "C++", 0, 0, 0, 0, 0, 0, 0, 0, 0, 0, 0, 0, 0, 11, 0, 0, 0, 0, 14, 3, 28
"d:\dptui\mm (1)\SDF\openhitls\apps\include\app_opt.h", "C++", 0, 0, 0, 0, 0, 0, 0, 0, 0, 0, 0, 0, 0, 104, 0, 0, 0, 0, 176, 30, 310
"d:\dptui\mm (1)\SDF\openhitls\apps\include\app_pkcs12.h", "C++", 0, 0, 0, 0, 0, 0, 0, 0, 0, 0, 0, 0, 0, 11, 0, 0, 0, 0, 14, 5, 30
"d:\dptui\mm (1)\SDF\openhitls\apps\include\app_pkey.h", "C++", 0, 0, 0, 0, 0, 0, 0, 0, 0, 0, 0, 0, 0, 11, 0, 0, 0, 0, 14, 3, 28
"d:\dptui\mm (1)\SDF\openhitls\apps\include\app_pkeyutl.h", "C++", 0, 0, 0, 0, 0, 0, 0, 0, 0, 0, 0, 0, 0, 11, 0, 0, 0, 0, 14, 3, 28
"d:\dptui\mm (1)\SDF\openhitls\apps\include\app_prime.h", "C++", 0, 0, 0, 0, 0, 0, 0, 0, 0, 0, 0, 0, 0, 11, 0, 0, 0, 0, 17, 5, 33
"d:\dptui\mm (1)\SDF\openhitls\apps\include\app_print.h", "C++", 0, 0, 0, 0, 0, 0, 0, 0, 0, 0, 0, 0, 0, 17, 0, 0, 0, 0, 44, 9, 70
"d:\dptui\mm (1)\SDF\openhitls\apps\include\app_provider.h", "C++", 0, 0, 0, 0, 0, 0, 0, 0, 0, 0, 0, 0, 0, 21, 0, 0, 0, 0, 14, 7, 42
"d:\dptui\mm (1)\SDF\openhitls\apps\include\app_rand.h", "C++", 0, 0, 0, 0, 0, 0, 0, 0, 0, 0, 0, 0, 0, 11, 0, 0, 0, 0, 14, 3, 28
"d:\dptui\mm (1)\SDF\openhitls\apps\include\app_req.h", "C++", 0, 0, 0, 0, 0, 0, 0, 0, 0, 0, 0, 0, 0, 11, 0, 0, 0, 0, 14, 3, 28
"d:\dptui\mm (1)\SDF\openhitls\apps\include\app_rsa.h", "C++", 0, 0, 0, 0, 0, 0, 0, 0, 0, 0, 0, 0, 0, 11, 0, 0, 0, 0, 14, 3, 28
"d:\dptui\mm (1)\SDF\openhitls\apps\include\app_server.h", "C++", 0, 0, 0, 0, 0, 0, 0, 0, 0, 0, 0, 0, 0, 39, 0, 0, 0, 0, 28, 13, 80
"d:\dptui\mm (1)\SDF\openhitls\apps\include\app_sm.h", "C++", 0, 0, 0, 0, 0, 0, 0, 0, 0, 0, 0, 0, 0, 60, 0, 0, 0, 0, 26, 14, 100
"d:\dptui\mm (1)\SDF\openhitls\apps\include\app_tls_common.h", "C++", 0, 0, 0, 0, 0, 0, 0, 0, 0, 0, 0, 0, 0, 65, 0, 0, 0, 0, 105, 27, 197
"d:\dptui\mm (1)\SDF\openhitls\apps\include\app_utils.h", "C++", 0, 0, 0, 0, 0, 0, 0, 0, 0, 0, 0, 0, 0, 71, 0, 0, 0, 0, 218, 32, 321
"d:\dptui\mm (1)\SDF\openhitls\apps\include\app_verify.h", "C++", 0, 0, 0, 0, 0, 0, 0, 0, 0, 0, 0, 0, 0, 11, 0, 0, 0, 0, 14, 4, 29
"d:\dptui\mm (1)\SDF\openhitls\apps\include\app_x509.h", "C++", 0, 0, 0, 0, 0, 0, 0, 0, 0, 0, 0, 0, 0, 11, 0, 0, 0, 0, 14, 3, 28
"d:\dptui\mm (1)\SDF\openhitls\apps\src\app_asn1parse.c", "C", 0, 0, 0, 0, 0, 0, 0, 0, 0, 0, 1086, 0, 0, 0, 0, 0, 0, 0, 36, 116, 1238
"d:\dptui\mm (1)\SDF\openhitls\apps\src\app_client.c", "C", 0, 0, 0, 0, 0, 0, 0, 0, 0, 0, 842, 0, 0, 0, 0, 0, 0, 0, 59, 107, 1008
"d:\dptui\mm (1)\SDF\openhitls\apps\src\app_conf.c", "C", 0, 0, 0, 0, 0, 0, 0, 0, 0, 0, 795, 0, 0, 0, 0, 0, 0, 0, 20, 64, 879
"d:\dptui\mm (1)\SDF\openhitls\apps\src\app_crl.c", "C", 0, 0, 0, 0, 0, 0, 0, 0, 0, 0, 331, 0, 0, 0, 0, 0, 0, 0, 18, 21, 370
"d:\dptui\mm (1)\SDF\openhitls\apps\src\app_dgst.c", "C", 0, 0, 0, 0, 0, 0, 0, 0, 0, 0, 749, 0, 0, 0, 0, 0, 0, 0, 24, 32, 805
"d:\dptui\mm (1)\SDF\openhitls\apps\src\app_enc.c", "C", 0, 0, 0, 0, 0, 0, 0, 0, 0, 0, 1268, 0, 0, 0, 0, 0, 0, 0, 67, 62, 1397
"d:\dptui\mm (1)\SDF\openhitls\apps\src\app_errdecode.c", "C", 0, 0, 0, 0, 0, 0, 0, 0, 0, 0, 339, 0, 0, 0, 0, 0, 0, 0, 68, 69, 476
"d:\dptui\mm (1)\SDF\openhitls\apps\src\app_function.c", "C", 0, 0, 0, 0, 0, 0, 0, 0, 0, 0, 97, 0, 0, 0, 0, 0, 0, 0, 14, 6, 117
"d:\dptui\mm (1)\SDF\openhitls\apps\src\app_genpkey.c", "C", 0, 0, 0, 0, 0, 0, 0, 0, 0, 0, 400, 0, 0, 0, 0, 0, 0, 0, 32, 53, 485
"d:\dptui\mm (1)\SDF\openhitls\apps\src\app_genrsa.c", "C", 0, 0, 0, 0, 0, 0, 0, 0, 0, 0, 255, 0, 0, 0, 0, 0, 0, 0, 20, 18, 293
"d:\dptui\mm (1)\SDF\openhitls\apps\src\app_help.c", "C", 0, 0, 0, 0, 0, 0, 0, 0, 0, 0, 55, 0, 0, 0, 0, 0, 0, 0, 14, 6, 75
"d:\dptui\mm (1)\SDF\openhitls\apps\src\app_kdf.c", "C", 0, 0, 0, 0, 0, 0, 0, 0, 0, 0, 457, 0, 0, 0, 0, 0, 0, 0, 14, 33, 504
"d:\dptui\mm (1)\SDF\openhitls\apps\src\app_keymgmt.c", "C", 0, 0, 0, 0, 0, 0, 0, 0, 0, 0, 1504, 0, 0, 0, 0, 0, 0, 0, 21, 133, 1658
"d:\dptui\mm (1)\SDF\openhitls\apps\src\app_list.c", "C", 0, 0, 0, 0, 0, 0, 0, 0, 0, 0, 576, 0, 0, 0, 0, 0, 0, 0, 19, 50, 645
"d:\dptui\mm (1)\SDF\openhitls\apps\src\app_mac.c", "C", 0, 0, 0, 0, 0, 0, 0, 0, 0, 0, 481, 0, 0, 0, 0, 0, 0, 0, 15, 31, 527
"d:\dptui\mm (1)\SDF\openhitls\apps\src\app_opt.c", "C", 0, 0, 0, 0, 0, 0, 0, 0, 0, 0, 639, 0, 0, 0, 0, 0, 0, 0, 33, 54, 726
"d:\dptui\mm (1)\SDF\openhitls\apps\src\app_pkcs12.c", "C", 0, 0, 0, 0, 0, 0, 0, 0, 0, 0, 836, 0, 0, 0, 0, 0, 0, 0, 41, 91, 968
"d:\dptui\mm (1)\SDF\openhitls\apps\src\app_pkey.c", "C", 0, 0, 0, 0, 0, 0, 0, 0, 0, 0, 234, 0, 0, 0, 0, 0, 0, 0, 20, 31, 285
"d:\dptui\mm (1)\SDF\openhitls\apps\src\app_pkeyutl.c", "C", 0, 0, 0, 0, 0, 0, 0, 0, 0, 0, 967, 0, 0, 0, 0, 0, 0, 0, 15, 65, 1047
"d:\dptui\mm (1)\SDF\openhitls\apps\src\app_prime.c", "C", 0, 0, 0, 0, 0, 0, 0, 0, 0, 0, 233, 0, 0, 0, 0, 0, 0, 0, 17, 44, 294
"d:\dptui\mm (1)\SDF\openhitls\apps\src\app_print.c", "C", 0, 0, 0, 0, 0, 0, 0, 0, 0, 0, 81, 0, 0, 0, 0, 0, 0, 0, 14, 8, 103
"d:\dptui\mm (1)\SDF\openhitls\apps\src\app_provider.c", "C", 0, 0, 0, 0, 0, 0, 0, 0, 0, 0, 54, 0, 0, 0, 0, 0, 0, 0, 14, 8, 76
"d:\dptui\mm (1)\SDF\openhitls\apps\src\app_rand.c", "C", 0, 0, 0, 0, 0, 0, 0, 0, 0, 0, 207, 0, 0, 0, 0, 0, 0, 0, 15, 12, 234
"d:\dptui\mm (1)\SDF\openhitls\apps\src\app_req.c", "C", 0, 0, 0, 0, 0, 0, 0, 0, 0, 0, 535, 0, 0, 0, 0, 0, 0, 0, 18, 69, 622
"d:\dptui\mm (1)\SDF\openhitls\apps\src\app_rsa.c", "C", 0, 0, 0, 0, 0, 0, 0, 0, 0, 0, 165, 0, 0, 0, 0, 0, 0, 0, 14, 10, 189
"d:\dptui\mm (1)\SDF\openhitls\apps\src\app_server.c", "C", 0, 0, 0, 0, 0, 0, 0, 0, 0, 0, 847, 0, 0, 0, 0, 0, 0, 0, 66, 116, 1029
"d:\dptui\mm (1)\SDF\openhitls\apps\src\app_sm.c", "C", 0, 0, 0, 0, 0, 0, 0, 0, 0, 0, 655, 0, 0, 0, 0, 0, 0, 0, 27, 80, 762
"d:\dptui\mm (1)\SDF\openhitls\apps\src\app_tls_common.c", "C", 0, 0, 0, 0, 0, 0, 0, 0, 0, 0, 760, 0, 0, 0, 0, 0, 0, 0, 41, 103, 904
"d:\dptui\mm (1)\SDF\openhitls\apps\src\app_utils.c", "C", 0, 0, 0, 0, 0, 0, 0, 0, 0, 0, 1136, 0, 0, 0, 0, 0, 0, 0, 36, 94, 1266
"d:\dptui\mm (1)\SDF\openhitls\apps\src\app_verify.c", "C", 0, 0, 0, 0, 0, 0, 0, 0, 0, 0, 266, 0, 0, 0, 0, 0, 0, 0, 15, 22, 303
"d:\dptui\mm (1)\SDF\openhitls\apps\src\app_x509.c", "C", 0, 0, 0, 0, 0, 0, 0, 0, 0, 0, 1197, 0, 0, 0, 0, 0, 0, 0, 62, 115, 1374
"d:\dptui\mm (1)\SDF\openhitls\apps\src\hitls.c", "C", 0, 0, 0, 0, 0, 0, 0, 0, 0, 0, 96, 0, 0, 0, 0, 0, 0, 0, 14, 9, 119
"d:\dptui\mm (1)\SDF\openhitls\auth\CMakeLists.txt", "CMake", 0, 0, 0, 0, 0, 0, 0, 0, 0, 0, 0, 56, 0, 0, 0, 0, 0, 0, 0, 10, 66
"d:\dptui\mm (1)\SDF\openhitls\auth\otp\CMakeLists.txt", "CMake", 0, 0, 0, 0, 0, 0, 0, 0, 0, 0, 0, 25, 0, 0, 0, 0, 0, 0, 0, 7, 32
"d:\dptui\mm (1)\SDF\openhitls\auth\otp\include\otp.h", "C++", 0, 0, 0, 0, 0, 0, 0, 0, 0, 0, 0, 0, 0, 41, 0, 0, 0, 0, 19, 10, 70
"d:\dptui\mm (1)\SDF\openhitls\auth\otp\src\otp.c", "C", 0, 0, 0, 0, 0, 0, 0, 0, 0, 0, 224, 0, 0, 0, 0, 0, 0, 0, 21, 36, 281
"d:\dptui\mm (1)\SDF\openhitls\auth\otp\src\otp_util.c", "C", 0, 0, 0, 0, 0, 0, 0, 0, 0, 0, 309, 0, 0, 0, 0, 0, 0, 0, 14, 17, 340
"d:\dptui\mm (1)\SDF\openhitls\auth\otp\src\otp_wrapper.c", "C", 0, 0, 0, 0, 0, 0, 0, 0, 0, 0, 66, 0, 0, 0, 0, 0, 0, 0, 14, 10, 90
"d:\dptui\mm (1)\SDF\openhitls\auth\pake\CMakeLists.txt", "CMake", 0, 0, 0, 0, 0, 0, 0, 0, 0, 0, 0, 34, 0, 0, 0, 0, 0, 0, 0, 8, 42
"d:\dptui\mm (1)\SDF\openhitls\auth\pake\pake.c", "C", 0, 0, 0, 0, 0, 0, 0, 0, 0, 0, 361, 0, 0, 0, 0, 0, 0, 0, 14, 43, 418
"d:\dptui\mm (1)\SDF\openhitls\auth\pake\spake2plus\include\spake2plus.h", "C++", 0, 0, 0, 0, 0, 0, 0, 0, 0, 0, 0, 0, 0, 33, 0, 0, 0, 0, 157, 22, 212
"d:\dptui\mm (1)\SDF\openhitls\auth\pake\spake2plus\include\spake2plus_ecc.h", "C++", 0, 0, 0, 0, 0, 0, 0, 0, 0, 0, 0, 0, 0, 37, 0, 0, 0, 0, 14, 6, 57
"d:\dptui\mm (1)\SDF\openhitls\auth\pake\spake2plus\src\spake2plus.c", "C", 0, 0, 0, 0, 0, 0, 0, 0, 0, 0, 1276, 0, 0, 0, 0, 0, 0, 0, 17, 174, 1467
"d:\dptui\mm (1)\SDF\openhitls\auth\privpass_token\CMakeLists.txt", "CMake", 0, 0, 0, 0, 0, 0, 0, 0, 0, 0, 0, 25, 0, 0, 0, 0, 0, 0, 0, 7, 32
"d:\dptui\mm (1)\SDF\openhitls\auth\privpass_token\include\privpass_token.h", "C++", 0, 0, 0, 0, 0, 0, 0, 0, 0, 0, 0, 0, 0, 90, 0, 0, 0, 0, 23, 20, 133
"d:\dptui\mm (1)\SDF\openhitls\auth\privpass_token\src\privpass_token.c", "C", 0, 0, 0, 0, 0, 0, 0, 0, 0, 0, 514, 0, 0, 0, 0, 0, 0, 0, 38, 45, 597
"d:\dptui\mm (1)\SDF\openhitls\auth\privpass_token\src\privpass_token_util.c", "C", 0, 0, 0, 0, 0, 0, 0, 0, 0, 0, 983, 0, 0, 0, 0, 0, 0, 0, 48, 77, 1108
"d:\dptui\mm (1)\SDF\openhitls\auth\privpass_token\src\privpass_token_wrapper.c", "C", 0, 0, 0, 0, 0, 0, 0, 0, 0, 0, 288, 0, 0, 0, 0, 0, 0, 0, 14, 19, 321
"d:\dptui\mm (1)\SDF\openhitls\bsl\CMakeLists.txt", "CMake", 0, 0, 0, 0, 0, 0, 0, 0, 0, 0, 0, 110, 0, 0, 0, 0, 0, 0, 0, 26, 136
"d:\dptui\mm (1)\SDF\openhitls\bsl\asn1\CMakeLists.txt", "CMake", 0, 0, 0, 0, 0, 0, 0, 0, 0, 0, 0, 25, 0, 0, 0, 0, 0, 0, 0, 7, 32
"d:\dptui\mm (1)\SDF\openhitls\bsl\asn1\include\bsl_asn1_internal.h", "C++", 0, 0, 0, 0, 0, 0, 0, 0, 0, 0, 0, 0, 0, 29, 0, 0, 0, 0, 81, 17, 127
"d:\dptui\mm (1)\SDF\openhitls\bsl\asn1\src\bsl_asn1.c", "C", 0, 0, 0, 0, 0, 0, 0, 0, 0, 0, 1393, 0, 0, 0, 0, 0, 0, 0, 108, 126, 1627
"d:\dptui\mm (1)\SDF\openhitls\bsl\asn1\src\bsl_asn1_local.h", "C++", 0, 0, 0, 0, 0, 0, 0, 0, 0, 0, 0, 0, 0, 30, 0, 0, 0, 0, 15, 10, 55
"d:\dptui\mm (1)\SDF\openhitls\bsl\base64\CMakeLists.txt", "CMake", 0, 0, 0, 0, 0, 0, 0, 0, 0, 0, 0, 23, 0, 0, 0, 0, 0, 0, 0, 7, 30
"d:\dptui\mm (1)\SDF\openhitls\bsl\base64\include\bsl_base64_internal.h", "C++", 0, 0, 0, 0, 0, 0, 0, 0, 0, 0, 0, 0, 0, 26, 0, 0, 0, 0, 29, 8, 63
"d:\dptui\mm (1)\SDF\openhitls\bsl\base64\src\bsl_base64.c", "C", 0, 0, 0, 0, 0, 0, 0, 0, 0, 0, 463, 0, 0, 0, 0, 0, 0, 0, 58, 65, 586
"d:\dptui\mm (1)\SDF\openhitls\bsl\buffer\CMakeLists.txt", "CMake", 0, 0, 0, 0, 0, 0, 0, 0, 0, 0, 0, 23, 0, 0, 0, 0, 0, 0, 0, 7, 30
"d:\dptui\mm (1)\SDF\openhitls\bsl\buffer\include\bsl_buffer.h", "C++", 0, 0, 0, 0, 0, 0, 0, 0, 0, 0, 0, 0, 0, 21, 0, 0, 0, 0, 14, 8, 43
"d:\dptui\mm (1)\SDF\openhitls\bsl\buffer\src\bsl_buffer.c", "C", 0, 0, 0, 0, 0, 0, 0, 0, 0, 0, 66, 0, 0, 0, 0, 0, 0, 0, 14, 8, 88
"d:\dptui\mm (1)\SDF\openhitls\bsl\conf\CMakeLists.txt", "CMake", 0, 0, 0, 0, 0, 0, 0, 0, 0, 0, 0, 23, 0, 0, 0, 0, 0, 0, 0, 7, 30
"d:\dptui\mm (1)\SDF\openhitls\bsl\conf\include\bsl_conf.h", "C++", 0, 0, 0, 0, 0, 0, 0, 0, 0, 0, 0, 0, 0, 28, 0, 0, 0, 0, 160, 19, 207
"d:\dptui\mm (1)\SDF\openhitls\bsl\conf\include\bsl_conf_def.h", "C++", 0, 0, 0, 0, 0, 0, 0, 0, 0, 0, 0, 0, 0, 51, 0, 0, 0, 0, 22, 12, 85
"d:\dptui\mm (1)\SDF\openhitls\bsl\conf\src\bsl_conf.c", "C", 0, 0, 0, 0, 0, 0, 0, 0, 0, 0, 153, 0, 0, 0, 0, 0, 0, 0, 24, 14, 191
"d:\dptui\mm (1)\SDF\openhitls\bsl\conf\src\bsl_conf_def.c", "C", 0, 0, 0, 0, 0, 0, 0, 0, 0, 0, 743, 0, 0, 0, 0, 0, 0, 0, 23, 35, 801
"d:\dptui\mm (1)\SDF\openhitls\bsl\err\CMakeLists.txt", "CMake", 0, 0, 0, 0, 0, 0, 0, 0, 0, 0, 0, 25, 0, 0, 0, 0, 0, 0, 0, 7, 32
"d:\dptui\mm (1)\SDF\openhitls\bsl\err\include\bsl_err_internal.h", "C++", 0, 0, 0, 0, 0, 0, 0, 0, 0, 0, 0, 0, 0, 22, 0, 0, 0, 0, 36, 16, 74
"d:\dptui\mm (1)\SDF\openhitls\bsl\err\src\avl.c", "C", 0, 0, 0, 0, 0, 0, 0, 0, 0, 0, 184, 0, 0, 0, 0, 0, 0, 0, 71, 32, 287
"d:\dptui\mm (1)\SDF\openhitls\bsl\err\src\avl.h", "C++", 0, 0, 0, 0, 0, 0, 0, 0, 0, 0, 0, 0, 0, 27, 0, 0, 0, 0, 78, 15, 120
"d:\dptui\mm (1)\SDF\openhitls\bsl\err\src\err.c", "C", 0, 0, 0, 0, 0, 0, 0, 0, 0, 0, 484, 0, 0, 0, 0, 0, 0, 0, 41, 87, 612
"d:\dptui\mm (1)\SDF\openhitls\bsl\hash\CMakeLists.txt", "CMake", 0, 0, 0, 0, 0, 0, 0, 0, 0, 0, 0, 25, 0, 0, 0, 0, 0, 0, 0, 7, 32
"d:\dptui\mm (1)\SDF\openhitls\bsl\hash\include\bsl_hash.h", "C++", 0, 0, 0, 0, 0, 0, 0, 0, 0, 0, 0, 0, 0, 57, 0, 0, 0, 0, 333, 35, 425
"d:\dptui\mm (1)\SDF\openhitls\bsl\hash\include\bsl_hash_list.h", "C++", 0, 0, 0, 0, 0, 0, 0, 0, 0, 0, 0, 0, 0, 44, 0, 0, 0, 0, 271, 35, 350
"d:\dptui\mm (1)\SDF\openhitls\bsl\hash\include\list_base.h", "C++", 0, 0, 0, 0, 0, 0, 0, 0, 0, 0, 0, 0, 0, 51, 0, 0, 0, 0, 219, 31, 301
"d:\dptui\mm (1)\SDF\openhitls\bsl\hash\src\bsl_hash.c", "C", 0, 0, 0, 0, 0, 0, 0, 0, 0, 0, 587, 0, 0, 0, 0, 0, 0, 0, 46, 148, 781
"d:\dptui\mm (1)\SDF\openhitls\bsl\hash\src\bsl_hash_list.c", "C", 0, 0, 0, 0, 0, 0, 0, 0, 0, 0, 223, 0, 0, 0, 0, 0, 0, 0, 15, 48, 286
"d:\dptui\mm (1)\SDF\openhitls\bsl\hash\src\hash_local.c", "C", 0, 0, 0, 0, 0, 0, 0, 0, 0, 0, 22, 0, 0, 0, 0, 0, 0, 0, 14, 10, 46
"d:\dptui\mm (1)\SDF\openhitls\bsl\hash\src\hash_local.h", "C++", 0, 0, 0, 0, 0, 0, 0, 0, 0, 0, 0, 0, 0, 20, 0, 0, 0, 0, 16, 11, 47
"d:\dptui\mm (1)\SDF\openhitls\bsl\hash\src\list_base.c", "C", 0, 0, 0, 0, 0, 0, 0, 0, 0, 0, 193, 0, 0, 0, 0, 0, 0, 0, 17, 43, 253
"d:\dptui\mm (1)\SDF\openhitls\bsl\include\bsl_binlog_id.h", "C++", 0, 0, 0, 0, 0, 0, 0, 0, 0, 0, 0, 0, 0, 41, 0, 0, 0, 0, 14, 6, 61
"d:\dptui\mm (1)\SDF\openhitls\bsl\include\bsl_bytes.h", "C++", 0, 0, 0, 0, 0, 0, 0, 0, 0, 0, 0, 0, 0, 120, 0, 0, 0, 0, 128, 26, 274
"d:\dptui\mm (1)\SDF\openhitls\bsl\include\bsl_module_list.h", "C++", 0, 0, 0, 0, 0, 0, 0, 0, 0, 0, 0, 0, 0, 30, 0, 0, 0, 0, 76, 12, 118
"d:\dptui\mm (1)\SDF\openhitls\bsl\include\bsl_util_internal.h", "C++", 0, 0, 0, 0, 0, 0, 0, 0, 0, 0, 0, 0, 0, 18, 0, 0, 0, 0, 14, 9, 41
"d:\dptui\mm (1)\SDF\openhitls\bsl\init\CMakeLists.txt", "CMake", 0, 0, 0, 0, 0, 0, 0, 0, 0, 0, 0, 23, 0, 0, 0, 0, 0, 0, 0, 7, 30
"d:\dptui\mm (1)\SDF\openhitls\bsl\init\bsl_init.c", "C", 0, 0, 0, 0, 0, 0, 0, 0, 0, 0, 23, 0, 0, 0, 0, 0, 0, 0, 14, 6, 43
"d:\dptui\mm (1)\SDF\openhitls\bsl\list\CMakeLists.txt", "CMake", 0, 0, 0, 0, 0, 0, 0, 0, 0, 0, 0, 25, 0, 0, 0, 0, 0, 0, 0, 7, 32
"d:\dptui\mm (1)\SDF\openhitls\bsl\list\include\bsl_list_internal.h", "C++", 0, 0, 0, 0, 0, 0, 0, 0, 0, 0, 0, 0, 0, 19, 0, 0, 0, 0, 58, 14, 91
"d:\dptui\mm (1)\SDF\openhitls\bsl\list\src\bsl_list.c", "C", 0, 0, 0, 0, 0, 0, 0, 0, 0, 0, 393, 0, 0, 0, 0, 0, 0, 0, 58, 106, 557
"d:\dptui\mm (1)\SDF\openhitls\bsl\list\src\bsl_list_ex.c", "C", 0, 0, 0, 0, 0, 0, 0, 0, 0, 0, 155, 0, 0, 0, 0, 0, 0, 0, 17, 35, 207
"d:\dptui\mm (1)\SDF\openhitls\bsl\list\src\bsl_list_internal.c", "C", 0, 0, 0, 0, 0, 0, 0, 0, 0, 0, 150, 0, 0, 0, 0, 0, 0, 0, 19, 44, 213
"d:\dptui\mm (1)\SDF\openhitls\bsl\log\CMakeLists.txt", "CMake", 0, 0, 0, 0, 0, 0, 0, 0, 0, 0, 0, 23, 0, 0, 0, 0, 0, 0, 0, 8, 31
"d:\dptui\mm (1)\SDF\openhitls\bsl\log\include\bsl_log_internal.h", "C++", 0, 0, 0, 0, 0, 0, 0, 0, 0, 0, 0, 0, 0, 33, 0, 0, 0, 0, 68, 15, 116
"d:\dptui\mm (1)\SDF\openhitls\bsl\log\src\log.c", "C", 0, 0, 0, 0, 0, 0, 0, 0, 0, 0, 49, 0, 0, 0, 0, 0, 0, 0, 14, 9, 72
"d:\dptui\mm (1)\SDF\openhitls\bsl\obj\CMakeLists.txt", "CMake", 0, 0, 0, 0, 0, 0, 0, 0, 0, 0, 0, 25, 0, 0, 0, 0, 0, 0, 0, 8, 33
"d:\dptui\mm (1)\SDF\openhitls\bsl\obj\include\bsl_obj_internal.h", "C++", 0, 0, 0, 0, 0, 0, 0, 0, 0, 0, 0, 0, 0, 42, 0, 0, 0, 0, 14, 21, 77
"d:\dptui\mm (1)\SDF\openhitls\bsl\obj\src\bsl_cid_op.c", "C", 0, 0, 0, 0, 0, 0, 0, 0, 0, 0, 322, 0, 0, 0, 0, 0, 0, 0, 26, 35, 383
"d:\dptui\mm (1)\SDF\openhitls\bsl\obj\src\bsl_obj.c", "C", 0, 0, 0, 0, 0, 0, 0, 0, 0, 0, 686, 0, 0, 0, 0, 0, 0, 0, 48, 80, 814
"d:\dptui\mm (1)\SDF\openhitls\bsl\params\CMakeLists.txt", "CMake", 0, 0, 0, 0, 0, 0, 0, 0, 0, 0, 0, 19, 0, 0, 0, 0, 0, 0, 0, 6, 25
"d:\dptui\mm (1)\SDF\openhitls\bsl\params\src\bsl_param_maker.c", "C", 0, 0, 0, 0, 0, 0, 0, 0, 0, 0, 319, 0, 0, 0, 0, 0, 0, 0, 14, 24, 357
"d:\dptui\mm (1)\SDF\openhitls\bsl\params\src\bsl_params.c", "C", 0, 0, 0, 0, 0, 0, 0, 0, 0, 0, 244, 0, 0, 0, 0, 0, 0, 0, 15, 14, 273
"d:\dptui\mm (1)\SDF\openhitls\bsl\pem\CMakeLists.txt", "CMake", 0, 0, 0, 0, 0, 0, 0, 0, 0, 0, 0, 27, 0, 0, 0, 0, 0, 0, 0, 7, 34
"d:\dptui\mm (1)\SDF\openhitls\bsl\pem\include\bsl_pem_internal.h", "C++", 0, 0, 0, 0, 0, 0, 0, 0, 0, 0, 0, 0, 0, 45, 0, 0, 0, 0, 17, 19, 81
"d:\dptui\mm (1)\SDF\openhitls\bsl\pem\src\bsl_pem.c", "C", 0, 0, 0, 0, 0, 0, 0, 0, 0, 0, 246, 0, 0, 0, 0, 0, 0, 0, 30, 19, 295
"d:\dptui\mm (1)\SDF\openhitls\bsl\pem\src\bsl_pem_local.h", "C++", 0, 0, 0, 0, 0, 0, 0, 0, 0, 0, 0, 0, 0, 19, 0, 0, 0, 0, 14, 6, 39
"d:\dptui\mm (1)\SDF\openhitls\bsl\print\CMakeLists.txt", "CMake", 0, 0, 0, 0, 0, 0, 0, 0, 0, 0, 0, 23, 0, 0, 0, 0, 0, 0, 0, 7, 30
"d:\dptui\mm (1)\SDF\openhitls\bsl\print\include\bsl_print.h", "C++", 0, 0, 0, 0, 0, 0, 0, 0, 0, 0, 0, 0, 0, 25, 0, 0, 0, 0, 70, 14, 109
"d:\dptui\mm (1)\SDF\openhitls\bsl\print\src\bsl_print.c", "C", 0, 0, 0, 0, 0, 0, 0, 0, 0, 0, 177, 0, 0, 0, 0, 0, 0, 0, 19, 21, 217
"d:\dptui\mm (1)\SDF\openhitls\bsl\sal\CMakeLists.txt", "CMake", 0, 0, 0, 0, 0, 0, 0, 0, 0, 0, 0, 79, 0, 0, 0, 0, 0, 0, 0, 16, 95
"d:\dptui\mm (1)\SDF\openhitls\bsl\sal\include\sal_atomic.h", "C++", 0, 0, 0, 0, 0, 0, 0, 0, 0, 0, 0, 0, 0, 93, 0, 0, 0, 0, 31, 21, 145
"d:\dptui\mm (1)\SDF\openhitls\bsl\sal\include\sal_file.h", "C++", 0, 0, 0, 0, 0, 0, 0, 0, 0, 0, 0, 0, 0, 26, 0, 0, 0, 0, 38, 17, 81
"d:\dptui\mm (1)\SDF\openhitls\bsl\sal\include\sal_ip_util.h", "C++", 0, 0, 0, 0, 0, 0, 0, 0, 0, 0, 0, 0, 0, 11, 0, 0, 0, 0, 14, 6, 31
"d:\dptui\mm (1)\SDF\openhitls\bsl\sal\include\sal_net.h", "C++", 0, 0, 0, 0, 0, 0, 0, 0, 0, 0, 0, 0, 0, 29, 0, 0, 0, 0, 14, 14, 57
"d:\dptui\mm (1)\SDF\openhitls\bsl\sal\include\sal_time.h", "C++", 0, 0, 0, 0, 0, 0, 0, 0, 0, 0, 0, 0, 0, 45, 0, 0, 0, 0, 36, 19, 100
"d:\dptui\mm (1)\SDF\openhitls\bsl\sal\src\posix\posix_dl.c", "C", 0, 0, 0, 0, 0, 0, 0, 0, 0, 0, 49, 0, 0, 0, 0, 0, 0, 0, 22, 8, 79
"d:\dptui\mm (1)\SDF\openhitls\bsl\sal\src\posix\posix_file.c", "C", 0, 0, 0, 0, 0, 0, 0, 0, 0, 0, 158, 0, 0, 0, 0, 0, 0, 0, 14, 32, 204
"d:\dptui\mm (1)\SDF\openhitls\bsl\sal\src\posix\posix_lock.c", "C", 0, 0, 0, 0, 0, 0, 0, 0, 0, 0, 174, 0, 0, 0, 0, 0, 0, 0, 24, 24, 222
"d:\dptui\mm (1)\SDF\openhitls\bsl\sal\src\posix\posix_mem.c", "C", 0, 0, 0, 0, 0, 0, 0, 0, 0, 0, 20, 0, 0, 0, 0, 0, 0, 0, 14, 7, 41
"d:\dptui\mm (1)\SDF\openhitls\bsl\sal\src\posix\posix_net.c", "C", 0, 0, 0, 0, 0, 0, 0, 0, 0, 0, 215, 0, 0, 0, 0, 0, 0, 0, 14, 28, 257
"d:\dptui\mm (1)\SDF\openhitls\bsl\sal\src\posix\posix_time.c", "C", 0, 0, 0, 0, 0, 0, 0, 0, 0, 0, 103, 0, 0, 0, 0, 0, 0, 0, 18, 15, 136
"d:\dptui\mm (1)\SDF\openhitls\bsl\sal\src\sal_atomic.c", "C", 0, 0, 0, 0, 0, 0, 0, 0, 0, 0, 24, 0, 0, 0, 0, 0, 0, 0, 14, 4, 42
"d:\dptui\mm (1)\SDF\openhitls\bsl\sal\src\sal_ctrl.c", "C", 0, 0, 0, 0, 0, 0, 0, 0, 0, 0, 66, 0, 0, 0, 0, 0, 0, 0, 15, 10, 91
"d:\dptui\mm (1)\SDF\openhitls\bsl\sal\src\sal_dl.c", "C", 0, 0, 0, 0, 0, 0, 0, 0, 0, 0, 123, 0, 0, 0, 0, 0, 0, 0, 20, 14, 157
"d:\dptui\mm (1)\SDF\openhitls\bsl\sal\src\sal_dlimpl.h", "C++", 0, 0, 0, 0, 0, 0, 0, 0, 0, 0, 0, 0, 0, 25, 0, 0, 0, 0, 38, 12, 75
"d:\dptui\mm (1)\SDF\openhitls\bsl\sal\src\sal_file.c", "C", 0, 0, 0, 0, 0, 0, 0, 0, 0, 0, 216, 0, 0, 0, 0, 0, 0, 0, 14, 26, 256
"d:\dptui\mm (1)\SDF\openhitls\bsl\sal\src\sal_fileimpl.h", "C++", 0, 0, 0, 0, 0, 0, 0, 0, 0, 0, 0, 0, 0, 49, 0, 0, 0, 0, 14, 10, 73
"d:\dptui\mm (1)\SDF\openhitls\bsl\sal\src\sal_ip_util.c", "C", 0, 0, 0, 0, 0, 0, 0, 0, 0, 0, 228, 0, 0, 0, 0, 0, 0, 0, 62, 38, 328
"d:\dptui\mm (1)\SDF\openhitls\bsl\sal\src\sal_lockimpl.h", "C++", 0, 0, 0, 0, 0, 0, 0, 0, 0, 0, 0, 0, 0, 58, 0, 0, 0, 0, 83, 30, 171
"d:\dptui\mm (1)\SDF\openhitls\bsl\sal\src\sal_mem.c", "C", 0, 0, 0, 0, 0, 0, 0, 0, 0, 0, 118, 0, 0, 0, 0, 0, 0, 0, 16, 15, 149
"d:\dptui\mm (1)\SDF\openhitls\bsl\sal\src\sal_memimpl.h", "C++", 0, 0, 0, 0, 0, 0, 0, 0, 0, 0, 0, 0, 0, 22, 0, 0, 0, 0, 37, 13, 72
"d:\dptui\mm (1)\SDF\openhitls\bsl\sal\src\sal_net.c", "C", 0, 0, 0, 0, 0, 0, 0, 0, 0, 0, 295, 0, 0, 0, 0, 0, 0, 0, 14, 27, 336
"d:\dptui\mm (1)\SDF\openhitls\bsl\sal\src\sal_netimpl.h", "C++", 0, 0, 0, 0, 0, 0, 0, 0, 0, 0, 0, 0, 0, 63, 0, 0, 0, 0, 14, 24, 101
"d:\dptui\mm (1)\SDF\openhitls\bsl\sal\src\sal_string.c", "C", 0, 0, 0, 0, 0, 0, 0, 0, 0, 0, 68, 0, 0, 0, 0, 0, 0, 0, 14, 10, 92
"d:\dptui\mm (1)\SDF\openhitls\bsl\sal\src\sal_threadlock.c", "C", 0, 0, 0, 0, 0, 0, 0, 0, 0, 0, 210, 0, 0, 0, 0, 0, 0, 0, 16, 27, 253
"d:\dptui\mm (1)\SDF\openhitls\bsl\sal\src\sal_time.c", "C", 0, 0, 0, 0, 0, 0, 0, 0, 0, 0, 365, 0, 0, 0, 0, 0, 0, 0, 32, 62, 459
"d:\dptui\mm (1)\SDF\openhitls\bsl\sal\src\sal_timeimpl.h", "C++", 0, 0, 0, 0, 0, 0, 0, 0, 0, 0, 0, 0, 0, 34, 0, 0, 0, 0, 21, 11, 66
"d:\dptui\mm (1)\SDF\openhitls\bsl\tlv\CMakeLists.txt", "CMake", 0, 0, 0, 0, 0, 0, 0, 0, 0, 0, 0, 23, 0, 0, 0, 0, 0, 0, 0, 7, 30
"d:\dptui\mm (1)\SDF\openhitls\bsl\tlv\include\tlv.h", "C++", 0, 0, 0, 0, 0, 0, 0, 0, 0, 0, 0, 0, 0, 23, 0, 0, 0, 0, 57, 11, 91
"d:\dptui\mm (1)\SDF\openhitls\bsl\tlv\src\tlv.c", "C", 0, 0, 0, 0, 0, 0, 0, 0, 0, 0, 107, 0, 0, 0, 0, 0, 0, 0, 28, 11, 146
"d:\dptui\mm (1)\SDF\openhitls\bsl\ui\CMakeLists.txt", "CMake", 0, 0, 0, 0, 0, 0, 0, 0, 0, 0, 0, 23, 0, 0, 0, 0, 0, 0, 0, 7, 30
"d:\dptui\mm (1)\SDF\openhitls\bsl\ui\include\ui_type.h", "C++", 0, 0, 0, 0, 0, 0, 0, 0, 0, 0, 0, 0, 0, 37, 0, 0, 0, 0, 14, 13, 64
"d:\dptui\mm (1)\SDF\openhitls\bsl\ui\src\ui_core.c", "C", 0, 0, 0, 0, 0, 0, 0, 0, 0, 0, 352, 0, 0, 0, 0, 0, 0, 0, 14, 22, 388
"d:\dptui\mm (1)\SDF\openhitls\bsl\ui\src\ui_default_impl.c", "C", 0, 0, 0, 0, 0, 0, 0, 0, 0, 0, 202, 0, 0, 0, 0, 0, 0, 0, 16, 21, 239
"d:\dptui\mm (1)\SDF\openhitls\bsl\uio\CMakeLists.txt", "CMake", 0, 0, 0, 0, 0, 0, 0, 0, 0, 0, 0, 58, 0, 0, 0, 0, 0, 0, 0, 15, 73
"d:\dptui\mm (1)\SDF\openhitls\bsl\uio\include\uio_base.h", "C++", 0, 0, 0, 0, 0, 0, 0, 0, 0, 0, 0, 0, 0, 25, 0, 0, 0, 0, 21, 12, 58
"d:\dptui\mm (1)\SDF\openhitls\bsl\uio\src\uio_abstraction.c", "C", 0, 0, 0, 0, 0, 0, 0, 0, 0, 0, 573, 0, 0, 0, 0, 0, 0, 0, 23, 76, 672
"d:\dptui\mm (1)\SDF\openhitls\bsl\uio\src\uio_abstraction.h", "C++", 0, 0, 0, 0, 0, 0, 0, 0, 0, 0, 0, 0, 0, 39, 0, 0, 0, 0, 22, 19, 80
"d:\dptui\mm (1)\SDF\openhitls\bsl\uio\src\uio_buffer.c", "C", 0, 0, 0, 0, 0, 0, 0, 0, 0, 0, 217, 0, 0, 0, 0, 0, 0, 0, 25, 17, 259
"d:\dptui\mm (1)\SDF\openhitls\bsl\uio\src\uio_file.c", "C", 0, 0, 0, 0, 0, 0, 0, 0, 0, 0, 292, 0, 0, 0, 0, 0, 0, 0, 15, 31, 338
"d:\dptui\mm (1)\SDF\openhitls\bsl\uio\src\uio_mem.c", "C", 0, 0, 0, 0, 0, 0, 0, 0, 0, 0, 344, 0, 0, 0, 0, 0, 0, 0, 28, 37, 409
"d:\dptui\mm (1)\SDF\openhitls\bsl\uio\src\uio_sctp.c", "C", 0, 0, 0, 0, 0, 0, 0, 0, 0, 0, 381, 0, 0, 0, 0, 0, 0, 0, 17, 34, 432
"d:\dptui\mm (1)\SDF\openhitls\bsl\uio\src\uio_tcp.c", "C", 0, 0, 0, 0, 0, 0, 0, 0, 0, 0, 163, 0, 0, 0, 0, 0, 0, 0, 18, 18, 199
"d:\dptui\mm (1)\SDF\openhitls\bsl\uio\src\uio_udp.c", "C", 0, 0, 0, 0, 0, 0, 0, 0, 0, 0, 296, 0, 0, 0, 0, 0, 0, 0, 25, 29, 350
"d:\dptui\mm (1)\SDF\openhitls\bsl\version\CMakeLists.txt", "CMake", 0, 0, 0, 0, 0, 0, 0, 0, 0, 0, 0, 18, 0, 0, 0, 0, 0, 0, 0, 5, 23
"d:\dptui\mm (1)\SDF\openhitls\bsl\version\src\version.c", "C", 0, 0, 0, 0, 0, 0, 0, 0, 0, 0, 11, 0, 0, 0, 0, 0, 0, 0, 14, 5, 30
"d:\dptui\mm (1)\SDF\openhitls\cmake\helpers\hitls_depends_helpers.cmake", "CMake", 0, 0, 0, 0, 0, 0, 0, 0, 0, 0, 0, 151, 0, 0, 0, 0, 0, 0, 0, 25, 176
"d:\dptui\mm (1)\SDF\openhitls\cmake\helpers\hitls_lib_helpers.cmake", "CMake", 0, 0, 0, 0, 0, 0, 0, 0, 0, 0, 0, 74, 0, 0, 0, 0, 0, 0, 0, 17, 91
"d:\dptui\mm (1)\SDF\openhitls\cmake\helpers\hitls_target_helpers.cmake", "CMake", 0, 0, 0, 0, 0, 0, 0, 0, 0, 0, 0, 35, 0, 0, 0, 0, 0, 0, 0, 5, 40
"d:\dptui\mm (1)\SDF\openhitls\cmake\hitls_build_targets.cmake", "CMake", 0, 0, 0, 0, 0, 0, 0, 0, 0, 0, 0, 182, 0, 0, 0, 0, 0, 0, 0, 18, 200
"d:\dptui\mm (1)\SDF\openhitls\cmake\hitls_collect_feature_macros.cmake", "CMake", 0, 0, 0, 0, 0, 0, 0, 0, 0, 0, 0, 46, 0, 0, 0, 0, 0, 0, 0, 11, 57
"d:\dptui\mm (1)\SDF\openhitls\cmake\hitls_compile_options.cmake", "CMake", 0, 0, 0, 0, 0, 0, 0, 0, 0, 0, 0, 161, 0, 0, 0, 0, 0, 0, 0, 18, 179
"d:\dptui\mm (1)\SDF\openhitls\cmake\hitls_config_check.cmake", "CMake", 0, 0, 0, 0, 0, 0, 0, 0, 0, 0, 0, 414, 0, 0, 0, 0, 0, 0, 0, 35, 449
"d:\dptui\mm (1)\SDF\openhitls\cmake\hitls_define_dependencies.cmake", "CMake", 0, 0, 0, 0, 0, 0, 0, 0, 0, 0, 0, 1628, 0, 0, 0, 0, 0, 0, 0, 51, 1679
"d:\dptui\mm (1)\SDF\openhitls\cmake\hitls_gen_info.cmake", "CMake", 0, 0, 0, 0, 0, 0, 0, 0, 0, 0, 0, 87, 0, 0, 0, 0, 0, 0, 0, 10, 97
"d:\dptui\mm (1)\SDF\openhitls\cmake\hitls_generate_config_h_file.cmake", "CMake", 0, 0, 0, 0, 0, 0, 0, 0, 0, 0, 0, 21, 0, 0, 0, 0, 0, 0, 0, 4, 25
"d:\dptui\mm (1)\SDF\openhitls\cmake\hitls_load_preset.cmake", "CMake", 0, 0, 0, 0, 0, 0, 0, 0, 0, 0, 0, 111, 0, 0, 0, 0, 0, 0, 0, 14, 125
"d:\dptui\mm (1)\SDF\openhitls\cmake\hitls_options.cmake", "CMake", 0, 0, 0, 0, 0, 0, 0, 0, 0, 0, 0, 641, 0, 0, 0, 0, 0, 0, 0, 51, 692
"d:\dptui\mm (1)\SDF\openhitls\cmake\hitls_platform.cmake", "CMake", 0, 0, 0, 0, 0, 0, 0, 0, 0, 0, 0, 124, 0, 0, 0, 0, 0, 0, 0, 12, 136
"d:\dptui\mm (1)\SDF\openhitls\cmake\presets\full.cmake", "CMake", 0, 0, 0, 0, 0, 0, 0, 0, 0, 0, 0, 23, 0, 0, 0, 0, 0, 0, 0, 4, 27
"d:\dptui\mm (1)\SDF\openhitls\cmake\presets\iso19790.cmake", "CMake", 0, 0, 0, 0, 0, 0, 0, 0, 0, 0, 0, 133, 0, 0, 0, 0, 0, 0, 0, 27, 160
"d:\dptui\mm (1)\SDF\openhitls\cmake\toolchain\aarch64-darwin-gcc-15.cmake", "CMake", 0, 0, 0, 0, 0, 0, 0, 0, 0, 0, 0, 13, 0, 0, 0, 0, 0, 0, 0, 5, 18
"d:\dptui\mm (1)\SDF\openhitls\cmake\toolchain\aarch64-linux-gnu-gcc.cmake", "CMake", 0, 0, 0, 0, 0, 0, 0, 0, 0, 0, 0, 27, 0, 0, 0, 0, 0, 0, 0, 8, 35
"d:\dptui\mm (1)\SDF\openhitls\cmake\toolchain\aarch64_be-none-linux-gnu-gcc.cmake", "CMake", 0, 0, 0, 0, 0, 0, 0, 0, 0, 0, 0, 53, 0, 0, 0, 0, 0, 0, 0, 11, 64
"d:\dptui\mm (1)\SDF\openhitls\cmake\toolchain\arm-linux-gnueabihf-gcc.cmake", "CMake", 0, 0, 0, 0, 0, 0, 0, 0, 0, 0, 0, 27, 0, 0, 0, 0, 0, 0, 0, 8, 35
"d:\dptui\mm (1)\SDF\openhitls\cmake\toolchain\arm-none-eabi-gcc.cmake", "CMake", 0, 0, 0, 0, 0, 0, 0, 0, 0, 0, 0, 16, 0, 0, 0, 0, 0, 0, 0, 4, 20
"d:\dptui\mm (1)\SDF\openhitls\cmake\toolchain\arm64-darwin-apple-clang.cmake", "CMake", 0, 0, 0, 0, 0, 0, 0, 0, 0, 0, 0, 13, 0, 0, 0, 0, 0, 0, 0, 5, 18
"d:\dptui\mm (1)\SDF\openhitls\cmake\toolchain\x86_64-linux-clang.cmake", "CMake", 0, 0, 0, 0, 0, 0, 0, 0, 0, 0, 0, 13, 0, 0, 0, 0, 0, 0, 0, 5, 18
"d:\dptui\mm (1)\SDF\openhitls\cmake\toolchain\x86_64-linux-gnu-gcc.cmake", "CMake", 0, 0, 0, 0, 0, 0, 0, 0, 0, 0, 0, 13, 0, 0, 0, 0, 0, 0, 0, 5, 18
"d:\dptui\mm (1)\SDF\openhitls\codecs\CMakeLists.txt", "CMake", 0, 0, 0, 0, 0, 0, 0, 0, 0, 0, 0, 26, 0, 0, 0, 0, 0, 0, 0, 8, 34
"d:\dptui\mm (1)\SDF\openhitls\codecs\include\decode_local.h", "C++", 0, 0, 0, 0, 0, 0, 0, 0, 0, 0, 0, 0, 0, 72, 0, 0, 0, 0, 18, 14, 104
"d:\dptui\mm (1)\SDF\openhitls\codecs\src\decode.c", "C", 0, 0, 0, 0, 0, 0, 0, 0, 0, 0, 214, 0, 0, 0, 0, 0, 0, 0, 18, 24, 256
"d:\dptui\mm (1)\SDF\openhitls\codecs\src\decode_chain.c", "C", 0, 0, 0, 0, 0, 0, 0, 0, 0, 0, 411, 0, 0, 0, 0, 0, 0, 0, 39, 37, 487
"d:\dptui\mm (1)\SDF\openhitls\config\macro_config\hitls_build.h", "C++", 0, 0, 0, 0, 0, 0, 0, 0, 0, 0, 0, 0, 0, 6, 0, 0, 0, 0, 14, 4, 24
"d:\dptui\mm (1)\SDF\openhitls\crypto\CMakeLists.txt", "CMake", 0, 0, 0, 0, 0, 0, 0, 0, 0, 0, 0, 239, 0, 0, 0, 0, 0, 0, 0, 70, 309
"d:\dptui\mm (1)\SDF\openhitls\crypto\aes\CMakeLists.txt", "CMake", 0, 0, 0, 0, 0, 0, 0, 0, 0, 0, 0, 64, 0, 0, 0, 0, 0, 0, 0, 9, 73
"d:\dptui\mm (1)\SDF\openhitls\crypto\aes\include\crypt_aes.h", "C++", 0, 0, 0, 0, 0, 0, 0, 0, 0, 0, 0, 0, 0, 51, 0, 0, 0, 0, 171, 28, 250
"d:\dptui\mm (1)\SDF\openhitls\crypto\aes\src\asm\crypt_aes_armv8.S", "Assembly", 0, 0, 0, 0, 0, 0, 0, 0, 0, 0, 0, 0, 0, 0, 0, 387, 0, 0, 0, 35, 422
"d:\dptui\mm (1)\SDF\openhitls\crypto\aes\src\asm\crypt_aes_cbc_armv8.S", "Assembly", 0, 0, 0, 0, 0, 0, 0, 0, 0, 0, 0, 0, 0, 0, 0, 439, 0, 0, 0, 47, 486
"d:\dptui\mm (1)\SDF\openhitls\crypto\aes\src\asm\crypt_aes_cbc_x86_64.S", "Assembly", 0, 0, 0, 0, 0, 0, 0, 0, 0, 0, 0, 0, 0, 0, 0, 473, 0, 0, 0, 26, 499
"d:\dptui\mm (1)\SDF\openhitls\crypto\aes\src\asm\crypt_aes_cfb_armv8.S", "Assembly", 0, 0, 0, 0, 0, 0, 0, 0, 0, 0, 0, 0, 0, 0, 0, 233, 0, 0, 0, 62, 295
"d:\dptui\mm (1)\SDF\openhitls\crypto\aes\src\asm\crypt_aes_ctr_armv8.S", "Assembly", 0, 0, 0, 0, 0, 0, 0, 0, 0, 0, 0, 0, 0, 0, 0, 275, 0, 0, 0, 75, 350
"d:\dptui\mm (1)\SDF\openhitls\crypto\aes\src\asm\crypt_aes_ctr_x86_64.S", "Assembly", 0, 0, 0, 0, 0, 0, 0, 0, 0, 0, 0, 0, 0, 0, 0, 574, 0, 0, 0, 42, 616
"d:\dptui\mm (1)\SDF\openhitls\crypto\aes\src\asm\crypt_aes_ecb_armv8.S", "Assembly", 0, 0, 0, 0, 0, 0, 0, 0, 0, 0, 0, 0, 0, 0, 0, 261, 0, 0, 0, 40, 301
"d:\dptui\mm (1)\SDF\openhitls\crypto\aes\src\asm\crypt_aes_ecb_x86_64.S", "Assembly", 0, 0, 0, 0, 0, 0, 0, 0, 0, 0, 0, 0, 0, 0, 0, 510, 0, 0, 0, 38, 548
"d:\dptui\mm (1)\SDF\openhitls\crypto\aes\src\asm\crypt_aes_macro_armv8.s", "Assembly", 0, 0, 0, 0, 0, 0, 0, 0, 0, 0, 0, 0, 0, 0, 0, 841, 0, 0, 0, 108, 949
"d:\dptui\mm (1)\SDF\openhitls\crypto\aes\src\asm\crypt_aes_macro_x86_64.s", "Assembly", 0, 0, 0, 0, 0, 0, 0, 0, 0, 0, 0, 0, 0, 0, 0, 415, 0, 0, 0, 23, 438
"d:\dptui\mm (1)\SDF\openhitls\crypto\aes\src\asm\crypt_aes_x86_64.S", "Assembly", 0, 0, 0, 0, 0, 0, 0, 0, 0, 0, 0, 0, 0, 0, 0, 916, 0, 0, 0, 140, 1056
"d:\dptui\mm (1)\SDF\openhitls\crypto\aes\src\asm\crypt_aes_xts_armv8.S", "Assembly", 0, 0, 0, 0, 0, 0, 0, 0, 0, 0, 0, 0, 0, 0, 0, 835, 0, 0, 0, 168, 1003
"d:\dptui\mm (1)\SDF\openhitls\crypto\aes\src\asm\crypt_aes_xts_x86_64.S", "Assembly", 0, 0, 0, 0, 0, 0, 0, 0, 0, 0, 0, 0, 0, 0, 0, 906, 0, 0, 0, 84, 990
"d:\dptui\mm (1)\SDF\openhitls\crypto\aes\src\crypt_aes.c", "C", 0, 0, 0, 0, 0, 0, 0, 0, 0, 0, 85, 0, 0, 0, 0, 0, 0, 0, 14, 11, 110
"d:\dptui\mm (1)\SDF\openhitls\crypto\aes\src\crypt_aes_local.h", "C++", 0, 0, 0, 0, 0, 0, 0, 0, 0, 0, 0, 0, 0, 13, 0, 0, 0, 0, 14, 12, 39
"d:\dptui\mm (1)\SDF\openhitls\crypto\aes\src\crypt_aes_sbox.c", "C", 0, 0, 0, 0, 0, 0, 0, 0, 0, 0, 211, 0, 0, 0, 0, 0, 0, 0, 16, 30, 257
"d:\dptui\mm (1)\SDF\openhitls\crypto\aes\src\crypt_aes_sbox.h", "C++", 0, 0, 0, 0, 0, 0, 0, 0, 0, 0, 0, 0, 0, 10, 0, 0, 0, 0, 14, 6, 30
"d:\dptui\mm (1)\SDF\openhitls\crypto\aes\src\crypt_aes_setkey.c", "C", 0, 0, 0, 0, 0, 0, 0, 0, 0, 0, 90, 0, 0, 0, 0, 0, 0, 0, 14, 10, 114
"d:\dptui\mm (1)\SDF\openhitls\crypto\aes\src\crypt_aes_tbox.c", "C", 0, 0, 0, 0, 0, 0, 0, 0, 0, 0, 779, 0, 0, 0, 0, 0, 0, 0, 27, 40, 846
"d:\dptui\mm (1)\SDF\openhitls\crypto\aes\src\crypt_aes_tbox.h", "C++", 0, 0, 0, 0, 0, 0, 0, 0, 0, 0, 0, 0, 0, 10, 0, 0, 0, 0, 14, 5, 29
"d:\dptui\mm (1)\SDF\openhitls\crypto\bn\CMakeLists.txt", "CMake", 0, 0, 0, 0, 0, 0, 0, 0, 0, 0, 0, 71, 0, 0, 0, 0, 0, 0, 0, 8, 79
"d:\dptui\mm (1)\SDF\openhitls\crypto\bn\include\crypt_bn.h", "C++", 0, 0, 0, 0, 0, 0, 0, 0, 0, 0, 0, 0, 0, 207, 0, 0, 0, 0, 1206, 121, 1534
"d:\dptui\mm (1)\SDF\openhitls\crypto\bn\src\armv8_bn_bincal.c", "C", 0, 0, 0, 0, 0, 0, 0, 0, 0, 0, 129, 0, 0, 0, 0, 0, 0, 0, 18, 13, 160
"d:\dptui\mm (1)\SDF\openhitls\crypto\bn\src\asm\bn_mont_armv8.S", "Assembly", 0, 0, 0, 0, 0, 0, 0, 0, 0, 0, 0, 0, 0, 0, 0, 1194, 0, 0, 0, 236, 1430
"d:\dptui\mm (1)\SDF\openhitls\crypto\bn\src\asm\bn_mont_x86_64.S", "Assembly", 0, 0, 0, 0, 0, 0, 0, 0, 0, 0, 0, 0, 0, 0, 0, 1151, 0, 0, 0, 202, 1353
"d:\dptui\mm (1)\SDF\openhitls\crypto\bn\src\asm\bn_montx_x86_64.S", "Assembly", 0, 0, 0, 0, 0, 0, 0, 0, 0, 0, 0, 0, 0, 0, 0, 1114, 0, 0, 0, 286, 1400
"d:\dptui\mm (1)\SDF\openhitls\crypto\bn\src\asm_bn_mont.c", "C", 0, 0, 0, 0, 0, 0, 0, 0, 0, 0, 68, 0, 0, 0, 0, 0, 0, 0, 14, 6, 88
"d:\dptui\mm (1)\SDF\openhitls\crypto\bn\src\bn_asm.h", "C++", 0, 0, 0, 0, 0, 0, 0, 0, 0, 0, 0, 0, 0, 19, 0, 0, 0, 0, 32, 8, 59
"d:\dptui\mm (1)\SDF\openhitls\crypto\bn\src\bn_basic.c", "C", 0, 0, 0, 0, 0, 0, 0, 0, 0, 0, 401, 0, 0, 0, 0, 0, 0, 0, 21, 36, 458
"d:\dptui\mm (1)\SDF\openhitls\crypto\bn\src\bn_basic.h", "C++", 0, 0, 0, 0, 0, 0, 0, 0, 0, 0, 0, 0, 0, 32, 0, 0, 0, 0, 16, 11, 59
"d:\dptui\mm (1)\SDF\openhitls\crypto\bn\src\bn_bincal.c", "C", 0, 0, 0, 0, 0, 0, 0, 0, 0, 0, 256, 0, 0, 0, 0, 0, 0, 0, 78, 16, 350
"d:\dptui\mm (1)\SDF\openhitls\crypto\bn\src\bn_bincal.h", "C++", 0, 0, 0, 0, 0, 0, 0, 0, 0, 0, 0, 0, 0, 111, 0, 0, 0, 0, 31, 46, 188
"d:\dptui\mm (1)\SDF\openhitls\crypto\bn\src\bn_bincal_armv8.h", "C++", 0, 0, 0, 0, 0, 0, 0, 0, 0, 0, 0, 0, 0, 129, 0, 0, 0, 0, 24, 13, 166
"d:\dptui\mm (1)\SDF\openhitls\crypto\bn\src\bn_bincal_noasm.h", "C++", 0, 0, 0, 0, 0, 0, 0, 0, 0, 0, 0, 0, 0, 161, 0, 0, 0, 0, 23, 15, 199
"d:\dptui\mm (1)\SDF\openhitls\crypto\bn\src\bn_bincal_x8664.h", "C++", 0, 0, 0, 0, 0, 0, 0, 0, 0, 0, 0, 0, 0, 90, 0, 0, 0, 0, 28, 15, 133
"d:\dptui\mm (1)\SDF\openhitls\crypto\bn\src\bn_comba.c", "C", 0, 0, 0, 0, 0, 0, 0, 0, 0, 0, 515, 0, 0, 0, 0, 0, 0, 0, 63, 80, 658
"d:\dptui\mm (1)\SDF\openhitls\crypto\bn\src\bn_const.c", "C", 0, 0, 0, 0, 0, 0, 0, 0, 0, 0, 322, 0, 0, 0, 0, 0, 0, 0, 28, 25, 375
"d:\dptui\mm (1)\SDF\openhitls\crypto\bn\src\bn_gcd.c", "C", 0, 0, 0, 0, 0, 0, 0, 0, 0, 0, 254, 0, 0, 0, 0, 0, 0, 0, 26, 14, 294
"d:\dptui\mm (1)\SDF\openhitls\crypto\bn\src\bn_mont.c", "C", 0, 0, 0, 0, 0, 0, 0, 0, 0, 0, 700, 0, 0, 0, 0, 0, 0, 0, 59, 59, 818
"d:\dptui\mm (1)\SDF\openhitls\crypto\bn\src\bn_montbin.h", "C++", 0, 0, 0, 0, 0, 0, 0, 0, 0, 0, 0, 0, 0, 19, 0, 0, 0, 0, 18, 11, 48
"d:\dptui\mm (1)\SDF\openhitls\crypto\bn\src\bn_nistmod.c", "C", 0, 0, 0, 0, 0, 0, 0, 0, 0, 0, 780, 0, 0, 0, 0, 0, 0, 0, 205, 68, 1053
"d:\dptui\mm (1)\SDF\openhitls\crypto\bn\src\bn_operation.c", "C", 0, 0, 0, 0, 0, 0, 0, 0, 0, 0, 866, 0, 0, 0, 0, 0, 0, 0, 44, 68, 978
"d:\dptui\mm (1)\SDF\openhitls\crypto\bn\src\bn_optimizer.c", "C", 0, 0, 0, 0, 0, 0, 0, 0, 0, 0, 171, 0, 0, 0, 0, 0, 0, 0, 19, 13, 203
"d:\dptui\mm (1)\SDF\openhitls\crypto\bn\src\bn_optimizer.h", "C++", 0, 0, 0, 0, 0, 0, 0, 0, 0, 0, 0, 0, 0, 29, 0, 0, 0, 0, 35, 12, 76
"d:\dptui\mm (1)\SDF\openhitls\crypto\bn\src\bn_prime.c", "C", 0, 0, 0, 0, 0, 0, 0, 0, 0, 0, 487, 0, 0, 0, 0, 0, 0, 0, 65, 15, 567
"d:\dptui\mm (1)\SDF\openhitls\crypto\bn\src\bn_rand.c", "C", 0, 0, 0, 0, 0, 0, 0, 0, 0, 0, 151, 0, 0, 0, 0, 0, 0, 0, 17, 15, 183
"d:\dptui\mm (1)\SDF\openhitls\crypto\bn\src\bn_sqrt.c", "C", 0, 0, 0, 0, 0, 0, 0, 0, 0, 0, 289, 0, 0, 0, 0, 0, 0, 0, 48, 30, 367
"d:\dptui\mm (1)\SDF\openhitls\crypto\bn\src\bn_ucal.c", "C", 0, 0, 0, 0, 0, 0, 0, 0, 0, 0, 73, 0, 0, 0, 0, 0, 0, 0, 18, 12, 103
"d:\dptui\mm (1)\SDF\openhitls\crypto\bn\src\bn_ucal.h", "C++", 0, 0, 0, 0, 0, 0, 0, 0, 0, 0, 0, 0, 0, 16, 0, 0, 0, 0, 17, 10, 43
"d:\dptui\mm (1)\SDF\openhitls\crypto\bn\src\bn_utils.c", "C", 0, 0, 0, 0, 0, 0, 0, 0, 0, 0, 564, 0, 0, 0, 0, 0, 0, 0, 48, 52, 664
"d:\dptui\mm (1)\SDF\openhitls\crypto\bn\src\noasm_bn_bincal.c", "C", 0, 0, 0, 0, 0, 0, 0, 0, 0, 0, 83, 0, 0, 0, 0, 0, 0, 0, 18, 8, 109
"d:\dptui\mm (1)\SDF\openhitls\crypto\bn\src\noasm_bn_mont.c", "C", 0, 0, 0, 0, 0, 0, 0, 0, 0, 0, 24, 0, 0, 0, 0, 0, 0, 0, 15, 8, 47
"d:\dptui\mm (1)\SDF\openhitls\crypto\bn\src\x8664_bn_bincal.c", "C", 0, 0, 0, 0, 0, 0, 0, 0, 0, 0, 121, 0, 0, 0, 0, 0, 0, 0, 18, 12, 151
"d:\dptui\mm (1)\SDF\openhitls\crypto\chacha20\CMakeLists.txt", "CMake", 0, 0, 0, 0, 0, 0, 0, 0, 0, 0, 0, 36, 0, 0, 0, 0, 0, 0, 0, 8, 44
"d:\dptui\mm (1)\SDF\openhitls\crypto\chacha20\include\crypt_chacha20.h", "C++", 0, 0, 0, 0, 0, 0, 0, 0, 0, 0, 0, 0, 0, 32, 0, 0, 0, 0, 14, 14, 60
"d:\dptui\mm (1)\SDF\openhitls\crypto\chacha20\src\asm\chacha20_256block_aarch64.S", "Assembly", 0, 0, 0, 0, 0, 0, 0, 0, 0, 0, 0, 0, 0, 0, 0, 292, 0, 0, 0, 46, 338
"d:\dptui\mm (1)\SDF\openhitls\crypto\chacha20\src\asm\chacha20_512block_aarch64.S", "Assembly", 0, 0, 0, 0, 0, 0, 0, 0, 0, 0, 0, 0, 0, 0, 0, 388, 0, 0, 0, 35, 423
"d:\dptui\mm (1)\SDF\openhitls\crypto\chacha20\src\asm\chacha20_64block_aarch64.S", "Assembly", 0, 0, 0, 0, 0, 0, 0, 0, 0, 0, 0, 0, 0, 0, 0, 90, 0, 0, 0, 14, 104
"d:\dptui\mm (1)\SDF\openhitls\crypto\chacha20\src\asm\chacha20_aarch64.S", "Assembly", 0, 0, 0, 0, 0, 0, 0, 0, 0, 0, 0, 0, 0, 0, 0, 341, 0, 0, 0, 42, 383
"d:\dptui\mm (1)\SDF\openhitls\crypto\chacha20\src\asm\chacha20_common_aarch64.S", "Assembly", 0, 0, 0, 0, 0, 0, 0, 0, 0, 0, 0, 0, 0, 0, 0, 207, 0, 0, 0, 27, 234
"d:\dptui\mm (1)\SDF\openhitls\crypto\chacha20\src\asm\chacha20_x8664_common.S", "Assembly", 0, 0, 0, 0, 0, 0, 0, 0, 0, 0, 0, 0, 0, 0, 0, 311, 0, 0, 0, 38, 349
"d:\dptui\mm (1)\SDF\openhitls\crypto\chacha20\src\asm\chacha20block_x8664_avx2.S", "Assembly", 0, 0, 0, 0, 0, 0, 0, 0, 0, 0, 0, 0, 0, 0, 0, 505, 0, 0, 0, 105, 610
"d:\dptui\mm (1)\SDF\openhitls\crypto\chacha20\src\asm\chacha20block_x8664_avx512.S", "Assembly", 0, 0, 0, 0, 0, 0, 0, 0, 0, 0, 0, 0, 0, 0, 0, 529, 0, 0, 0, 87, 616
"d:\dptui\mm (1)\SDF\openhitls\crypto\chacha20\src\chacha20.c", "C", 0, 0, 0, 0, 0, 0, 0, 0, 0, 0, 185, 0, 0, 0, 0, 0, 0, 0, 57, 14, 256
"d:\dptui\mm (1)\SDF\openhitls\crypto\chacha20\src\chacha20_local.h", "C++", 0, 0, 0, 0, 0, 0, 0, 0, 0, 0, 0, 0, 0, 10, 0, 0, 0, 0, 14, 8, 32
"d:\dptui\mm (1)\SDF\openhitls\crypto\chacha20\src\chacha20block.c", "C", 0, 0, 0, 0, 0, 0, 0, 0, 0, 0, 19, 0, 0, 0, 0, 0, 0, 0, 16, 4, 39
"d:\dptui\mm (1)\SDF\openhitls\crypto\cmac\CMakeLists.txt", "CMake", 0, 0, 0, 0, 0, 0, 0, 0, 0, 0, 0, 32, 0, 0, 0, 0, 0, 0, 0, 7, 39
"d:\dptui\mm (1)\SDF\openhitls\crypto\cmac\include\crypt_cbc_mac.h", "C++", 0, 0, 0, 0, 0, 0, 0, 0, 0, 0, 0, 0, 0, 28, 0, 0, 0, 0, 90, 19, 137
"d:\dptui\mm (1)\SDF\openhitls\crypto\cmac\include\crypt_cmac.h", "C++", 0, 0, 0, 0, 0, 0, 0, 0, 0, 0, 0, 0, 0, 27, 0, 0, 0, 0, 98, 17, 142
"d:\dptui\mm (1)\SDF\openhitls\crypto\cmac\src\cbc_mac.c", "C", 0, 0, 0, 0, 0, 0, 0, 0, 0, 0, 173, 0, 0, 0, 0, 0, 0, 0, 14, 17, 204
"d:\dptui\mm (1)\SDF\openhitls\crypto\cmac\src\cipher_mac_common.c", "C", 0, 0, 0, 0, 0, 0, 0, 0, 0, 0, 138, 0, 0, 0, 0, 0, 0, 0, 15, 13, 166
"d:\dptui\mm (1)\SDF\openhitls\crypto\cmac\src\cipher_mac_common.h", "C++", 0, 0, 0, 0, 0, 0, 0, 0, 0, 0, 0, 0, 0, 37, 0, 0, 0, 0, 15, 18, 70
"d:\dptui\mm (1)\SDF\openhitls\crypto\cmac\src\cmac.c", "C", 0, 0, 0, 0, 0, 0, 0, 0, 0, 0, 170, 0, 0, 0, 0, 0, 0, 0, 15, 24, 209
"d:\dptui\mm (1)\SDF\openhitls\crypto\codecsdata\CMakeLists.txt", "CMake", 0, 0, 0, 0, 0, 0, 0, 0, 0, 0, 0, 27, 0, 0, 0, 0, 0, 0, 0, 7, 34
"d:\dptui\mm (1)\SDF\openhitls\crypto\codecsdata\include\crypt_encode.h", "C++", 0, 0, 0, 0, 0, 0, 0, 0, 0, 0, 0, 0, 0, 34, 0, 0, 0, 0, 66, 14, 114
"d:\dptui\mm (1)\SDF\openhitls\crypto\codecsdata\src\crypt_encode.c", "C", 0, 0, 0, 0, 0, 0, 0, 0, 0, 0, 298, 0, 0, 0, 0, 0, 0, 0, 47, 53, 398
"d:\dptui\mm (1)\SDF\openhitls\crypto\codecskey\CMakeLists.txt", "CMake", 0, 0, 0, 0, 0, 0, 0, 0, 0, 0, 0, 60, 0, 0, 0, 0, 0, 0, 0, 7, 67
"d:\dptui\mm (1)\SDF\openhitls\crypto\codecskey\include\crypt_codecskey.h", "C++", 0, 0, 0, 0, 0, 0, 0, 0, 0, 0, 0, 0, 0, 68, 0, 0, 0, 0, 16, 28, 112
"d:\dptui\mm (1)\SDF\openhitls\crypto\codecskey\include\crypt_decoder.h", "C++", 0, 0, 0, 0, 0, 0, 0, 0, 0, 0, 0, 0, 0, 109, 0, 0, 0, 0, 14, 24, 147
"d:\dptui\mm (1)\SDF\openhitls\crypto\codecskey\src\crypt_codecskey.c", "C", 0, 0, 0, 0, 0, 0, 0, 0, 0, 0, 678, 0, 0, 0, 0, 0, 0, 0, 21, 53, 752
"d:\dptui\mm (1)\SDF\openhitls\crypto\codecskey\src\crypt_codecskey_local.c", "C", 0, 0, 0, 0, 0, 0, 0, 0, 0, 0, 2627, 0, 0, 0, 0, 0, 0, 0, 69, 131, 2827
"d:\dptui\mm (1)\SDF\openhitls\crypto\codecskey\src\crypt_codecskey_local.h", "C++", 0, 0, 0, 0, 0, 0, 0, 0, 0, 0, 0, 0, 0, 272, 0, 0, 0, 0, 14, 66, 352
"d:\dptui\mm (1)\SDF\openhitls\crypto\codecskey\src\crypt_codecskey_print.c", "C", 0, 0, 0, 0, 0, 0, 0, 0, 0, 0, 199, 0, 0, 0, 0, 0, 0, 0, 22, 23, 244
"d:\dptui\mm (1)\SDF\openhitls\crypto\codecskey\src\crypt_codecskey_utils.c", "C", 0, 0, 0, 0, 0, 0, 0, 0, 0, 0, 1139, 0, 0, 0, 0, 0, 0, 0, 141, 96, 1376
"d:\dptui\mm (1)\SDF\openhitls\crypto\codecskey\src\crypt_decoder_composite.c", "C", 0, 0, 0, 0, 0, 0, 0, 0, 0, 0, 87, 0, 0, 0, 0, 0, 0, 0, 14, 4, 105
"d:\dptui\mm (1)\SDF\openhitls\crypto\codecskey\src\crypt_decoder_der2key.c", "C", 0, 0, 0, 0, 0, 0, 0, 0, 0, 0, 404, 0, 0, 0, 0, 0, 0, 0, 14, 30, 448
"d:\dptui\mm (1)\SDF\openhitls\crypto\codecskey\src\crypt_decoder_ecc.c", "C", 0, 0, 0, 0, 0, 0, 0, 0, 0, 0, 431, 0, 0, 0, 0, 0, 0, 0, 21, 26, 478
"d:\dptui\mm (1)\SDF\openhitls\crypto\codecskey\src\crypt_decoder_epki2pki.c", "C", 0, 0, 0, 0, 0, 0, 0, 0, 0, 0, 120, 0, 0, 0, 0, 0, 0, 0, 14, 11, 145
"d:\dptui\mm (1)\SDF\openhitls\crypto\codecskey\src\crypt_decoder_local.h", "C++", 0, 0, 0, 0, 0, 0, 0, 0, 0, 0, 0, 0, 0, 53, 0, 0, 0, 0, 14, 17, 84
"d:\dptui\mm (1)\SDF\openhitls\crypto\codecskey\src\crypt_decoder_lowkey2pkey.c", "C", 0, 0, 0, 0, 0, 0, 0, 0, 0, 0, 283, 0, 0, 0, 0, 0, 0, 0, 15, 24, 322
"d:\dptui\mm (1)\SDF\openhitls\crypto\codecskey\src\crypt_decoder_pem2der.c", "C", 0, 0, 0, 0, 0, 0, 0, 0, 0, 0, 110, 0, 0, 0, 0, 0, 0, 0, 15, 11, 136
"d:\dptui\mm (1)\SDF\openhitls\crypto\codecskey\src\crypt_decoder_pqc.c", "C", 0, 0, 0, 0, 0, 0, 0, 0, 0, 0, 443, 0, 0, 0, 0, 0, 0, 0, 16, 32, 491
"d:\dptui\mm (1)\SDF\openhitls\crypto\codecskey\src\crypt_decoder_rsa.c", "C", 0, 0, 0, 0, 0, 0, 0, 0, 0, 0, 201, 0, 0, 0, 0, 0, 0, 0, 16, 22, 239
"d:\dptui\mm (1)\SDF\openhitls\crypto\composite\CMakeLists.txt", "CMake", 0, 0, 0, 0, 0, 0, 0, 0, 0, 0, 0, 31, 0, 0, 0, 0, 0, 0, 0, 7, 38
"d:\dptui\mm (1)\SDF\openhitls\crypto\composite\include\crypt_composite.h", "C++", 0, 0, 0, 0, 0, 0, 0, 0, 0, 0, 0, 0, 0, 37, 0, 0, 0, 0, 14, 20, 71
"d:\dptui\mm (1)\SDF\openhitls\crypto\composite\src\composite.c", "C", 0, 0, 0, 0, 0, 0, 0, 0, 0, 0, 685, 0, 0, 0, 0, 0, 0, 0, 14, 37, 736
"d:\dptui\mm (1)\SDF\openhitls\crypto\composite\src\composite_encdec.c", "C", 0, 0, 0, 0, 0, 0, 0, 0, 0, 0, 479, 0, 0, 0, 0, 0, 0, 0, 14, 38, 531
"d:\dptui\mm (1)\SDF\openhitls\crypto\composite\src\composite_local.h", "C++", 0, 0, 0, 0, 0, 0, 0, 0, 0, 0, 0, 0, 0, 62, 0, 0, 0, 0, 14, 11, 87
"d:\dptui\mm (1)\SDF\openhitls\crypto\curve25519\CMakeLists.txt", "CMake", 0, 0, 0, 0, 0, 0, 0, 0, 0, 0, 0, 50, 0, 0, 0, 0, 0, 0, 0, 8, 58
"d:\dptui\mm (1)\SDF\openhitls\crypto\curve25519\include\crypt_curve25519.h", "C++", 0, 0, 0, 0, 0, 0, 0, 0, 0, 0, 0, 0, 0, 69, 0, 0, 0, 0, 314, 40, 423
"d:\dptui\mm (1)\SDF\openhitls\crypto\curve25519\src\asm\x25519_armv8.S", "Assembly", 0, 0, 0, 0, 0, 0, 0, 0, 0, 0, 0, 0, 0, 0, 0, 335, 0, 0, 0, 59, 394
"d:\dptui\mm (1)\SDF\openhitls\crypto\curve25519\src\asm\x25519_armv8_neon_interleave.S", "Assembly", 0, 0, 0, 0, 0, 0, 0, 0, 0, 0, 0, 0, 0, 0, 0, 2749, 0, 0, 0, 189, 2938
"d:\dptui\mm (1)\SDF\openhitls\crypto\curve25519\src\asm\x25519_x86_64.S", "Assembly", 0, 0, 0, 0, 0, 0, 0, 0, 0, 0, 0, 0, 0, 0, 0, 752, 0, 0, 0, 121, 873
"d:\dptui\mm (1)\SDF\openhitls\crypto\curve25519\src\asm_curve25519_ops.c", "C", 0, 0, 0, 0, 0, 0, 0, 0, 0, 0, 357, 0, 0, 0, 0, 0, 0, 0, 59, 74, 490
"d:\dptui\mm (1)\SDF\openhitls\crypto\curve25519\src\curve25519.c", "C", 0, 0, 0, 0, 0, 0, 0, 0, 0, 0, 752, 0, 0, 0, 0, 0, 0, 0, 57, 114, 923
"d:\dptui\mm (1)\SDF\openhitls\crypto\curve25519\src\curve25519_local.h", "C++", 0, 0, 0, 0, 0, 0, 0, 0, 0, 0, 0, 0, 0, 328, 0, 0, 0, 0, 40, 64, 432
"d:\dptui\mm (1)\SDF\openhitls\crypto\curve25519\src\curve25519_op.c", "C", 0, 0, 0, 0, 0, 0, 0, 0, 0, 0, 1174, 0, 0, 0, 0, 0, 0, 0, 211, 237, 1622
"d:\dptui\mm (1)\SDF\openhitls\crypto\curve25519\src\curve25519_table.c", "C", 0, 0, 0, 0, 0, 0, 0, 0, 0, 0, 1376, 0, 0, 0, 0, 0, 0, 0, 24, 5, 1405
"d:\dptui\mm (1)\SDF\openhitls\crypto\curve25519\src\noasm_curve25519_fp51_ops.c", "C", 0, 0, 0, 0, 0, 0, 0, 0, 0, 0, 366, 0, 0, 0, 0, 0, 0, 0, 86, 83, 535
"d:\dptui\mm (1)\SDF\openhitls\crypto\curve25519\src\x25519_asm.h", "C++", 0, 0, 0, 0, 0, 0, 0, 0, 0, 0, 0, 0, 0, 28, 0, 0, 0, 0, 108, 21, 157
"d:\dptui\mm (1)\SDF\openhitls\crypto\dh\CMakeLists.txt", "CMake", 0, 0, 0, 0, 0, 0, 0, 0, 0, 0, 0, 27, 0, 0, 0, 0, 0, 0, 0, 7, 34
"d:\dptui\mm (1)\SDF\openhitls\crypto\dh\include\crypt_dh.h", "C++", 0, 0, 0, 0, 0, 0, 0, 0, 0, 0, 0, 0, 0, 58, 0, 0, 0, 0, 331, 39, 428
"d:\dptui\mm (1)\SDF\openhitls\crypto\dh\src\dh_core.c", "C", 0, 0, 0, 0, 0, 0, 0, 0, 0, 0, 924, 0, 0, 0, 0, 0, 0, 0, 65, 64, 1053
"d:\dptui\mm (1)\SDF\openhitls\crypto\dh\src\dh_local.h", "C++", 0, 0, 0, 0, 0, 0, 0, 0, 0, 0, 0, 0, 0, 32, 0, 0, 0, 0, 16, 11, 59
"d:\dptui\mm (1)\SDF\openhitls\crypto\dh\src\dh_para.c", "C", 0, 0, 0, 0, 0, 0, 0, 0, 0, 0, 856, 0, 0, 0, 0, 0, 0, 0, 24, 32, 912
"d:\dptui\mm (1)\SDF\openhitls\crypto\drbg\CMakeLists.txt", "CMake", 0, 0, 0, 0, 0, 0, 0, 0, 0, 0, 0, 35, 0, 0, 0, 0, 0, 0, 0, 7, 42
"d:\dptui\mm (1)\SDF\openhitls\crypto\drbg\include\crypt_drbg.h", "C++", 0, 0, 0, 0, 0, 0, 0, 0, 0, 0, 0, 0, 0, 93, 0, 0, 0, 0, 150, 35, 278
"d:\dptui\mm (1)\SDF\openhitls\crypto\drbg\src\drbg.c", "C", 0, 0, 0, 0, 0, 0, 0, 0, 0, 0, 539, 0, 0, 0, 0, 0, 0, 0, 22, 78, 639
"d:\dptui\mm (1)\SDF\openhitls\crypto\drbg\src\drbg_ctr.c", "C", 0, 0, 0, 0, 0, 0, 0, 0, 0, 0, 466, 0, 0, 0, 0, 0, 0, 0, 89, 102, 657
"d:\dptui\mm (1)\SDF\openhitls\crypto\drbg\src\drbg_hash.c", "C", 0, 0, 0, 0, 0, 0, 0, 0, 0, 0, 392, 0, 0, 0, 0, 0, 0, 0, 53, 68, 513
"d:\dptui\mm (1)\SDF\openhitls\crypto\drbg\src\drbg_hmac.c", "C", 0, 0, 0, 0, 0, 0, 0, 0, 0, 0, 289, 0, 0, 0, 0, 0, 0, 0, 54, 37, 380
"d:\dptui\mm (1)\SDF\openhitls\crypto\drbg\src\drbg_local.h", "C++", 0, 0, 0, 0, 0, 0, 0, 0, 0, 0, 0, 0, 0, 68, 0, 0, 0, 0, 60, 24, 152
"d:\dptui\mm (1)\SDF\openhitls\crypto\dsa\CMakeLists.txt", "CMake", 0, 0, 0, 0, 0, 0, 0, 0, 0, 0, 0, 28, 0, 0, 0, 0, 0, 0, 0, 7, 35
"d:\dptui\mm (1)\SDF\openhitls\crypto\dsa\include\crypt_dsa.h", "C++", 0, 0, 0, 0, 0, 0, 0, 0, 0, 0, 0, 0, 0, 72, 0, 0, 0, 0, 374, 45, 491
"d:\dptui\mm (1)\SDF\openhitls\crypto\dsa\src\dsa_core.c", "C", 0, 0, 0, 0, 0, 0, 0, 0, 0, 0, 1551, 0, 0, 0, 0, 0, 0, 0, 77, 82, 1710
"d:\dptui\mm (1)\SDF\openhitls\crypto\dsa\src\dsa_local.h", "C++", 0, 0, 0, 0, 0, 0, 0, 0, 0, 0, 0, 0, 0, 34, 0, 0, 0, 0, 16, 11, 61
"d:\dptui\mm (1)\SDF\openhitls\crypto\eal\CMakeLists.txt", "CMake", 0, 0, 0, 0, 0, 0, 0, 0, 0, 0, 0, 121, 0, 0, 0, 0, 0, 0, 0, 7, 128
"d:\dptui\mm (1)\SDF\openhitls\crypto\eal\include\eal_pkey.h", "C++", 0, 0, 0, 0, 0, 0, 0, 0, 0, 0, 0, 0, 0, 31, 0, 0, 0, 0, 32, 11, 74
"d:\dptui\mm (1)\SDF\openhitls\crypto\eal\src\eal_cipher.c", "C", 0, 0, 0, 0, 0, 0, 0, 0, 0, 0, 408, 0, 0, 0, 0, 0, 0, 0, 32, 51, 491
"d:\dptui\mm (1)\SDF\openhitls\crypto\eal\src\eal_cipher_local.h", "C++", 0, 0, 0, 0, 0, 0, 0, 0, 0, 0, 0, 0, 0, 43, 0, 0, 0, 0, 68, 18, 129
"d:\dptui\mm (1)\SDF\openhitls\crypto\eal\src\eal_cipher_method.c", "C", 0, 0, 0, 0, 0, 0, 0, 0, 0, 0, 629, 0, 0, 0, 0, 0, 0, 0, 21, 37, 687
"d:\dptui\mm (1)\SDF\openhitls\crypto\eal\src\eal_common.c", "C", 0, 0, 0, 0, 0, 0, 0, 0, 0, 0, 25, 0, 0, 0, 0, 0, 0, 0, 14, 5, 44
"d:\dptui\mm (1)\SDF\openhitls\crypto\eal\src\eal_common.h", "C++", 0, 0, 0, 0, 0, 0, 0, 0, 0, 0, 0, 0, 0, 30, 0, 0, 0, 0, 14, 14, 58
"d:\dptui\mm (1)\SDF\openhitls\crypto\eal\src\eal_drbg_local.h", "C++", 0, 0, 0, 0, 0, 0, 0, 0, 0, 0, 0, 0, 0, 39, 0, 0, 0, 0, 30, 17, 86
"d:\dptui\mm (1)\SDF\openhitls\crypto\eal\src\eal_entropy.c", "C", 0, 0, 0, 0, 0, 0, 0, 0, 0, 0, 171, 0, 0, 0, 0, 0, 0, 0, 23, 18, 212
"d:\dptui\mm (1)\SDF\openhitls\crypto\eal\src\eal_entropy.h", "C++", 0, 0, 0, 0, 0, 0, 0, 0, 0, 0, 0, 0, 0, 47, 0, 0, 0, 0, 70, 17, 134
"d:\dptui\mm (1)\SDF\openhitls\crypto\eal\src\eal_entropyPool.c", "C", 0, 0, 0, 0, 0, 0, 0, 0, 0, 0, 307, 0, 0, 0, 0, 0, 0, 0, 14, 24, 345
"d:\dptui\mm (1)\SDF\openhitls\crypto\eal\src\eal_entropy_ecf.c", "C", 0, 0, 0, 0, 0, 0, 0, 0, 0, 0, 52, 0, 0, 0, 0, 0, 0, 0, 18, 7, 77
"d:\dptui\mm (1)\SDF\openhitls\crypto\eal\src\eal_kdf.c", "C", 0, 0, 0, 0, 0, 0, 0, 0, 0, 0, 185, 0, 0, 0, 0, 0, 0, 0, 14, 22, 221
"d:\dptui\mm (1)\SDF\openhitls\crypto\eal\src\eal_kdf_local.h", "C++", 0, 0, 0, 0, 0, 0, 0, 0, 0, 0, 0, 0, 0, 23, 0, 0, 0, 0, 37, 11, 71
"d:\dptui\mm (1)\SDF\openhitls\crypto\eal\src\eal_kdf_method.c", "C", 0, 0, 0, 0, 0, 0, 0, 0, 0, 0, 122, 0, 0, 0, 0, 0, 0, 0, 14, 17, 153
"d:\dptui\mm (1)\SDF\openhitls\crypto\eal\src\eal_keymgmt_util.c", "C", 0, 0, 0, 0, 0, 0, 0, 0, 0, 0, 44, 0, 0, 0, 0, 0, 0, 0, 14, 8, 66
"d:\dptui\mm (1)\SDF\openhitls\crypto\eal\src\eal_mac.c", "C", 0, 0, 0, 0, 0, 0, 0, 0, 0, 0, 275, 0, 0, 0, 0, 0, 0, 0, 22, 39, 336
"d:\dptui\mm (1)\SDF\openhitls\crypto\eal\src\eal_mac_local.h", "C++", 0, 0, 0, 0, 0, 0, 0, 0, 0, 0, 0, 0, 0, 33, 0, 0, 0, 0, 80, 14, 127
"d:\dptui\mm (1)\SDF\openhitls\crypto\eal\src\eal_mac_method.c", "C", 0, 0, 0, 0, 0, 0, 0, 0, 0, 0, 338, 0, 0, 0, 0, 0, 0, 0, 17, 28, 383
"d:\dptui\mm (1)\SDF\openhitls\crypto\eal\src\eal_md.c", "C", 0, 0, 0, 0, 0, 0, 0, 0, 0, 0, 385, 0, 0, 0, 0, 0, 0, 0, 17, 56, 458
"d:\dptui\mm (1)\SDF\openhitls\crypto\eal\src\eal_md_local.h", "C++", 0, 0, 0, 0, 0, 0, 0, 0, 0, 0, 0, 0, 0, 40, 0, 0, 0, 0, 76, 15, 131
"d:\dptui\mm (1)\SDF\openhitls\crypto\eal\src\eal_md_method.c", "C", 0, 0, 0, 0, 0, 0, 0, 0, 0, 0, 328, 0, 0, 0, 0, 0, 0, 0, 14, 27, 369
"d:\dptui\mm (1)\SDF\openhitls\crypto\eal\src\eal_pkey_computesharekey.c", "C", 0, 0, 0, 0, 0, 0, 0, 0, 0, 0, 31, 0, 0, 0, 0, 0, 0, 0, 14, 5, 50
"d:\dptui\mm (1)\SDF\openhitls\crypto\eal\src\eal_pkey_crypt.c", "C", 0, 0, 0, 0, 0, 0, 0, 0, 0, 0, 115, 0, 0, 0, 0, 0, 0, 0, 14, 21, 150
"d:\dptui\mm (1)\SDF\openhitls\crypto\eal\src\eal_pkey_gen.c", "C", 0, 0, 0, 0, 0, 0, 0, 0, 0, 0, 796, 0, 0, 0, 0, 0, 0, 0, 21, 81, 898
"d:\dptui\mm (1)\SDF\openhitls\crypto\eal\src\eal_pkey_kem.c", "C", 0, 0, 0, 0, 0, 0, 0, 0, 0, 0, 79, 0, 0, 0, 0, 0, 0, 0, 14, 9, 102
"d:\dptui\mm (1)\SDF\openhitls\crypto\eal\src\eal_pkey_local.h", "C++", 0, 0, 0, 0, 0, 0, 0, 0, 0, 0, 0, 0, 0, 32, 0, 0, 0, 0, 28, 16, 76
"d:\dptui\mm (1)\SDF\openhitls\crypto\eal\src\eal_pkey_method.c", "C", 0, 0, 0, 0, 0, 0, 0, 0, 0, 0, 964, 0, 0, 0, 0, 0, 0, 0, 14, 9, 987
"d:\dptui\mm (1)\SDF\openhitls\crypto\eal\src\eal_pkey_params.c", "C", 0, 0, 0, 0, 0, 0, 0, 0, 0, 0, 1071, 0, 0, 0, 0, 0, 0, 0, 14, 42, 1127
"d:\dptui\mm (1)\SDF\openhitls\crypto\eal\src\eal_pkey_sign.c", "C", 0, 0, 0, 0, 0, 0, 0, 0, 0, 0, 143, 0, 0, 0, 0, 0, 0, 0, 17, 18, 178
"d:\dptui\mm (1)\SDF\openhitls\crypto\eal\src\eal_rand.c", "C", 0, 0, 0, 0, 0, 0, 0, 0, 0, 0, 819, 0, 0, 0, 0, 0, 0, 0, 18, 93, 930
"d:\dptui\mm (1)\SDF\openhitls\crypto\eal\src\eal_rand_local.h", "C++", 0, 0, 0, 0, 0, 0, 0, 0, 0, 0, 0, 0, 0, 21, 0, 0, 0, 0, 14, 10, 45
"d:\dptui\mm (1)\SDF\openhitls\crypto\eal\src\eal_rand_method.c", "C", 0, 0, 0, 0, 0, 0, 0, 0, 0, 0, 37, 0, 0, 0, 0, 0, 0, 0, 14, 8, 59
"d:\dptui\mm (1)\SDF\openhitls\crypto\ealinit\CMakeLists.txt", "CMake", 0, 0, 0, 0, 0, 0, 0, 0, 0, 0, 0, 46, 0, 0, 0, 0, 0, 0, 0, 8, 54
"d:\dptui\mm (1)\SDF\openhitls\crypto\ealinit\include\crypt_ealinit.h", "C++", 0, 0, 0, 0, 0, 0, 0, 0, 0, 0, 0, 0, 0, 19, 0, 0, 0, 0, 54, 9, 82
"d:\dptui\mm (1)\SDF\openhitls\crypto\ealinit\src\asmcap_alg_asm.c", "C", 0, 0, 0, 0, 0, 0, 0, 0, 0, 0, 162, 0, 0, 0, 0, 0, 0, 0, 25, 17, 204
"d:\dptui\mm (1)\SDF\openhitls\crypto\ealinit\src\asmcap_local.h", "C++", 0, 0, 0, 0, 0, 0, 0, 0, 0, 0, 0, 0, 0, 52, 0, 0, 0, 0, 14, 19, 85
"d:\dptui\mm (1)\SDF\openhitls\crypto\ealinit\src\cpucap.c", "C", 0, 0, 0, 0, 0, 0, 0, 0, 0, 0, 237, 0, 0, 0, 0, 0, 0, 0, 31, 59, 327
"d:\dptui\mm (1)\SDF\openhitls\crypto\ealinit\src\crypt_asmcap.c", "C", 0, 0, 0, 0, 0, 0, 0, 0, 0, 0, 406, 0, 0, 0, 0, 0, 0, 0, 34, 40, 480
"d:\dptui\mm (1)\SDF\openhitls\crypto\ecc\CMakeLists.txt", "CMake", 0, 0, 0, 0, 0, 0, 0, 0, 0, 0, 0, 69, 0, 0, 0, 0, 0, 0, 0, 8, 77
"d:\dptui\mm (1)\SDF\openhitls\crypto\ecc\include\crypt_ecc.h", "C++", 0, 0, 0, 0, 0, 0, 0, 0, 0, 0, 0, 0, 0, 63, 0, 0, 0, 0, 374, 47, 484
"d:\dptui\mm (1)\SDF\openhitls\crypto\ecc\include\crypt_ecc_pkey.h", "C++", 0, 0, 0, 0, 0, 0, 0, 0, 0, 0, 0, 0, 0, 59, 0, 0, 0, 0, 237, 31, 327
"d:\dptui\mm (1)\SDF\openhitls\crypto\ecc\src\asm64_ecp_nistp256.c", "C", 0, 0, 0, 0, 0, 0, 0, 0, 0, 0, 113, 0, 0, 0, 0, 0, 0, 0, 34, 23, 170
"d:\dptui\mm (1)\SDF\openhitls\crypto\ecc\src\asm\ecp256_armv8.S", "Assembly", 0, 0, 0, 0, 0, 0, 0, 0, 0, 0, 0, 0, 0, 0, 0, 1690, 0, 0, 0, 319, 2009
"d:\dptui\mm (1)\SDF\openhitls\crypto\ecc\src\asm\ecp256_pre_comp_table.s", "Assembly", 0, 0, 0, 0, 0, 0, 0, 0, 0, 0, 0, 0, 0, 0, 0, 2404, 0, 0, 0, 4, 2408
"d:\dptui\mm (1)\SDF\openhitls\crypto\ecc\src\asm\ecp256_x86_64.S", "Assembly", 0, 0, 0, 0, 0, 0, 0, 0, 0, 0, 0, 0, 0, 0, 0, 2328, 0, 0, 0, 327, 2655
"d:\dptui\mm (1)\SDF\openhitls\crypto\ecc\src\asm\ecp_sm2_armv7.S", "Assembly", 0, 0, 0, 0, 0, 0, 0, 0, 0, 0, 0, 0, 0, 0, 0, 1400, 0, 0, 0, 85, 1485
"d:\dptui\mm (1)\SDF\openhitls\crypto\ecc\src\asm\ecp_sm2_armv8.S", "Assembly", 0, 0, 0, 0, 0, 0, 0, 0, 0, 0, 0, 0, 0, 0, 0, 1782, 0, 0, 0, 313, 2095
"d:\dptui\mm (1)\SDF\openhitls\crypto\ecc\src\asm\ecp_sm2_x86_64.S", "Assembly", 0, 0, 0, 0, 0, 0, 0, 0, 0, 0, 0, 0, 0, 0, 0, 2281, 0, 0, 0, 368, 2649
"d:\dptui\mm (1)\SDF\openhitls\crypto\ecc\src\asm_ecp_nistp256.c", "C", 0, 0, 0, 0, 0, 0, 0, 0, 0, 0, 355, 0, 0, 0, 0, 0, 0, 0, 68, 34, 457
"d:\dptui\mm (1)\SDF\openhitls\crypto\ecc\src\asm_ecp_nistp256.h", "C++", 0, 0, 0, 0, 0, 0, 0, 0, 0, 0, 0, 0, 0, 40, 0, 0, 0, 0, 14, 26, 80
"d:\dptui\mm (1)\SDF\openhitls\crypto\ecc\src\asm_ecp_sm2.c", "C", 0, 0, 0, 0, 0, 0, 0, 0, 0, 0, 362, 0, 0, 0, 0, 0, 0, 0, 26, 39, 427
"d:\dptui\mm (1)\SDF\openhitls\crypto\ecc\src\asm_ecp_sm2.h", "C++", 0, 0, 0, 0, 0, 0, 0, 0, 0, 0, 0, 0, 0, 51, 0, 0, 0, 0, 39, 16, 106
"d:\dptui\mm (1)\SDF\openhitls\crypto\ecc\src\asm_ecp_sm2_armv7.c", "C", 0, 0, 0, 0, 0, 0, 0, 0, 0, 0, 766, 0, 0, 0, 0, 0, 0, 0, 107, 69, 942
"d:\dptui\mm (1)\SDF\openhitls\crypto\ecc\src\asm_ecp_sm2_armv7.h", "C++", 0, 0, 0, 0, 0, 0, 0, 0, 0, 0, 0, 0, 0, 34, 0, 0, 0, 0, 89, 23, 146
"d:\dptui\mm (1)\SDF\openhitls\crypto\ecc\src\asm_ecp_sm2_table.c", "C", 0, 0, 0, 0, 0, 0, 0, 0, 0, 0, 16370, 0, 0, 0, 0, 0, 0, 0, 27, 5, 16402
"d:\dptui\mm (1)\SDF\openhitls\crypto\ecc\src\ecc.c", "C", 0, 0, 0, 0, 0, 0, 0, 0, 0, 0, 464, 0, 0, 0, 0, 0, 0, 0, 25, 36, 525
"d:\dptui\mm (1)\SDF\openhitls\crypto\ecc\src\ecc_local.h", "C++", 0, 0, 0, 0, 0, 0, 0, 0, 0, 0, 0, 0, 0, 85, 0, 0, 0, 0, 280, 44, 409
"d:\dptui\mm (1)\SDF\openhitls\crypto\ecc\src\ecc_method.c", "C", 0, 0, 0, 0, 0, 0, 0, 0, 0, 0, 230, 0, 0, 0, 0, 0, 0, 0, 24, 24, 278
"d:\dptui\mm (1)\SDF\openhitls\crypto\ecc\src\ecc_para.c", "C", 0, 0, 0, 0, 0, 0, 0, 0, 0, 0, 641, 0, 0, 0, 0, 0, 0, 0, 16, 91, 748
"d:\dptui\mm (1)\SDF\openhitls\crypto\ecc\src\ecc_pkey.c", "C", 0, 0, 0, 0, 0, 0, 0, 0, 0, 0, 588, 0, 0, 0, 0, 0, 0, 0, 27, 65, 680
"d:\dptui\mm (1)\SDF\openhitls\crypto\ecc\src\ecc_utils.h", "C++", 0, 0, 0, 0, 0, 0, 0, 0, 0, 0, 0, 0, 0, 32, 0, 0, 0, 0, 25, 12, 69
"d:\dptui\mm (1)\SDF\openhitls\crypto\ecc\src\ecp_mont.c", "C", 0, 0, 0, 0, 0, 0, 0, 0, 0, 0, 670, 0, 0, 0, 0, 0, 0, 0, 96, 80, 846
"d:\dptui\mm (1)\SDF\openhitls\crypto\ecc\src\ecp_nist.c", "C", 0, 0, 0, 0, 0, 0, 0, 0, 0, 0, 236, 0, 0, 0, 0, 0, 0, 0, 36, 31, 303
"d:\dptui\mm (1)\SDF\openhitls\crypto\ecc\src\ecp_nistp224.c", "C", 0, 0, 0, 0, 0, 0, 0, 0, 0, 0, 815, 0, 0, 0, 0, 0, 0, 0, 523, 171, 1509
"d:\dptui\mm (1)\SDF\openhitls\crypto\ecc\src\ecp_nistp224.h", "C++", 0, 0, 0, 0, 0, 0, 0, 0, 0, 0, 0, 0, 0, 16, 0, 0, 0, 0, 47, 11, 74
"d:\dptui\mm (1)\SDF\openhitls\crypto\ecc\src\ecp_nistp256.h", "C++", 0, 0, 0, 0, 0, 0, 0, 0, 0, 0, 0, 0, 0, 18, 0, 0, 0, 0, 57, 12, 87
"d:\dptui\mm (1)\SDF\openhitls\crypto\ecc\src\ecp_nistp521.c", "C", 0, 0, 0, 0, 0, 0, 0, 0, 0, 0, 1024, 0, 0, 0, 0, 0, 0, 0, 374, 116, 1514
"d:\dptui\mm (1)\SDF\openhitls\crypto\ecc\src\ecp_nistp521.h", "C++", 0, 0, 0, 0, 0, 0, 0, 0, 0, 0, 0, 0, 0, 17, 0, 0, 0, 0, 47, 11, 75
"d:\dptui\mm (1)\SDF\openhitls\crypto\ecc\src\ecp_simple.c", "C", 0, 0, 0, 0, 0, 0, 0, 0, 0, 0, 762, 0, 0, 0, 0, 0, 0, 0, 90, 48, 900
"d:\dptui\mm (1)\SDF\openhitls\crypto\ecc\src\ecp_sm2.h", "C++", 0, 0, 0, 0, 0, 0, 0, 0, 0, 0, 0, 0, 0, 22, 0, 0, 0, 0, 72, 13, 107
"d:\dptui\mm (1)\SDF\openhitls\crypto\ecc\src\noasm_ecp_nistp256.c", "C", 0, 0, 0, 0, 0, 0, 0, 0, 0, 0, 886, 0, 0, 0, 0, 0, 0, 0, 580, 180, 1646
"d:\dptui\mm (1)\SDF\openhitls\crypto\ecdh\CMakeLists.txt", "CMake", 0, 0, 0, 0, 0, 0, 0, 0, 0, 0, 0, 28, 0, 0, 0, 0, 0, 0, 0, 7, 35
"d:\dptui\mm (1)\SDF\openhitls\crypto\ecdh\include\crypt_ecdh.h", "C++", 0, 0, 0, 0, 0, 0, 0, 0, 0, 0, 0, 0, 0, 52, 0, 0, 0, 0, 303, 39, 394
"d:\dptui\mm (1)\SDF\openhitls\crypto\ecdh\src\ecdh.c", "C", 0, 0, 0, 0, 0, 0, 0, 0, 0, 0, 183, 0, 0, 0, 0, 0, 0, 0, 18, 26, 227
"d:\dptui\mm (1)\SDF\openhitls\crypto\ecdsa\CMakeLists.txt", "CMake", 0, 0, 0, 0, 0, 0, 0, 0, 0, 0, 0, 29, 0, 0, 0, 0, 0, 0, 0, 7, 36
"d:\dptui\mm (1)\SDF\openhitls\crypto\ecdsa\include\crypt_ecdsa.h", "C++", 0, 0, 0, 0, 0, 0, 0, 0, 0, 0, 0, 0, 0, 64, 0, 0, 0, 0, 386, 45, 495
"d:\dptui\mm (1)\SDF\openhitls\crypto\ecdsa\src\ecdsa.c", "C", 0, 0, 0, 0, 0, 0, 0, 0, 0, 0, 533, 0, 0, 0, 0, 0, 0, 0, 38, 63, 634
"d:\dptui\mm (1)\SDF\openhitls\crypto\elgamal\CMakeLists.txt", "CMake", 0, 0, 0, 0, 0, 0, 0, 0, 0, 0, 0, 26, 0, 0, 0, 0, 0, 0, 0, 7, 33
"d:\dptui\mm (1)\SDF\openhitls\crypto\elgamal\include\crypt_elgamal.h", "C++", 0, 0, 0, 0, 0, 0, 0, 0, 0, 0, 0, 0, 0, 56, 0, 0, 0, 0, 328, 35, 419
"d:\dptui\mm (1)\SDF\openhitls\crypto\elgamal\src\elgamal_encdec.c", "C", 0, 0, 0, 0, 0, 0, 0, 0, 0, 0, 354, 0, 0, 0, 0, 0, 0, 0, 23, 46, 423
"d:\dptui\mm (1)\SDF\openhitls\crypto\elgamal\src\elgamal_keygen.c", "C", 0, 0, 0, 0, 0, 0, 0, 0, 0, 0, 478, 0, 0, 0, 0, 0, 0, 0, 14, 71, 563
"d:\dptui\mm (1)\SDF\openhitls\crypto\elgamal\src\elgamal_keyop.c", "C", 0, 0, 0, 0, 0, 0, 0, 0, 0, 0, 233, 0, 0, 0, 0, 0, 0, 0, 15, 30, 278
"d:\dptui\mm (1)\SDF\openhitls\crypto\elgamal\src\elgamal_local.h", "C++", 0, 0, 0, 0, 0, 0, 0, 0, 0, 0, 0, 0, 0, 60, 0, 0, 0, 0, 14, 12, 86
"d:\dptui\mm (1)\SDF\openhitls\crypto\elgamal\src\originalroot.c", "C", 0, 0, 0, 0, 0, 0, 0, 0, 0, 0, 65, 0, 0, 0, 0, 0, 0, 0, 14, 11, 90
"d:\dptui\mm (1)\SDF\openhitls\crypto\entropy\CMakeLists.txt", "CMake", 0, 0, 0, 0, 0, 0, 0, 0, 0, 0, 0, 32, 0, 0, 0, 0, 0, 0, 0, 8, 40
"d:\dptui\mm (1)\SDF\openhitls\crypto\entropy\include\crypt_entropy.h", "C++", 0, 0, 0, 0, 0, 0, 0, 0, 0, 0, 0, 0, 0, 47, 0, 0, 0, 0, 70, 30, 147
"d:\dptui\mm (1)\SDF\openhitls\crypto\entropy\src\entropy.c", "C", 0, 0, 0, 0, 0, 0, 0, 0, 0, 0, 89, 0, 0, 0, 0, 0, 0, 0, 15, 7, 111
"d:\dptui\mm (1)\SDF\openhitls\crypto\entropy\src\entropy_hardware.c", "C", 0, 0, 0, 0, 0, 0, 0, 0, 0, 0, 144, 0, 0, 0, 0, 0, 0, 0, 33, 28, 205
"d:\dptui\mm (1)\SDF\openhitls\crypto\entropy\src\entropy_seed_pool.c", "C", 0, 0, 0, 0, 0, 0, 0, 0, 0, 0, 164, 0, 0, 0, 0, 0, 0, 0, 18, 15, 197
"d:\dptui\mm (1)\SDF\openhitls\crypto\entropy\src\entropy_seed_pool.h", "C++", 0, 0, 0, 0, 0, 0, 0, 0, 0, 0, 0, 0, 0, 29, 0, 0, 0, 0, 14, 10, 53
"d:\dptui\mm (1)\SDF\openhitls\crypto\entropy\src\entropy_system.c", "C", 0, 0, 0, 0, 0, 0, 0, 0, 0, 0, 67, 0, 0, 0, 0, 0, 0, 0, 14, 8, 89
"d:\dptui\mm (1)\SDF\openhitls\crypto\entropy\src\es_cf.c", "C", 0, 0, 0, 0, 0, 0, 0, 0, 0, 0, 21, 0, 0, 0, 0, 0, 0, 0, 14, 3, 38
"d:\dptui\mm (1)\SDF\openhitls\crypto\entropy\src\es_cf.h", "C++", 0, 0, 0, 0, 0, 0, 0, 0, 0, 0, 0, 0, 0, 31, 0, 0, 0, 0, 20, 9, 60
"d:\dptui\mm (1)\SDF\openhitls\crypto\entropy\src\es_cf_df.c", "C", 0, 0, 0, 0, 0, 0, 0, 0, 0, 0, 133, 0, 0, 0, 0, 0, 0, 0, 22, 12, 167
"d:\dptui\mm (1)\SDF\openhitls\crypto\entropy\src\es_entropy.c", "C", 0, 0, 0, 0, 0, 0, 0, 0, 0, 0, 333, 0, 0, 0, 0, 0, 0, 0, 14, 20, 367
"d:\dptui\mm (1)\SDF\openhitls\crypto\entropy\src\es_entropy_pool.c", "C", 0, 0, 0, 0, 0, 0, 0, 0, 0, 0, 81, 0, 0, 0, 0, 0, 0, 0, 14, 16, 111
"d:\dptui\mm (1)\SDF\openhitls\crypto\entropy\src\es_entropy_pool.h", "C++", 0, 0, 0, 0, 0, 0, 0, 0, 0, 0, 0, 0, 0, 25, 0, 0, 0, 0, 20, 13, 58
"d:\dptui\mm (1)\SDF\openhitls\crypto\entropy\src\es_health_test.c", "C", 0, 0, 0, 0, 0, 0, 0, 0, 0, 0, 45, 0, 0, 0, 0, 0, 0, 0, 14, 8, 67
"d:\dptui\mm (1)\SDF\openhitls\crypto\entropy\src\es_health_test.h", "C++", 0, 0, 0, 0, 0, 0, 0, 0, 0, 0, 0, 0, 0, 26, 0, 0, 0, 0, 18, 10, 54
"d:\dptui\mm (1)\SDF\openhitls\crypto\entropy\src\es_noise_source.c", "C", 0, 0, 0, 0, 0, 0, 0, 0, 0, 0, 241, 0, 0, 0, 0, 0, 0, 0, 29, 20, 290
"d:\dptui\mm (1)\SDF\openhitls\crypto\entropy\src\es_noise_source.h", "C++", 0, 0, 0, 0, 0, 0, 0, 0, 0, 0, 0, 0, 0, 41, 0, 0, 0, 0, 71, 17, 129
"d:\dptui\mm (1)\SDF\openhitls\crypto\entropy\src\es_ns_jitter.c", "C", 0, 0, 0, 0, 0, 0, 0, 0, 0, 0, 271, 0, 0, 0, 0, 0, 0, 0, 49, 26, 346
"d:\dptui\mm (1)\SDF\openhitls\crypto\entropy\src\es_ns_timestamp.c", "C", 0, 0, 0, 0, 0, 0, 0, 0, 0, 0, 93, 0, 0, 0, 0, 0, 0, 0, 14, 14, 121
"d:\dptui\mm (1)\SDF\openhitls\crypto\frodokem\CMakeLists.txt", "CMake", 0, 0, 0, 0, 0, 0, 0, 0, 0, 0, 0, 43, 0, 0, 0, 0, 0, 0, 0, 9, 52
"d:\dptui\mm (1)\SDF\openhitls\crypto\frodokem\include\crypt_frodokem.h", "C++", 0, 0, 0, 0, 0, 0, 0, 0, 0, 0, 0, 0, 0, 29, 0, 0, 0, 0, 15, 9, 53
"d:\dptui\mm (1)\SDF\openhitls\crypto\frodokem\src\asm\armv8_frodo_matmul.S", "Assembly", 0, 0, 0, 0, 0, 0, 0, 0, 0, 0, 0, 0, 0, 0, 0, 233, 0, 0, 0, 59, 292
"d:\dptui\mm (1)\SDF\openhitls\crypto\frodokem\src\asm\armv8_frodo_sample.S", "Assembly", 0, 0, 0, 0, 0, 0, 0, 0, 0, 0, 0, 0, 0, 0, 0, 99, 0, 0, 0, 22, 121
"d:\dptui\mm (1)\SDF\openhitls\crypto\frodokem\src\frodo_core_ref.c", "C", 0, 0, 0, 0, 0, 0, 0, 0, 0, 0, 282, 0, 0, 0, 0, 0, 0, 0, 17, 27, 326
"d:\dptui\mm (1)\SDF\openhitls\crypto\frodokem\src\frodo_local.h", "C++", 0, 0, 0, 0, 0, 0, 0, 0, 0, 0, 0, 0, 0, 74, 0, 0, 0, 0, 26, 32, 132
"d:\dptui\mm (1)\SDF\openhitls\crypto\frodokem\src\frodo_params.c", "C", 0, 0, 0, 0, 0, 0, 0, 0, 0, 0, 248, 0, 0, 0, 0, 0, 0, 0, 26, 7, 281
"d:\dptui\mm (1)\SDF\openhitls\crypto\frodokem\src\frodo_util.c", "C", 0, 0, 0, 0, 0, 0, 0, 0, 0, 0, 108, 0, 0, 0, 0, 0, 0, 0, 16, 15, 139
"d:\dptui\mm (1)\SDF\openhitls\crypto\frodokem\src\frodokem.c", "C", 0, 0, 0, 0, 0, 0, 0, 0, 0, 0, 623, 0, 0, 0, 0, 0, 0, 0, 25, 50, 698
"d:\dptui\mm (1)\SDF\openhitls\crypto\frodokem\src\frodokem_pke.c", "C", 0, 0, 0, 0, 0, 0, 0, 0, 0, 0, 138, 0, 0, 0, 0, 0, 0, 0, 29, 24, 191
"d:\dptui\mm (1)\SDF\openhitls\crypto\frodokem\src\noasm_frodo_cal.c", "C", 0, 0, 0, 0, 0, 0, 0, 0, 0, 0, 90, 0, 0, 0, 0, 0, 0, 0, 14, 14, 118
"d:\dptui\mm (1)\SDF\openhitls\crypto\gmac\CMakeLists.txt", "CMake", 0, 0, 0, 0, 0, 0, 0, 0, 0, 0, 0, 26, 0, 0, 0, 0, 0, 0, 0, 7, 33
"d:\dptui\mm (1)\SDF\openhitls\crypto\gmac\include\crypt_gmac.h", "C++", 0, 0, 0, 0, 0, 0, 0, 0, 0, 0, 0, 0, 0, 27, 0, 0, 0, 0, 14, 16, 57
"d:\dptui\mm (1)\SDF\openhitls\crypto\gmac\src\gmac.c", "C", 0, 0, 0, 0, 0, 0, 0, 0, 0, 0, 67, 0, 0, 0, 0, 0, 0, 0, 14, 13, 94
"d:\dptui\mm (1)\SDF\openhitls\crypto\hbs\common\CMakeLists.txt", "CMake", 0, 0, 0, 0, 0, 0, 0, 0, 0, 0, 0, 29, 0, 0, 0, 0, 0, 0, 0, 7, 36
"d:\dptui\mm (1)\SDF\openhitls\crypto\hbs\common\hbs_address.h", "C++", 0, 0, 0, 0, 0, 0, 0, 0, 0, 0, 0, 0, 0, 22, 0, 0, 0, 0, 44, 9, 75
"d:\dptui\mm (1)\SDF\openhitls\crypto\hbs\common\hbs_common.h", "C++", 0, 0, 0, 0, 0, 0, 0, 0, 0, 0, 0, 0, 0, 43, 0, 0, 0, 0, 29, 15, 87
"d:\dptui\mm (1)\SDF\openhitls\crypto\hbs\common\hbs_tree.c", "C", 0, 0, 0, 0, 0, 0, 0, 0, 0, 0, 286, 0, 0, 0, 0, 0, 0, 0, 30, 50, 366
"d:\dptui\mm (1)\SDF\openhitls\crypto\hbs\common\hbs_tree.h", "C++", 0, 0, 0, 0, 0, 0, 0, 0, 0, 0, 0, 0, 0, 26, 0, 0, 0, 0, 43, 13, 82
"d:\dptui\mm (1)\SDF\openhitls\crypto\hbs\common\hbs_wots.c", "C", 0, 0, 0, 0, 0, 0, 0, 0, 0, 0, 226, 0, 0, 0, 0, 0, 0, 0, 63, 42, 331
"d:\dptui\mm (1)\SDF\openhitls\crypto\hbs\common\hbs_wots.h", "C++", 0, 0, 0, 0, 0, 0, 0, 0, 0, 0, 0, 0, 0, 56, 0, 0, 0, 0, 82, 20, 158
"d:\dptui\mm (1)\SDF\openhitls\crypto\hbs\hss\CMakeLists.txt", "CMake", 0, 0, 0, 0, 0, 0, 0, 0, 0, 0, 0, 32, 0, 0, 0, 0, 0, 0, 0, 7, 39
"d:\dptui\mm (1)\SDF\openhitls\crypto\hbs\hss\src\hss_api.c", "C", 0, 0, 0, 0, 0, 0, 0, 0, 0, 0, 263, 0, 0, 0, 0, 0, 0, 0, 51, 34, 348
"d:\dptui\mm (1)\SDF\openhitls\crypto\hbs\hss\src\hss_local.h", "C++", 0, 0, 0, 0, 0, 0, 0, 0, 0, 0, 0, 0, 0, 34, 0, 0, 0, 0, 40, 13, 87
"d:\dptui\mm (1)\SDF\openhitls\crypto\hbs\hss\src\hss_params.h", "C++", 0, 0, 0, 0, 0, 0, 0, 0, 0, 0, 0, 0, 0, 34, 0, 0, 0, 0, 36, 15, 85
"d:\dptui\mm (1)\SDF\openhitls\crypto\hbs\hss\src\hss_utils.c", "C", 0, 0, 0, 0, 0, 0, 0, 0, 0, 0, 69, 0, 0, 0, 0, 0, 0, 0, 29, 24, 122
"d:\dptui\mm (1)\SDF\openhitls\crypto\hbs\hss\src\hss_verify.c", "C", 0, 0, 0, 0, 0, 0, 0, 0, 0, 0, 224, 0, 0, 0, 0, 0, 0, 0, 14, 44, 282
"d:\dptui\mm (1)\SDF\openhitls\crypto\hbs\include\crypt_hss.h", "C++", 0, 0, 0, 0, 0, 0, 0, 0, 0, 0, 0, 0, 0, 36, 0, 0, 0, 0, 111, 21, 168
"d:\dptui\mm (1)\SDF\openhitls\crypto\hbs\include\crypt_slh_dsa.h", "C++", 0, 0, 0, 0, 0, 0, 0, 0, 0, 0, 0, 0, 0, 36, 0, 0, 0, 0, 176, 25, 237
"d:\dptui\mm (1)\SDF\openhitls\crypto\hbs\include\crypt_xmss.h", "C++", 0, 0, 0, 0, 0, 0, 0, 0, 0, 0, 0, 0, 0, 32, 0, 0, 0, 0, 158, 21, 211
"d:\dptui\mm (1)\SDF\openhitls\crypto\hbs\include\crypt_xmssmt.h", "C++", 0, 0, 0, 0, 0, 0, 0, 0, 0, 0, 0, 0, 0, 32, 0, 0, 0, 0, 159, 21, 212
"d:\dptui\mm (1)\SDF\openhitls\crypto\hbs\lms\CMakeLists.txt", "CMake", 0, 0, 0, 0, 0, 0, 0, 0, 0, 0, 0, 31, 0, 0, 0, 0, 0, 0, 0, 7, 38
"d:\dptui\mm (1)\SDF\openhitls\crypto\hbs\lms\src\lms_hash.c", "C", 0, 0, 0, 0, 0, 0, 0, 0, 0, 0, 226, 0, 0, 0, 0, 0, 0, 0, 94, 44, 364
"d:\dptui\mm (1)\SDF\openhitls\crypto\hbs\lms\src\lms_hash.h", "C++", 0, 0, 0, 0, 0, 0, 0, 0, 0, 0, 0, 0, 0, 28, 0, 0, 0, 0, 38, 11, 77
"d:\dptui\mm (1)\SDF\openhitls\crypto\hbs\lms\src\lms_internal.h", "C++", 0, 0, 0, 0, 0, 0, 0, 0, 0, 0, 0, 0, 0, 69, 0, 0, 0, 0, 20, 17, 106
"d:\dptui\mm (1)\SDF\openhitls\crypto\hbs\lms\src\lms_ots.c", "C", 0, 0, 0, 0, 0, 0, 0, 0, 0, 0, 60, 0, 0, 0, 0, 0, 0, 0, 14, 16, 90
"d:\dptui\mm (1)\SDF\openhitls\crypto\hbs\lms\src\lms_params.h", "C++", 0, 0, 0, 0, 0, 0, 0, 0, 0, 0, 0, 0, 0, 68, 0, 0, 0, 0, 20, 21, 109
"d:\dptui\mm (1)\SDF\openhitls\crypto\hbs\lms\src\lms_verify.c", "C", 0, 0, 0, 0, 0, 0, 0, 0, 0, 0, 278, 0, 0, 0, 0, 0, 0, 0, 14, 55, 347
"d:\dptui\mm (1)\SDF\openhitls\crypto\hbs\slh_dsa\CMakeLists.txt", "CMake", 0, 0, 0, 0, 0, 0, 0, 0, 0, 0, 0, 34, 0, 0, 0, 0, 0, 0, 0, 7, 41
"d:\dptui\mm (1)\SDF\openhitls\crypto\hbs\slh_dsa\src\slh_dsa_address.c", "C", 0, 0, 0, 0, 0, 0, 0, 0, 0, 0, 149, 0, 0, 0, 0, 0, 0, 0, 30, 32, 211
"d:\dptui\mm (1)\SDF\openhitls\crypto\hbs\slh_dsa\src\slh_dsa_core.c", "C", 0, 0, 0, 0, 0, 0, 0, 0, 0, 0, 792, 0, 0, 0, 0, 0, 0, 0, 29, 61, 882
"d:\dptui\mm (1)\SDF\openhitls\crypto\hbs\slh_dsa\src\slh_dsa_fors.c", "C", 0, 0, 0, 0, 0, 0, 0, 0, 0, 0, 171, 0, 0, 0, 0, 0, 0, 0, 15, 24, 210
"d:\dptui\mm (1)\SDF\openhitls\crypto\hbs\slh_dsa\src\slh_dsa_fors.h", "C++", 0, 0, 0, 0, 0, 0, 0, 0, 0, 0, 0, 0, 0, 21, 0, 0, 0, 0, 56, 10, 87
"d:\dptui\mm (1)\SDF\openhitls\crypto\hbs\slh_dsa\src\slh_dsa_hash.c", "C", 0, 0, 0, 0, 0, 0, 0, 0, 0, 0, 462, 0, 0, 0, 0, 0, 0, 0, 21, 49, 532
"d:\dptui\mm (1)\SDF\openhitls\crypto\hbs\slh_dsa\src\slh_dsa_hash.h", "C++", 0, 0, 0, 0, 0, 0, 0, 0, 0, 0, 0, 0, 0, 16, 0, 0, 0, 0, 35, 10, 61
"d:\dptui\mm (1)\SDF\openhitls\crypto\hbs\slh_dsa\src\slh_dsa_hypertree.c", "C", 0, 0, 0, 0, 0, 0, 0, 0, 0, 0, 36, 0, 0, 0, 0, 0, 0, 0, 14, 8, 58
"d:\dptui\mm (1)\SDF\openhitls\crypto\hbs\slh_dsa\src\slh_dsa_hypertree.h", "C++", 0, 0, 0, 0, 0, 0, 0, 0, 0, 0, 0, 0, 0, 18, 0, 0, 0, 0, 38, 8, 64
"d:\dptui\mm (1)\SDF\openhitls\crypto\hbs\slh_dsa\src\slh_dsa_local.h", "C++", 0, 0, 0, 0, 0, 0, 0, 0, 0, 0, 0, 0, 0, 98, 0, 0, 0, 0, 38, 20, 156
"d:\dptui\mm (1)\SDF\openhitls\crypto\hbs\xmss\CMakeLists.txt", "CMake", 0, 0, 0, 0, 0, 0, 0, 0, 0, 0, 0, 27, 0, 0, 0, 0, 0, 0, 0, 7, 34
"d:\dptui\mm (1)\SDF\openhitls\crypto\hbs\xmss\src\xmss_address.c", "C", 0, 0, 0, 0, 0, 0, 0, 0, 0, 0, 77, 0, 0, 0, 0, 0, 0, 0, 18, 17, 112
"d:\dptui\mm (1)\SDF\openhitls\crypto\hbs\xmss\src\xmss_address.h", "C++", 0, 0, 0, 0, 0, 0, 0, 0, 0, 0, 0, 0, 0, 31, 0, 0, 0, 0, 61, 12, 104
"d:\dptui\mm (1)\SDF\openhitls\crypto\hbs\xmss\src\xmss_bds.c", "C", 0, 0, 0, 0, 0, 0, 0, 0, 0, 0, 887, 0, 0, 0, 0, 0, 0, 0, 206, 94, 1187
"d:\dptui\mm (1)\SDF\openhitls\crypto\hbs\xmss\src\xmss_bds.h", "C++", 0, 0, 0, 0, 0, 0, 0, 0, 0, 0, 0, 0, 0, 84, 0, 0, 0, 0, 104, 34, 222
"d:\dptui\mm (1)\SDF\openhitls\crypto\hbs\xmss\src\xmss_common.c", "C", 0, 0, 0, 0, 0, 0, 0, 0, 0, 0, 527, 0, 0, 0, 0, 0, 0, 0, 14, 43, 584
"d:\dptui\mm (1)\SDF\openhitls\crypto\hbs\xmss\src\xmss_core.c", "C", 0, 0, 0, 0, 0, 0, 0, 0, 0, 0, 410, 0, 0, 0, 0, 0, 0, 0, 23, 52, 485
"d:\dptui\mm (1)\SDF\openhitls\crypto\hbs\xmss\src\xmss_hash.c", "C", 0, 0, 0, 0, 0, 0, 0, 0, 0, 0, 204, 0, 0, 0, 0, 0, 0, 0, 55, 39, 298
"d:\dptui\mm (1)\SDF\openhitls\crypto\hbs\xmss\src\xmss_hash.h", "C++", 0, 0, 0, 0, 0, 0, 0, 0, 0, 0, 0, 0, 0, 18, 0, 0, 0, 0, 27, 8, 53
"d:\dptui\mm (1)\SDF\openhitls\crypto\hbs\xmss\src\xmss_local.h", "C++", 0, 0, 0, 0, 0, 0, 0, 0, 0, 0, 0, 0, 0, 110, 0, 0, 0, 0, 46, 44, 200
"d:\dptui\mm (1)\SDF\openhitls\crypto\hbs\xmss\src\xmss_params.c", "C", 0, 0, 0, 0, 0, 0, 0, 0, 0, 0, 49, 0, 0, 0, 0, 0, 0, 0, 41, 15, 105
"d:\dptui\mm (1)\SDF\openhitls\crypto\hbs\xmss\src\xmss_params.h", "C++", 0, 0, 0, 0, 0, 0, 0, 0, 0, 0, 0, 0, 0, 53, 0, 0, 0, 0, 70, 27, 150
"d:\dptui\mm (1)\SDF\openhitls\crypto\hbs\xmss\src\xmssmt_core.c", "C", 0, 0, 0, 0, 0, 0, 0, 0, 0, 0, 521, 0, 0, 0, 0, 0, 0, 0, 37, 55, 613
"d:\dptui\mm (1)\SDF\openhitls\crypto\hbs\xmss\src\xmssmt_params.c", "C", 0, 0, 0, 0, 0, 0, 0, 0, 0, 0, 84, 0, 0, 0, 0, 0, 0, 0, 31, 14, 129
"d:\dptui\mm (1)\SDF\openhitls\crypto\hkdf\CMakeLists.txt", "CMake", 0, 0, 0, 0, 0, 0, 0, 0, 0, 0, 0, 26, 0, 0, 0, 0, 0, 0, 0, 7, 33
"d:\dptui\mm (1)\SDF\openhitls\crypto\hkdf\include\crypt_hkdf.h", "C++", 0, 0, 0, 0, 0, 0, 0, 0, 0, 0, 0, 0, 0, 23, 0, 0, 0, 0, 73, 16, 112
"d:\dptui\mm (1)\SDF\openhitls\crypto\hkdf\src\hkdf.c", "C", 0, 0, 0, 0, 0, 0, 0, 0, 0, 0, 408, 0, 0, 0, 0, 0, 0, 0, 16, 39, 463
"d:\dptui\mm (1)\SDF\openhitls\crypto\hmac\CMakeLists.txt", "CMake", 0, 0, 0, 0, 0, 0, 0, 0, 0, 0, 0, 26, 0, 0, 0, 0, 0, 0, 0, 7, 33
"d:\dptui\mm (1)\SDF\openhitls\crypto\hmac\include\crypt_hmac.h", "C++", 0, 0, 0, 0, 0, 0, 0, 0, 0, 0, 0, 0, 0, 35, 0, 0, 0, 0, 14, 11, 60
"d:\dptui\mm (1)\SDF\openhitls\crypto\hmac\src\hmac.c", "C", 0, 0, 0, 0, 0, 0, 0, 0, 0, 0, 343, 0, 0, 0, 0, 0, 0, 0, 14, 33, 390
"d:\dptui\mm (1)\SDF\openhitls\crypto\hpke\CMakeLists.txt", "CMake", 0, 0, 0, 0, 0, 0, 0, 0, 0, 0, 0, 26, 0, 0, 0, 0, 0, 0, 0, 7, 33
"d:\dptui\mm (1)\SDF\openhitls\crypto\hpke\src\hpke.c", "C", 0, 0, 0, 0, 0, 0, 0, 0, 0, 0, 1528, 0, 0, 0, 0, 0, 0, 0, 21, 285, 1834
"d:\dptui\mm (1)\SDF\openhitls\crypto\hybridkem\CMakeLists.txt", "CMake", 0, 0, 0, 0, 0, 0, 0, 0, 0, 0, 0, 31, 0, 0, 0, 0, 0, 0, 0, 7, 38
"d:\dptui\mm (1)\SDF\openhitls\crypto\hybridkem\include\crypt_hybridkem.h", "C++", 0, 0, 0, 0, 0, 0, 0, 0, 0, 0, 0, 0, 0, 28, 0, 0, 0, 0, 49, 16, 93
"d:\dptui\mm (1)\SDF\openhitls\crypto\hybridkem\src\crypt_hybridkem.c", "C", 0, 0, 0, 0, 0, 0, 0, 0, 0, 0, 448, 0, 0, 0, 0, 0, 0, 0, 21, 50, 519
"d:\dptui\mm (1)\SDF\openhitls\crypto\hybridkem\src\crypt_hybridkem_local.h", "C++", 0, 0, 0, 0, 0, 0, 0, 0, 0, 0, 0, 0, 0, 13, 0, 0, 0, 0, 14, 4, 31
"d:\dptui\mm (1)\SDF\openhitls\crypto\include\crypt_arm.h", "C++", 0, 0, 0, 0, 0, 0, 0, 0, 0, 0, 0, 0, 0, 243, 0, 0, 0, 0, 36, 49, 328
"d:\dptui\mm (1)\SDF\openhitls\crypto\include\crypt_cmvp_selftest.h", "C++", 0, 0, 0, 0, 0, 0, 0, 0, 0, 0, 0, 0, 0, 65, 0, 0, 0, 0, 14, 51, 130
"d:\dptui\mm (1)\SDF\openhitls\crypto\include\crypt_local_types.h", "C++", 0, 0, 0, 0, 0, 0, 0, 0, 0, 0, 0, 0, 0, 334, 0, 0, 0, 0, 48, 37, 419
"d:\dptui\mm (1)\SDF\openhitls\crypto\include\crypt_util_ctrl.h", "C++", 0, 0, 0, 0, 0, 0, 0, 0, 0, 0, 0, 0, 0, 27, 0, 0, 0, 0, 67, 14, 108
"d:\dptui\mm (1)\SDF\openhitls\crypto\include\crypt_util_rand.h", "C++", 0, 0, 0, 0, 0, 0, 0, 0, 0, 0, 0, 0, 0, 27, 0, 0, 0, 0, 65, 15, 107
"d:\dptui\mm (1)\SDF\openhitls\crypto\include\crypt_utils.h", "C++", 0, 0, 0, 0, 0, 0, 0, 0, 0, 0, 0, 0, 0, 375, 0, 0, 0, 0, 138, 68, 581
"d:\dptui\mm (1)\SDF\openhitls\crypto\kdf\CMakeLists.txt", "CMake", 0, 0, 0, 0, 0, 0, 0, 0, 0, 0, 0, 26, 0, 0, 0, 0, 0, 0, 0, 7, 33
"d:\dptui\mm (1)\SDF\openhitls\crypto\kdf\include\crypt_kdf_tls12.h", "C++", 0, 0, 0, 0, 0, 0, 0, 0, 0, 0, 0, 0, 0, 23, 0, 0, 0, 0, 74, 16, 113
"d:\dptui\mm (1)\SDF\openhitls\crypto\kdf\src\kdf_tls12.c", "C", 0, 0, 0, 0, 0, 0, 0, 0, 0, 0, 259, 0, 0, 0, 0, 0, 0, 0, 15, 26, 300
"d:\dptui\mm (1)\SDF\openhitls\crypto\mceliece\CMakeLists.txt", "CMake", 0, 0, 0, 0, 0, 0, 0, 0, 0, 0, 0, 27, 0, 0, 0, 0, 0, 0, 0, 7, 34
"d:\dptui\mm (1)\SDF\openhitls\crypto\mceliece\include\crypt_mceliece.h", "C++", 0, 0, 0, 0, 0, 0, 0, 0, 0, 0, 0, 0, 0, 29, 0, 0, 0, 0, 14, 9, 52
"d:\dptui\mm (1)\SDF\openhitls\crypto\mceliece\src\mceliece.c", "C", 0, 0, 0, 0, 0, 0, 0, 0, 0, 0, 915, 0, 0, 0, 0, 0, 0, 0, 49, 51, 1015
"d:\dptui\mm (1)\SDF\openhitls\crypto\mceliece\src\mceliece_controlbits.c", "C", 0, 0, 0, 0, 0, 0, 0, 0, 0, 0, 449, 0, 0, 0, 0, 0, 0, 0, 52, 46, 547
"d:\dptui\mm (1)\SDF\openhitls\crypto\mceliece\src\mceliece_enc_dec.c", "C", 0, 0, 0, 0, 0, 0, 0, 0, 0, 0, 292, 0, 0, 0, 0, 0, 0, 0, 37, 31, 360
"d:\dptui\mm (1)\SDF\openhitls\crypto\mceliece\src\mceliece_keygen.c", "C", 0, 0, 0, 0, 0, 0, 0, 0, 0, 0, 493, 0, 0, 0, 0, 0, 0, 0, 45, 53, 591
"d:\dptui\mm (1)\SDF\openhitls\crypto\mceliece\src\mceliece_local.h", "C++", 0, 0, 0, 0, 0, 0, 0, 0, 0, 0, 0, 0, 0, 147, 0, 0, 0, 0, 49, 56, 252
"d:\dptui\mm (1)\SDF\openhitls\crypto\mceliece\src\mceliece_poly.c", "C", 0, 0, 0, 0, 0, 0, 0, 0, 0, 0, 166, 0, 0, 0, 0, 0, 0, 0, 29, 30, 225
"d:\dptui\mm (1)\SDF\openhitls\crypto\md5\CMakeLists.txt", "CMake", 0, 0, 0, 0, 0, 0, 0, 0, 0, 0, 0, 32, 0, 0, 0, 0, 0, 0, 0, 8, 40
"d:\dptui\mm (1)\SDF\openhitls\crypto\md5\include\crypt_md5.h", "C++", 0, 0, 0, 0, 0, 0, 0, 0, 0, 0, 0, 0, 0, 40, 0, 0, 0, 0, 117, 21, 178
"d:\dptui\mm (1)\SDF\openhitls\crypto\md5\src\asm\md5_x86_64.S", "Assembly", 0, 0, 0, 0, 0, 0, 0, 0, 0, 0, 0, 0, 0, 0, 0, 339, 0, 0, 0, 54, 393
"d:\dptui\mm (1)\SDF\openhitls\crypto\md5\src\md5.c", "C", 0, 0, 0, 0, 0, 0, 0, 0, 0, 0, 191, 0, 0, 0, 0, 0, 0, 0, 18, 36, 245
"d:\dptui\mm (1)\SDF\openhitls\crypto\md5\src\md5_core.h", "C++", 0, 0, 0, 0, 0, 0, 0, 0, 0, 0, 0, 0, 0, 14, 0, 0, 0, 0, 14, 9, 37
"d:\dptui\mm (1)\SDF\openhitls\crypto\md5\src\noasm_md5.c", "C", 0, 0, 0, 0, 0, 0, 0, 0, 0, 0, 174, 0, 0, 0, 0, 0, 0, 0, 18, 24, 216
"d:\dptui\mm (1)\SDF\openhitls\crypto\mldsa\CMakeLists.txt", "CMake", 0, 0, 0, 0, 0, 0, 0, 0, 0, 0, 0, 40, 0, 0, 0, 0, 0, 0, 0, 8, 48
"d:\dptui\mm (1)\SDF\openhitls\crypto\mldsa\include\crypt_mldsa.h", "C++", 0, 0, 0, 0, 0, 0, 0, 0, 0, 0, 0, 0, 0, 34, 0, 0, 0, 0, 25, 22, 81
"d:\dptui\mm (1)\SDF\openhitls\crypto\mldsa\src\asm\ml_dsa_armv8.S", "Assembly", 0, 0, 0, 0, 0, 0, 0, 0, 0, 0, 0, 0, 0, 0, 0, 2889, 0, 0, 0, 403, 3292
"d:\dptui\mm (1)\SDF\openhitls\crypto\mldsa\src\asm\ml_dsa_ntt_armv8.S", "Assembly", 0, 0, 0, 0, 0, 0, 0, 0, 0, 0, 0, 0, 0, 0, 0, 649, 0, 0, 0, 61, 710
"d:\dptui\mm (1)\SDF\openhitls\crypto\mldsa\src\asm_ml_dsa_ntt.c", "C", 0, 0, 0, 0, 0, 0, 0, 0, 0, 0, 227, 0, 0, 0, 0, 0, 0, 0, 126, 12, 365
"d:\dptui\mm (1)\SDF\openhitls\crypto\mldsa\src\asm_ml_dsa_poly.c", "C", 0, 0, 0, 0, 0, 0, 0, 0, 0, 0, 571, 0, 0, 0, 0, 0, 0, 0, 39, 61, 671
"d:\dptui\mm (1)\SDF\openhitls\crypto\mldsa\src\ml_dsa.c", "C", 0, 0, 0, 0, 0, 0, 0, 0, 0, 0, 855, 0, 0, 0, 0, 0, 0, 0, 23, 62, 940
"d:\dptui\mm (1)\SDF\openhitls\crypto\mldsa\src\ml_dsa_core.c", "C", 0, 0, 0, 0, 0, 0, 0, 0, 0, 0, 1018, 0, 0, 0, 0, 0, 0, 0, 114, 84, 1216
"d:\dptui\mm (1)\SDF\openhitls\crypto\mldsa\src\ml_dsa_local.h", "C++", 0, 0, 0, 0, 0, 0, 0, 0, 0, 0, 0, 0, 0, 104, 0, 0, 0, 0, 21, 22, 147
"d:\dptui\mm (1)\SDF\openhitls\crypto\mldsa\src\ml_dsa_ntt.c", "C", 0, 0, 0, 0, 0, 0, 0, 0, 0, 0, 97, 0, 0, 0, 0, 0, 0, 0, 22, 6, 125
"d:\dptui\mm (1)\SDF\openhitls\crypto\mldsa\src\ml_dsa_poly.c", "C", 0, 0, 0, 0, 0, 0, 0, 0, 0, 0, 280, 0, 0, 0, 0, 0, 0, 0, 48, 35, 363
"d:\dptui\mm (1)\SDF\openhitls\crypto\mlkem\CMakeLists.txt", "CMake", 0, 0, 0, 0, 0, 0, 0, 0, 0, 0, 0, 36, 0, 0, 0, 0, 0, 0, 0, 8, 44
"d:\dptui\mm (1)\SDF\openhitls\crypto\mlkem\include\crypt_mlkem.h", "C++", 0, 0, 0, 0, 0, 0, 0, 0, 0, 0, 0, 0, 0, 35, 0, 0, 0, 0, 25, 24, 84
"d:\dptui\mm (1)\SDF\openhitls\crypto\mlkem\src\asm\ml_kem_basemul_armv8.S", "Assembly", 0, 0, 0, 0, 0, 0, 0, 0, 0, 0, 0, 0, 0, 0, 0, 1988, 0, 0, 0, 329, 2317
"d:\dptui\mm (1)\SDF\openhitls\crypto\mlkem\src\asm\ml_kem_ntt_armv8.S", "Assembly", 0, 0, 0, 0, 0, 0, 0, 0, 0, 0, 0, 0, 0, 0, 0, 1908, 0, 0, 0, 270, 2178
"d:\dptui\mm (1)\SDF\openhitls\crypto\mlkem\src\asm\ml_kem_poly_armv8.S", "Assembly", 0, 0, 0, 0, 0, 0, 0, 0, 0, 0, 0, 0, 0, 0, 0, 1966, 0, 0, 0, 191, 2157
"d:\dptui\mm (1)\SDF\openhitls\crypto\mlkem\src\asm_ml_kem_ntt.c", "C", 0, 0, 0, 0, 0, 0, 0, 0, 0, 0, 100, 0, 0, 0, 0, 0, 0, 0, 106, 8, 214
"d:\dptui\mm (1)\SDF\openhitls\crypto\mlkem\src\asm_ml_kem_poly.c", "C", 0, 0, 0, 0, 0, 0, 0, 0, 0, 0, 433, 0, 0, 0, 0, 0, 0, 0, 51, 55, 539
"d:\dptui\mm (1)\SDF\openhitls\crypto\mlkem\src\ml_kem.c", "C", 0, 0, 0, 0, 0, 0, 0, 0, 0, 0, 749, 0, 0, 0, 0, 0, 0, 0, 79, 54, 882
"d:\dptui\mm (1)\SDF\openhitls\crypto\mlkem\src\ml_kem_local.h", "C++", 0, 0, 0, 0, 0, 0, 0, 0, 0, 0, 0, 0, 0, 98, 0, 0, 0, 0, 21, 26, 145
"d:\dptui\mm (1)\SDF\openhitls\crypto\mlkem\src\ml_kem_ntt.c", "C", 0, 0, 0, 0, 0, 0, 0, 0, 0, 0, 59, 0, 0, 0, 0, 0, 0, 0, 14, 7, 80
"d:\dptui\mm (1)\SDF\openhitls\crypto\mlkem\src\ml_kem_pke.c", "C", 0, 0, 0, 0, 0, 0, 0, 0, 0, 0, 469, 0, 0, 0, 0, 0, 0, 0, 58, 52, 579
"d:\dptui\mm (1)\SDF\openhitls\crypto\mlkem\src\ml_kem_poly.c", "C", 0, 0, 0, 0, 0, 0, 0, 0, 0, 0, 390, 0, 0, 0, 0, 0, 0, 0, 43, 41, 474
"d:\dptui\mm (1)\SDF\openhitls\crypto\modes\CMakeLists.txt", "CMake", 0, 0, 0, 0, 0, 0, 0, 0, 0, 0, 0, 139, 0, 0, 0, 0, 0, 0, 0, 12, 151
"d:\dptui\mm (1)\SDF\openhitls\crypto\modes\include\crypt_modes.h", "C++", 0, 0, 0, 0, 0, 0, 0, 0, 0, 0, 0, 0, 0, 52, 0, 0, 0, 0, 14, 12, 78
"d:\dptui\mm (1)\SDF\openhitls\crypto\modes\include\crypt_modes_aes_wrap.h", "C++", 0, 0, 0, 0, 0, 0, 0, 0, 0, 0, 0, 0, 0, 46, 0, 0, 0, 0, 14, 23, 83
"d:\dptui\mm (1)\SDF\openhitls\crypto\modes\include\crypt_modes_cbc.h", "C++", 0, 0, 0, 0, 0, 0, 0, 0, 0, 0, 0, 0, 0, 33, 0, 0, 0, 0, 17, 12, 62
"d:\dptui\mm (1)\SDF\openhitls\crypto\modes\include\crypt_modes_ccm.h", "C++", 0, 0, 0, 0, 0, 0, 0, 0, 0, 0, 0, 0, 0, 47, 0, 0, 0, 0, 16, 17, 80
"d:\dptui\mm (1)\SDF\openhitls\crypto\modes\include\crypt_modes_cfb.h", "C++", 0, 0, 0, 0, 0, 0, 0, 0, 0, 0, 0, 0, 0, 44, 0, 0, 0, 0, 17, 14, 75
"d:\dptui\mm (1)\SDF\openhitls\crypto\modes\include\crypt_modes_chacha20poly1305.h", "C++", 0, 0, 0, 0, 0, 0, 0, 0, 0, 0, 0, 0, 0, 50, 0, 0, 0, 0, 14, 15, 79
"d:\dptui\mm (1)\SDF\openhitls\crypto\modes\include\crypt_modes_ctr.h", "C++", 0, 0, 0, 0, 0, 0, 0, 0, 0, 0, 0, 0, 0, 30, 0, 0, 0, 0, 17, 14, 61
"d:\dptui\mm (1)\SDF\openhitls\crypto\modes\include\crypt_modes_ecb.h", "C++", 0, 0, 0, 0, 0, 0, 0, 0, 0, 0, 0, 0, 0, 33, 0, 0, 0, 0, 17, 11, 61
"d:\dptui\mm (1)\SDF\openhitls\crypto\modes\include\crypt_modes_gcm.h", "C++", 0, 0, 0, 0, 0, 0, 0, 0, 0, 0, 0, 0, 0, 67, 0, 0, 0, 0, 17, 21, 105
"d:\dptui\mm (1)\SDF\openhitls\crypto\modes\include\crypt_modes_hctr.h", "C++", 0, 0, 0, 0, 0, 0, 0, 0, 0, 0, 0, 0, 0, 28, 0, 0, 0, 0, 15, 8, 51
"d:\dptui\mm (1)\SDF\openhitls\crypto\modes\include\crypt_modes_ofb.h", "C++", 0, 0, 0, 0, 0, 0, 0, 0, 0, 0, 0, 0, 0, 29, 0, 0, 0, 0, 16, 15, 60
"d:\dptui\mm (1)\SDF\openhitls\crypto\modes\include\crypt_modes_xts.h", "C++", 0, 0, 0, 0, 0, 0, 0, 0, 0, 0, 0, 0, 0, 50, 0, 0, 0, 0, 16, 19, 85
"d:\dptui\mm (1)\SDF\openhitls\crypto\modes\src\asm\aes128_gcm_aarch64.S", "Assembly", 0, 0, 0, 0, 0, 0, 0, 0, 0, 0, 0, 0, 0, 0, 0, 329, 0, 0, 0, 47, 376
"d:\dptui\mm (1)\SDF\openhitls\crypto\modes\src\asm\aes192_gcm_aarch64.S", "Assembly", 0, 0, 0, 0, 0, 0, 0, 0, 0, 0, 0, 0, 0, 0, 0, 341, 0, 0, 0, 32, 373
"d:\dptui\mm (1)\SDF\openhitls\crypto\modes\src\asm\aes256_gcm_aarch64.S", "Assembly", 0, 0, 0, 0, 0, 0, 0, 0, 0, 0, 0, 0, 0, 0, 0, 359, 0, 0, 0, 35, 394
"d:\dptui\mm (1)\SDF\openhitls\crypto\modes\src\asm\aes_ccm_x86_64.S", "Assembly", 0, 0, 0, 0, 0, 0, 0, 0, 0, 0, 0, 0, 0, 0, 0, 194, 0, 0, 0, 11, 205
"d:\dptui\mm (1)\SDF\openhitls\crypto\modes\src\asm\aes_gcm_16block_aarch64.S", "Assembly", 0, 0, 0, 0, 0, 0, 0, 0, 0, 0, 0, 0, 0, 0, 0, 160, 0, 0, 0, 15, 175
"d:\dptui\mm (1)\SDF\openhitls\crypto\modes\src\asm\aes_gcm_16block_x86_64.S", "Assembly", 0, 0, 0, 0, 0, 0, 0, 0, 0, 0, 0, 0, 0, 0, 0, 259, 0, 0, 0, 43, 302
"d:\dptui\mm (1)\SDF\openhitls\crypto\modes\src\asm\aes_gcm_64block_aarch64.S", "Assembly", 0, 0, 0, 0, 0, 0, 0, 0, 0, 0, 0, 0, 0, 0, 0, 312, 0, 0, 0, 22, 334
"d:\dptui\mm (1)\SDF\openhitls\crypto\modes\src\asm\aes_gcm_64block_x86_64.S", "Assembly", 0, 0, 0, 0, 0, 0, 0, 0, 0, 0, 0, 0, 0, 0, 0, 428, 0, 0, 0, 28, 456
"d:\dptui\mm (1)\SDF\openhitls\crypto\modes\src\asm\aes_gcm_96block_x86_64.S", "Assembly", 0, 0, 0, 0, 0, 0, 0, 0, 0, 0, 0, 0, 0, 0, 0, 835, 0, 0, 0, 47, 882
"d:\dptui\mm (1)\SDF\openhitls\crypto\modes\src\asm\aes_gcm_common_aarch64.S", "Assembly", 0, 0, 0, 0, 0, 0, 0, 0, 0, 0, 0, 0, 0, 0, 0, 488, 0, 0, 0, 22, 510
"d:\dptui\mm (1)\SDF\openhitls\crypto\modes\src\asm\ghash_armv8.S", "Assembly", 0, 0, 0, 0, 0, 0, 0, 0, 0, 0, 0, 0, 0, 0, 0, 171, 0, 0, 0, 35, 206
"d:\dptui\mm (1)\SDF\openhitls\crypto\modes\src\asm\ghash_x86_64.S", "Assembly", 0, 0, 0, 0, 0, 0, 0, 0, 0, 0, 0, 0, 0, 0, 0, 319, 0, 0, 0, 43, 362
"d:\dptui\mm (1)\SDF\openhitls\crypto\modes\src\asm\poly1305_armv8.S", "Assembly", 0, 0, 0, 0, 0, 0, 0, 0, 0, 0, 0, 0, 0, 0, 0, 877, 0, 0, 0, 108, 985
"d:\dptui\mm (1)\SDF\openhitls\crypto\modes\src\asm\poly1305_x86_64.S", "Assembly", 0, 0, 0, 0, 0, 0, 0, 0, 0, 0, 0, 0, 0, 0, 0, 289, 0, 0, 0, 28, 317
"d:\dptui\mm (1)\SDF\openhitls\crypto\modes\src\asm\poly1305_x86_64_avx2.S", "Assembly", 0, 0, 0, 0, 0, 0, 0, 0, 0, 0, 0, 0, 0, 0, 0, 336, 0, 0, 0, 40, 376
"d:\dptui\mm (1)\SDF\openhitls\crypto\modes\src\asm\poly1305_x86_64_avx512.S", "Assembly", 0, 0, 0, 0, 0, 0, 0, 0, 0, 0, 0, 0, 0, 0, 0, 618, 0, 0, 0, 75, 693
"d:\dptui\mm (1)\SDF\openhitls\crypto\modes\src\asm\poly1305_x86_64_macro.s", "Assembly", 0, 0, 0, 0, 0, 0, 0, 0, 0, 0, 0, 0, 0, 0, 0, 324, 0, 0, 0, 31, 355
"d:\dptui\mm (1)\SDF\openhitls\crypto\modes\src\asm_aes_cbc.c", "C", 0, 0, 0, 0, 0, 0, 0, 0, 0, 0, 51, 0, 0, 0, 0, 0, 0, 0, 14, 7, 72
"d:\dptui\mm (1)\SDF\openhitls\crypto\modes\src\asm_aes_ccm.c", "C", 0, 0, 0, 0, 0, 0, 0, 0, 0, 0, 50, 0, 0, 0, 0, 0, 0, 0, 14, 9, 73
"d:\dptui\mm (1)\SDF\openhitls\crypto\modes\src\asm_aes_ccm.h", "C++", 0, 0, 0, 0, 0, 0, 0, 0, 0, 0, 0, 0, 0, 20, 0, 0, 0, 0, 14, 9, 43
"d:\dptui\mm (1)\SDF\openhitls\crypto\modes\src\asm_aes_cfb.c", "C", 0, 0, 0, 0, 0, 0, 0, 0, 0, 0, 66, 0, 0, 0, 0, 0, 0, 0, 19, 10, 95
"d:\dptui\mm (1)\SDF\openhitls\crypto\modes\src\asm_aes_ctr.c", "C", 0, 0, 0, 0, 0, 0, 0, 0, 0, 0, 64, 0, 0, 0, 0, 0, 0, 0, 17, 6, 87
"d:\dptui\mm (1)\SDF\openhitls\crypto\modes\src\asm_aes_ecb.c", "C", 0, 0, 0, 0, 0, 0, 0, 0, 0, 0, 43, 0, 0, 0, 0, 0, 0, 0, 14, 7, 64
"d:\dptui\mm (1)\SDF\openhitls\crypto\modes\src\asm_aes_gcm.c", "C", 0, 0, 0, 0, 0, 0, 0, 0, 0, 0, 102, 0, 0, 0, 0, 0, 0, 0, 20, 7, 129
"d:\dptui\mm (1)\SDF\openhitls\crypto\modes\src\asm_aes_gcm.h", "C++", 0, 0, 0, 0, 0, 0, 0, 0, 0, 0, 0, 0, 0, 19, 0, 0, 0, 0, 14, 5, 38
"d:\dptui\mm (1)\SDF\openhitls\crypto\modes\src\asm_aes_xts.c", "C", 0, 0, 0, 0, 0, 0, 0, 0, 0, 0, 41, 0, 0, 0, 0, 0, 0, 0, 14, 7, 62
"d:\dptui\mm (1)\SDF\openhitls\crypto\modes\src\asm_sm4_cbc.c", "C", 0, 0, 0, 0, 0, 0, 0, 0, 0, 0, 39, 0, 0, 0, 0, 0, 0, 0, 14, 8, 61
"d:\dptui\mm (1)\SDF\openhitls\crypto\modes\src\asm_sm4_cfb.c", "C", 0, 0, 0, 0, 0, 0, 0, 0, 0, 0, 54, 0, 0, 0, 0, 0, 0, 0, 14, 7, 75
"d:\dptui\mm (1)\SDF\openhitls\crypto\modes\src\asm_sm4_ctr.c", "C", 0, 0, 0, 0, 0, 0, 0, 0, 0, 0, 54, 0, 0, 0, 0, 0, 0, 0, 17, 7, 78
"d:\dptui\mm (1)\SDF\openhitls\crypto\modes\src\asm_sm4_ecb.c", "C", 0, 0, 0, 0, 0, 0, 0, 0, 0, 0, 47, 0, 0, 0, 0, 0, 0, 0, 14, 8, 69
"d:\dptui\mm (1)\SDF\openhitls\crypto\modes\src\asm_sm4_gcm.c", "C", 0, 0, 0, 0, 0, 0, 0, 0, 0, 0, 126, 0, 0, 0, 0, 0, 0, 0, 16, 11, 153
"d:\dptui\mm (1)\SDF\openhitls\crypto\modes\src\asm_sm4_ofb_armv8.c", "C", 0, 0, 0, 0, 0, 0, 0, 0, 0, 0, 13, 0, 0, 0, 0, 0, 0, 0, 14, 6, 33
"d:\dptui\mm (1)\SDF\openhitls\crypto\modes\src\asm_sm4_ofb_x86_64.c", "C", 0, 0, 0, 0, 0, 0, 0, 0, 0, 0, 35, 0, 0, 0, 0, 0, 0, 0, 14, 6, 55
"d:\dptui\mm (1)\SDF\openhitls\crypto\modes\src\asm_sm4_setkey.c", "C", 0, 0, 0, 0, 0, 0, 0, 0, 0, 0, 24, 0, 0, 0, 0, 0, 0, 0, 14, 4, 42
"d:\dptui\mm (1)\SDF\openhitls\crypto\modes\src\asm_sm4_xts.c", "C", 0, 0, 0, 0, 0, 0, 0, 0, 0, 0, 55, 0, 0, 0, 0, 0, 0, 0, 14, 7, 76
"d:\dptui\mm (1)\SDF\openhitls\crypto\modes\src\ccm_core.h", "C++", 0, 0, 0, 0, 0, 0, 0, 0, 0, 0, 0, 0, 0, 16, 0, 0, 0, 0, 14, 8, 38
"d:\dptui\mm (1)\SDF\openhitls\crypto\modes\src\modes.c", "C", 0, 0, 0, 0, 0, 0, 0, 0, 0, 0, 565, 0, 0, 0, 0, 0, 0, 0, 30, 61, 656
"d:\dptui\mm (1)\SDF\openhitls\crypto\modes\src\modes_aes_wrap.c", "C", 0, 0, 0, 0, 0, 0, 0, 0, 0, 0, 409, 0, 0, 0, 0, 0, 0, 0, 24, 39, 472
"d:\dptui\mm (1)\SDF\openhitls\crypto\modes\src\modes_cbc.c", "C", 0, 0, 0, 0, 0, 0, 0, 0, 0, 0, 211, 0, 0, 0, 0, 0, 0, 0, 22, 25, 258
"d:\dptui\mm (1)\SDF\openhitls\crypto\modes\src\modes_ccm.c", "C", 0, 0, 0, 0, 0, 0, 0, 0, 0, 0, 512, 0, 0, 0, 0, 0, 0, 0, 105, 48, 665
"d:\dptui\mm (1)\SDF\openhitls\crypto\modes\src\modes_cfb.c", "C", 0, 0, 0, 0, 0, 0, 0, 0, 0, 0, 505, 0, 0, 0, 0, 0, 0, 0, 42, 48, 595
"d:\dptui\mm (1)\SDF\openhitls\crypto\modes\src\modes_chacha20_poly1305.c", "C", 0, 0, 0, 0, 0, 0, 0, 0, 0, 0, 373, 0, 0, 0, 0, 0, 0, 0, 82, 34, 489
"d:\dptui\mm (1)\SDF\openhitls\crypto\modes\src\modes_ctr.c", "C", 0, 0, 0, 0, 0, 0, 0, 0, 0, 0, 128, 0, 0, 0, 0, 0, 0, 0, 22, 14, 164
"d:\dptui\mm (1)\SDF\openhitls\crypto\modes\src\modes_ecb.c", "C", 0, 0, 0, 0, 0, 0, 0, 0, 0, 0, 186, 0, 0, 0, 0, 0, 0, 0, 15, 15, 216
"d:\dptui\mm (1)\SDF\openhitls\crypto\modes\src\modes_gcm.c", "C", 0, 0, 0, 0, 0, 0, 0, 0, 0, 0, 485, 0, 0, 0, 0, 0, 0, 0, 73, 42, 600
"d:\dptui\mm (1)\SDF\openhitls\crypto\modes\src\modes_hctr.c", "C", 0, 0, 0, 0, 0, 0, 0, 0, 0, 0, 462, 0, 0, 0, 0, 0, 0, 0, 25, 93, 580
"d:\dptui\mm (1)\SDF\openhitls\crypto\modes\src\modes_local.h", "C++", 0, 0, 0, 0, 0, 0, 0, 0, 0, 0, 0, 0, 0, 148, 0, 0, 0, 0, 20, 33, 201
"d:\dptui\mm (1)\SDF\openhitls\crypto\modes\src\modes_ofb.c", "C", 0, 0, 0, 0, 0, 0, 0, 0, 0, 0, 108, 0, 0, 0, 0, 0, 0, 0, 16, 13, 137
"d:\dptui\mm (1)\SDF\openhitls\crypto\modes\src\modes_xts.c", "C", 0, 0, 0, 0, 0, 0, 0, 0, 0, 0, 516, 0, 0, 0, 0, 0, 0, 0, 27, 53, 596
"d:\dptui\mm (1)\SDF\openhitls\crypto\modes\src\noasm_aes_cbc.c", "C", 0, 0, 0, 0, 0, 0, 0, 0, 0, 0, 13, 0, 0, 0, 0, 0, 0, 0, 14, 4, 31
"d:\dptui\mm (1)\SDF\openhitls\crypto\modes\src\noasm_aes_ccm.c", "C", 0, 0, 0, 0, 0, 0, 0, 0, 0, 0, 9, 0, 0, 0, 0, 0, 0, 0, 14, 3, 26
"d:\dptui\mm (1)\SDF\openhitls\crypto\modes\src\noasm_aes_cfb.c", "C", 0, 0, 0, 0, 0, 0, 0, 0, 0, 0, 8, 0, 0, 0, 0, 0, 0, 0, 14, 3, 25
"d:\dptui\mm (1)\SDF\openhitls\crypto\modes\src\noasm_aes_ctr.c", "C", 0, 0, 0, 0, 0, 0, 0, 0, 0, 0, 9, 0, 0, 0, 0, 0, 0, 0, 14, 4, 27
"d:\dptui\mm (1)\SDF\openhitls\crypto\modes\src\noasm_aes_ecb.c", "C", 0, 0, 0, 0, 0, 0, 0, 0, 0, 0, 13, 0, 0, 0, 0, 0, 0, 0, 14, 6, 33
"d:\dptui\mm (1)\SDF\openhitls\crypto\modes\src\noasm_aes_gcm.c", "C", 0, 0, 0, 0, 0, 0, 0, 0, 0, 0, 8, 0, 0, 0, 0, 0, 0, 0, 14, 3, 25
"d:\dptui\mm (1)\SDF\openhitls\crypto\modes\src\noasm_aes_xts.c", "C", 0, 0, 0, 0, 0, 0, 0, 0, 0, 0, 12, 0, 0, 0, 0, 0, 0, 0, 14, 5, 31
"d:\dptui\mm (1)\SDF\openhitls\crypto\modes\src\noasm_ghash.c", "C", 0, 0, 0, 0, 0, 0, 0, 0, 0, 0, 71, 0, 0, 0, 0, 0, 0, 0, 23, 9, 103
"d:\dptui\mm (1)\SDF\openhitls\crypto\modes\src\noasm_poly1305.c", "C", 0, 0, 0, 0, 0, 0, 0, 0, 0, 0, 114, 0, 0, 0, 0, 0, 0, 0, 45, 17, 176
"d:\dptui\mm (1)\SDF\openhitls\crypto\modes\src\noasm_sm4_cbc.c", "C", 0, 0, 0, 0, 0, 0, 0, 0, 0, 0, 18, 0, 0, 0, 0, 0, 0, 0, 14, 8, 40
"d:\dptui\mm (1)\SDF\openhitls\crypto\modes\src\noasm_sm4_cfb.c", "C", 0, 0, 0, 0, 0, 0, 0, 0, 0, 0, 14, 0, 0, 0, 0, 0, 0, 0, 14, 5, 33
"d:\dptui\mm (1)\SDF\openhitls\crypto\modes\src\noasm_sm4_ctr.c", "C", 0, 0, 0, 0, 0, 0, 0, 0, 0, 0, 14, 0, 0, 0, 0, 0, 0, 0, 14, 5, 33
"d:\dptui\mm (1)\SDF\openhitls\crypto\modes\src\noasm_sm4_ecb.c", "C", 0, 0, 0, 0, 0, 0, 0, 0, 0, 0, 18, 0, 0, 0, 0, 0, 0, 0, 14, 7, 39
"d:\dptui\mm (1)\SDF\openhitls\crypto\modes\src\noasm_sm4_gcm.c", "C", 0, 0, 0, 0, 0, 0, 0, 0, 0, 0, 14, 0, 0, 0, 0, 0, 0, 0, 14, 5, 33
"d:\dptui\mm (1)\SDF\openhitls\crypto\modes\src\noasm_sm4_hctr.c", "C", 0, 0, 0, 0, 0, 0, 0, 0, 0, 0, 17, 0, 0, 0, 0, 0, 0, 0, 14, 7, 38
"d:\dptui\mm (1)\SDF\openhitls\crypto\modes\src\noasm_sm4_ofb.c", "C", 0, 0, 0, 0, 0, 0, 0, 0, 0, 0, 14, 0, 0, 0, 0, 0, 0, 0, 14, 6, 34
"d:\dptui\mm (1)\SDF\openhitls\crypto\modes\src\noasm_sm4_setkey.c", "C", 0, 0, 0, 0, 0, 0, 0, 0, 0, 0, 14, 0, 0, 0, 0, 0, 0, 0, 32, 6, 52
"d:\dptui\mm (1)\SDF\openhitls\crypto\modes\src\noasm_sm4_xts.c", "C", 0, 0, 0, 0, 0, 0, 0, 0, 0, 0, 17, 0, 0, 0, 0, 0, 0, 0, 14, 4, 35
"d:\dptui\mm (1)\SDF\openhitls\crypto\modes\src\poly1305_core.h", "C++", 0, 0, 0, 0, 0, 0, 0, 0, 0, 0, 0, 0, 0, 21, 0, 0, 0, 0, 14, 11, 46
"d:\dptui\mm (1)\SDF\openhitls\crypto\paillier\CMakeLists.txt", "CMake", 0, 0, 0, 0, 0, 0, 0, 0, 0, 0, 0, 26, 0, 0, 0, 0, 0, 0, 0, 7, 33
"d:\dptui\mm (1)\SDF\openhitls\crypto\paillier\include\crypt_paillier.h", "C++", 0, 0, 0, 0, 0, 0, 0, 0, 0, 0, 0, 0, 0, 51, 0, 0, 0, 0, 329, 34, 414
"d:\dptui\mm (1)\SDF\openhitls\crypto\paillier\src\paillier_encdec.c", "C", 0, 0, 0, 0, 0, 0, 0, 0, 0, 0, 430, 0, 0, 0, 0, 0, 0, 0, 26, 66, 522
"d:\dptui\mm (1)\SDF\openhitls\crypto\paillier\src\paillier_keygen.c", "C", 0, 0, 0, 0, 0, 0, 0, 0, 0, 0, 478, 0, 0, 0, 0, 0, 0, 0, 15, 66, 559
"d:\dptui\mm (1)\SDF\openhitls\crypto\paillier\src\paillier_keyop.c", "C", 0, 0, 0, 0, 0, 0, 0, 0, 0, 0, 294, 0, 0, 0, 0, 0, 0, 0, 15, 29, 338
"d:\dptui\mm (1)\SDF\openhitls\crypto\paillier\src\paillier_local.h", "C++", 0, 0, 0, 0, 0, 0, 0, 0, 0, 0, 0, 0, 0, 60, 0, 0, 0, 0, 14, 13, 87
"d:\dptui\mm (1)\SDF\openhitls\crypto\pbkdf2\CMakeLists.txt", "CMake", 0, 0, 0, 0, 0, 0, 0, 0, 0, 0, 0, 27, 0, 0, 0, 0, 0, 0, 0, 7, 34
"d:\dptui\mm (1)\SDF\openhitls\crypto\pbkdf2\include\crypt_pbkdf2.h", "C++", 0, 0, 0, 0, 0, 0, 0, 0, 0, 0, 0, 0, 0, 23, 0, 0, 0, 0, 74, 16, 113
"d:\dptui\mm (1)\SDF\openhitls\crypto\pbkdf2\src\pbkdf2.c", "C", 0, 0, 0, 0, 0, 0, 0, 0, 0, 0, 414, 0, 0, 0, 0, 0, 0, 0, 29, 40, 483
"d:\dptui\mm (1)\SDF\openhitls\crypto\pbkdf2\src\pbkdf2_local.h", "C++", 0, 0, 0, 0, 0, 0, 0, 0, 0, 0, 0, 0, 0, 18, 0, 0, 0, 0, 33, 10, 61
"d:\dptui\mm (1)\SDF\openhitls\crypto\provider\CMakeLists.txt", "CMake", 0, 0, 0, 0, 0, 0, 0, 0, 0, 0, 0, 129, 0, 0, 0, 0, 0, 0, 0, 9, 138
"d:\dptui\mm (1)\SDF\openhitls\crypto\provider\include\crypt_default_provderimpl.h", "C++", 0, 0, 0, 0, 0, 0, 0, 0, 0, 0, 0, 0, 0, 371, 0, 0, 0, 0, 19, 22, 412
"d:\dptui\mm (1)\SDF\openhitls\crypto\provider\include\crypt_provider.h", "C++", 0, 0, 0, 0, 0, 0, 0, 0, 0, 0, 0, 0, 0, 47, 0, 0, 0, 0, 15, 17, 79
"d:\dptui\mm (1)\SDF\openhitls\crypto\provider\src\cmvp\cmvp_utils\cmvp.c", "C", 0, 0, 0, 0, 0, 0, 0, 0, 0, 0, 130, 0, 0, 0, 0, 0, 0, 0, 14, 13, 157
"d:\dptui\mm (1)\SDF\openhitls\crypto\provider\src\cmvp\cmvp_utils\cmvp_common.c", "C", 0, 0, 0, 0, 0, 0, 0, 0, 0, 0, 194, 0, 0, 0, 0, 0, 0, 0, 18, 22, 234
"d:\dptui\mm (1)\SDF\openhitls\crypto\provider\src\cmvp\cmvp_utils\cmvp_common.h", "C++", 0, 0, 0, 0, 0, 0, 0, 0, 0, 0, 0, 0, 0, 25, 0, 0, 0, 0, 14, 12, 51
"d:\dptui\mm (1)\SDF\openhitls\crypto\provider\src\cmvp\cmvp_utils\cmvp_integrity_hmac.c", "C", 0, 0, 0, 0, 0, 0, 0, 0, 0, 0, 93, 0, 0, 0, 0, 0, 0, 0, 17, 16, 126
"d:\dptui\mm (1)\SDF\openhitls\crypto\provider\src\cmvp\cmvp_utils\cmvp_integrity_hmac.h", "C++", 0, 0, 0, 0, 0, 0, 0, 0, 0, 0, 0, 0, 0, 15, 0, 0, 0, 0, 16, 7, 38
"d:\dptui\mm (1)\SDF\openhitls\crypto\provider\src\cmvp\cmvp_utils\cmvp_randomness.c", "C", 0, 0, 0, 0, 0, 0, 0, 0, 0, 0, 158, 0, 0, 0, 0, 0, 0, 0, 26, 17, 201
"d:\dptui\mm (1)\SDF\openhitls\crypto\provider\src\cmvp\cmvp_utils\cmvp_selftest_chacha20poly1305.c", "C", 0, 0, 0, 0, 0, 0, 0, 0, 0, 0, 115, 0, 0, 0, 0, 0, 0, 0, 15, 15, 145
"d:\dptui\mm (1)\SDF\openhitls\crypto\provider\src\cmvp\cmvp_utils\cmvp_selftest_cipher.c", "C", 0, 0, 0, 0, 0, 0, 0, 0, 0, 0, 629, 0, 0, 0, 0, 0, 0, 0, 64, 24, 717
"d:\dptui\mm (1)\SDF\openhitls\crypto\provider\src\cmvp\cmvp_utils\cmvp_selftest_dh.c", "C", 0, 0, 0, 0, 0, 0, 0, 0, 0, 0, 234, 0, 0, 0, 0, 0, 0, 0, 16, 21, 271
"d:\dptui\mm (1)\SDF\openhitls\crypto\provider\src\cmvp\cmvp_utils\cmvp_selftest_drbg.c", "C", 0, 0, 0, 0, 0, 0, 0, 0, 0, 0, 455, 0, 0, 0, 0, 0, 0, 0, 44, 34, 533
"d:\dptui\mm (1)\SDF\openhitls\crypto\provider\src\cmvp\cmvp_utils\cmvp_selftest_dsa.c", "C", 0, 0, 0, 0, 0, 0, 0, 0, 0, 0, 199, 0, 0, 0, 0, 0, 0, 0, 19, 26, 244
"d:\dptui\mm (1)\SDF\openhitls\crypto\provider\src\cmvp\cmvp_utils\cmvp_selftest_ecdh.c", "C", 0, 0, 0, 0, 0, 0, 0, 0, 0, 0, 136, 0, 0, 0, 0, 0, 0, 0, 15, 16, 167
"d:\dptui\mm (1)\SDF\openhitls\crypto\provider\src\cmvp\cmvp_utils\cmvp_selftest_ecdsa.c", "C", 0, 0, 0, 0, 0, 0, 0, 0, 0, 0, 178, 0, 0, 0, 0, 0, 0, 0, 19, 25, 222
"d:\dptui\mm (1)\SDF\openhitls\crypto\provider\src\cmvp\cmvp_utils\cmvp_selftest_ed25519.c", "C", 0, 0, 0, 0, 0, 0, 0, 0, 0, 0, 92, 0, 0, 0, 0, 0, 0, 0, 15, 14, 121
"d:\dptui\mm (1)\SDF\openhitls\crypto\provider\src\cmvp\cmvp_utils\cmvp_selftest_hkdf.c", "C", 0, 0, 0, 0, 0, 0, 0, 0, 0, 0, 80, 0, 0, 0, 0, 0, 0, 0, 15, 11, 106
"d:\dptui\mm (1)\SDF\openhitls\crypto\provider\src\cmvp\cmvp_utils\cmvp_selftest_kdftls12.c", "C", 0, 0, 0, 0, 0, 0, 0, 0, 0, 0, 81, 0, 0, 0, 0, 0, 0, 0, 15, 10, 106
"d:\dptui\mm (1)\SDF\openhitls\crypto\provider\src\cmvp\cmvp_utils\cmvp_selftest_mac.c", "C", 0, 0, 0, 0, 0, 0, 0, 0, 0, 0, 246, 0, 0, 0, 0, 0, 0, 0, 44, 18, 308
"d:\dptui\mm (1)\SDF\openhitls\crypto\provider\src\cmvp\cmvp_utils\cmvp_selftest_md.c", "C", 0, 0, 0, 0, 0, 0, 0, 0, 0, 0, 154, 0, 0, 0, 0, 0, 0, 0, 38, 17, 209
"d:\dptui\mm (1)\SDF\openhitls\crypto\provider\src\cmvp\cmvp_utils\cmvp_selftest_mldsa.c", "C", 0, 0, 0, 0, 0, 0, 0, 0, 0, 0, 131, 0, 0, 0, 0, 0, 0, 0, 19, 20, 170
"d:\dptui\mm (1)\SDF\openhitls\crypto\provider\src\cmvp\cmvp_utils\cmvp_selftest_mlkem.c", "C", 0, 0, 0, 0, 0, 0, 0, 0, 0, 0, 137, 0, 0, 0, 0, 0, 0, 0, 18, 20, 175
"d:\dptui\mm (1)\SDF\openhitls\crypto\provider\src\cmvp\cmvp_utils\cmvp_selftest_pbkdf2.c", "C", 0, 0, 0, 0, 0, 0, 0, 0, 0, 0, 98, 0, 0, 0, 0, 0, 0, 0, 15, 11, 124
"d:\dptui\mm (1)\SDF\openhitls\crypto\provider\src\cmvp\cmvp_utils\cmvp_selftest_pct.c", "C", 0, 0, 0, 0, 0, 0, 0, 0, 0, 0, 124, 0, 0, 0, 0, 0, 0, 0, 14, 22, 160
"d:\dptui\mm (1)\SDF\openhitls\crypto\provider\src\cmvp\cmvp_utils\cmvp_selftest_rsa.c", "C", 0, 0, 0, 0, 0, 0, 0, 0, 0, 0, 411, 0, 0, 0, 0, 0, 0, 0, 22, 38, 471
"d:\dptui\mm (1)\SDF\openhitls\crypto\provider\src\cmvp\cmvp_utils\cmvp_selftest_scrypt.c", "C", 0, 0, 0, 0, 0, 0, 0, 0, 0, 0, 80, 0, 0, 0, 0, 0, 0, 0, 15, 9, 104
"d:\dptui\mm (1)\SDF\openhitls\crypto\provider\src\cmvp\cmvp_utils\cmvp_selftest_slhdsa.c", "C", 0, 0, 0, 0, 0, 0, 0, 0, 0, 0, 131, 0, 0, 0, 0, 0, 0, 0, 18, 17, 166
"d:\dptui\mm (1)\SDF\openhitls\crypto\provider\src\cmvp\cmvp_utils\cmvp_selftest_sm2.c", "C", 0, 0, 0, 0, 0, 0, 0, 0, 0, 0, 459, 0, 0, 0, 0, 0, 0, 0, 16, 82, 557
"d:\dptui\mm (1)\SDF\openhitls\crypto\provider\src\cmvp\cmvp_utils\cmvp_selftest_x25519.c", "C", 0, 0, 0, 0, 0, 0, 0, 0, 0, 0, 114, 0, 0, 0, 0, 0, 0, 0, 15, 18, 147
"d:\dptui\mm (1)\SDF\openhitls\crypto\provider\src\cmvp\cmvp_utils\crypt_cmvp.h", "C++", 0, 0, 0, 0, 0, 0, 0, 0, 0, 0, 0, 0, 0, 62, 0, 0, 0, 0, 14, 12, 88
"d:\dptui\mm (1)\SDF\openhitls\crypto\provider\src\cmvp\iso_prov\cmvp_iso19790.c", "C", 0, 0, 0, 0, 0, 0, 0, 0, 0, 0, 529, 0, 0, 0, 0, 0, 0, 0, 58, 43, 630
"d:\dptui\mm (1)\SDF\openhitls\crypto\provider\src\cmvp\iso_prov\cmvp_iso19790.h", "C++", 0, 0, 0, 0, 0, 0, 0, 0, 0, 0, 0, 0, 0, 24, 0, 0, 0, 0, 14, 14, 52
"d:\dptui\mm (1)\SDF\openhitls\crypto\provider\src\cmvp\iso_prov\crypt_iso_cipher.c", "C", 0, 0, 0, 0, 0, 0, 0, 0, 0, 0, 261, 0, 0, 0, 0, 0, 0, 0, 14, 25, 300
"d:\dptui\mm (1)\SDF\openhitls\crypto\provider\src\cmvp\iso_prov\crypt_iso_cmvp.c", "C", 0, 0, 0, 0, 0, 0, 0, 0, 0, 0, 93, 0, 0, 0, 0, 0, 0, 0, 14, 14, 121
"d:\dptui\mm (1)\SDF\openhitls\crypto\provider\src\cmvp\iso_prov\crypt_iso_kdf.c", "C", 0, 0, 0, 0, 0, 0, 0, 0, 0, 0, 296, 0, 0, 0, 0, 0, 0, 0, 20, 26, 342
"d:\dptui\mm (1)\SDF\openhitls\crypto\provider\src\cmvp\iso_prov\crypt_iso_kem.c", "C", 0, 0, 0, 0, 0, 0, 0, 0, 0, 0, 46, 0, 0, 0, 0, 0, 0, 0, 14, 7, 67
"d:\dptui\mm (1)\SDF\openhitls\crypto\provider\src\cmvp\iso_prov\crypt_iso_keyexch.c", "C", 0, 0, 0, 0, 0, 0, 0, 0, 0, 0, 62, 0, 0, 0, 0, 0, 0, 0, 14, 9, 85
"d:\dptui\mm (1)\SDF\openhitls\crypto\provider\src\cmvp\iso_prov\crypt_iso_keymgmt.c", "C", 0, 0, 0, 0, 0, 0, 0, 0, 0, 0, 935, 0, 0, 0, 0, 0, 0, 0, 14, 61, 1010
"d:\dptui\mm (1)\SDF\openhitls\crypto\provider\src\cmvp\iso_prov\crypt_iso_mac.c", "C", 0, 0, 0, 0, 0, 0, 0, 0, 0, 0, 218, 0, 0, 0, 0, 0, 0, 0, 14, 23, 255
"d:\dptui\mm (1)\SDF\openhitls\crypto\provider\src\cmvp\iso_prov\crypt_iso_md.c", "C", 0, 0, 0, 0, 0, 0, 0, 0, 0, 0, 343, 0, 0, 0, 0, 0, 0, 0, 14, 20, 377
"d:\dptui\mm (1)\SDF\openhitls\crypto\provider\src\cmvp\iso_prov\crypt_iso_pkeycipher.c", "C", 0, 0, 0, 0, 0, 0, 0, 0, 0, 0, 60, 0, 0, 0, 0, 0, 0, 0, 14, 9, 83
"d:\dptui\mm (1)\SDF\openhitls\crypto\provider\src\cmvp\iso_prov\crypt_iso_provderimpl.h", "C++", 0, 0, 0, 0, 0, 0, 0, 0, 0, 0, 0, 0, 0, 72, 0, 0, 0, 0, 19, 21, 112
"d:\dptui\mm (1)\SDF\openhitls\crypto\provider\src\cmvp\iso_prov\crypt_iso_provider.c", "C", 0, 0, 0, 0, 0, 0, 0, 0, 0, 0, 377, 0, 0, 0, 0, 0, 0, 0, 14, 42, 433
"d:\dptui\mm (1)\SDF\openhitls\crypto\provider\src\cmvp\iso_prov\crypt_iso_provider.h", "C++", 0, 0, 0, 0, 0, 0, 0, 0, 0, 0, 0, 0, 0, 30, 0, 0, 0, 0, 19, 11, 60
"d:\dptui\mm (1)\SDF\openhitls\crypto\provider\src\cmvp\iso_prov\crypt_iso_rand.c", "C", 0, 0, 0, 0, 0, 0, 0, 0, 0, 0, 179, 0, 0, 0, 0, 0, 0, 0, 14, 16, 209
"d:\dptui\mm (1)\SDF\openhitls\crypto\provider\src\cmvp\iso_prov\crypt_iso_selftest.c", "C", 0, 0, 0, 0, 0, 0, 0, 0, 0, 0, 174, 0, 0, 0, 0, 0, 0, 0, 14, 17, 205
"d:\dptui\mm (1)\SDF\openhitls\crypto\provider\src\cmvp\iso_prov\crypt_iso_selftest.h", "C++", 0, 0, 0, 0, 0, 0, 0, 0, 0, 0, 0, 0, 0, 18, 0, 0, 0, 0, 19, 11, 48
"d:\dptui\mm (1)\SDF\openhitls\crypto\provider\src\cmvp\iso_prov\crypt_iso_sign.c", "C", 0, 0, 0, 0, 0, 0, 0, 0, 0, 0, 202, 0, 0, 0, 0, 0, 0, 0, 14, 24, 240
"d:\dptui\mm (1)\SDF\openhitls\crypto\provider\src\cmvp\sm_prov\cmvp_sm.c", "C", 0, 0, 0, 0, 0, 0, 0, 0, 0, 0, 196, 0, 0, 0, 0, 0, 0, 0, 22, 30, 248
"d:\dptui\mm (1)\SDF\openhitls\crypto\provider\src\cmvp\sm_prov\cmvp_sm.h", "C++", 0, 0, 0, 0, 0, 0, 0, 0, 0, 0, 0, 0, 0, 23, 0, 0, 0, 0, 14, 13, 50
"d:\dptui\mm (1)\SDF\openhitls\crypto\provider\src\cmvp\sm_prov\crypt_sm_cipher.c", "C", 0, 0, 0, 0, 0, 0, 0, 0, 0, 0, 125, 0, 0, 0, 0, 0, 0, 0, 14, 12, 151
"d:\dptui\mm (1)\SDF\openhitls\crypto\provider\src\cmvp\sm_prov\crypt_sm_cmvp.c", "C", 0, 0, 0, 0, 0, 0, 0, 0, 0, 0, 95, 0, 0, 0, 0, 0, 0, 0, 14, 13, 122
"d:\dptui\mm (1)\SDF\openhitls\crypto\provider\src\cmvp\sm_prov\crypt_sm_decode.c", "C", 0, 0, 0, 0, 0, 0, 0, 0, 0, 0, 71, 0, 0, 0, 0, 0, 0, 0, 14, 9, 94
"d:\dptui\mm (1)\SDF\openhitls\crypto\provider\src\cmvp\sm_prov\crypt_sm_kdf.c", "C", 0, 0, 0, 0, 0, 0, 0, 0, 0, 0, 113, 0, 0, 0, 0, 0, 0, 0, 15, 14, 142
"d:\dptui\mm (1)\SDF\openhitls\crypto\provider\src\cmvp\sm_prov\crypt_sm_keyexch.c", "C", 0, 0, 0, 0, 0, 0, 0, 0, 0, 0, 11, 0, 0, 0, 0, 0, 0, 0, 14, 4, 29
"d:\dptui\mm (1)\SDF\openhitls\crypto\provider\src\cmvp\sm_prov\crypt_sm_keymgmt.c", "C", 0, 0, 0, 0, 0, 0, 0, 0, 0, 0, 71, 0, 0, 0, 0, 0, 0, 0, 14, 8, 93
"d:\dptui\mm (1)\SDF\openhitls\crypto\provider\src\cmvp\sm_prov\crypt_sm_mac.c", "C", 0, 0, 0, 0, 0, 0, 0, 0, 0, 0, 65, 0, 0, 0, 0, 0, 0, 0, 14, 8, 87
"d:\dptui\mm (1)\SDF\openhitls\crypto\provider\src\cmvp\sm_prov\crypt_sm_md.c", "C", 0, 0, 0, 0, 0, 0, 0, 0, 0, 0, 47, 0, 0, 0, 0, 0, 0, 0, 14, 6, 67
"d:\dptui\mm (1)\SDF\openhitls\crypto\provider\src\cmvp\sm_prov\crypt_sm_pkeycipher.c", "C", 0, 0, 0, 0, 0, 0, 0, 0, 0, 0, 12, 0, 0, 0, 0, 0, 0, 0, 14, 4, 30
"d:\dptui\mm (1)\SDF\openhitls\crypto\provider\src\cmvp\sm_prov\crypt_sm_provderimpl.h", "C++", 0, 0, 0, 0, 0, 0, 0, 0, 0, 0, 0, 0, 0, 44, 0, 0, 0, 0, 19, 20, 83
"d:\dptui\mm (1)\SDF\openhitls\crypto\provider\src\cmvp\sm_prov\crypt_sm_provider.c", "C", 0, 0, 0, 0, 0, 0, 0, 0, 0, 0, 419, 0, 0, 0, 0, 0, 0, 0, 14, 47, 480
"d:\dptui\mm (1)\SDF\openhitls\crypto\provider\src\cmvp\sm_prov\crypt_sm_provider.h", "C++", 0, 0, 0, 0, 0, 0, 0, 0, 0, 0, 0, 0, 0, 24, 0, 0, 0, 0, 19, 10, 53
"d:\dptui\mm (1)\SDF\openhitls\crypto\provider\src\cmvp\sm_prov\crypt_sm_rand.c", "C", 0, 0, 0, 0, 0, 0, 0, 0, 0, 0, 206, 0, 0, 0, 0, 0, 0, 0, 25, 18, 249
"d:\dptui\mm (1)\SDF\openhitls\crypto\provider\src\cmvp\sm_prov\crypt_sm_selftest.c", "C", 0, 0, 0, 0, 0, 0, 0, 0, 0, 0, 37, 0, 0, 0, 0, 0, 0, 0, 14, 7, 58
"d:\dptui\mm (1)\SDF\openhitls\crypto\provider\src\cmvp\sm_prov\crypt_sm_selftest.h", "C++", 0, 0, 0, 0, 0, 0, 0, 0, 0, 0, 0, 0, 0, 14, 0, 0, 0, 0, 19, 8, 41
"d:\dptui\mm (1)\SDF\openhitls\crypto\provider\src\cmvp\sm_prov\crypt_sm_sign.c", "C", 0, 0, 0, 0, 0, 0, 0, 0, 0, 0, 31, 0, 0, 0, 0, 0, 0, 0, 14, 6, 51
"d:\dptui\mm (1)\SDF\openhitls\crypto\provider\src\default\crypt_default_cipher.c", "C", 0, 0, 0, 0, 0, 0, 0, 0, 0, 0, 290, 0, 0, 0, 0, 0, 0, 0, 14, 18, 322
"d:\dptui\mm (1)\SDF\openhitls\crypto\provider\src\default\crypt_default_decode.c", "C", 0, 0, 0, 0, 0, 0, 0, 0, 0, 0, 401, 0, 0, 0, 0, 0, 0, 0, 14, 38, 453
"d:\dptui\mm (1)\SDF\openhitls\crypto\provider\src\default\crypt_default_kdf.c", "C", 0, 0, 0, 0, 0, 0, 0, 0, 0, 0, 83, 0, 0, 0, 0, 0, 0, 0, 14, 9, 106
"d:\dptui\mm (1)\SDF\openhitls\crypto\provider\src\default\crypt_default_kem.c", "C", 0, 0, 0, 0, 0, 0, 0, 0, 0, 0, 44, 0, 0, 0, 0, 0, 0, 0, 14, 5, 63
"d:\dptui\mm (1)\SDF\openhitls\crypto\provider\src\default\crypt_default_keyexch.c", "C", 0, 0, 0, 0, 0, 0, 0, 0, 0, 0, 32, 0, 0, 0, 0, 0, 0, 0, 14, 7, 53
"d:\dptui\mm (1)\SDF\openhitls\crypto\provider\src\default\crypt_default_keymgmt.c", "C", 0, 0, 0, 0, 0, 0, 0, 0, 0, 0, 536, 0, 0, 0, 0, 0, 0, 0, 14, 27, 577
"d:\dptui\mm (1)\SDF\openhitls\crypto\provider\src\default\crypt_default_mac.c", "C", 0, 0, 0, 0, 0, 0, 0, 0, 0, 0, 136, 0, 0, 0, 0, 0, 0, 0, 14, 10, 160
"d:\dptui\mm (1)\SDF\openhitls\crypto\provider\src\default\crypt_default_md.c", "C", 0, 0, 0, 0, 0, 0, 0, 0, 0, 0, 244, 0, 0, 0, 0, 0, 0, 0, 14, 17, 275
"d:\dptui\mm (1)\SDF\openhitls\crypto\provider\src\default\crypt_default_pkeycipher.c", "C", 0, 0, 0, 0, 0, 0, 0, 0, 0, 0, 41, 0, 0, 0, 0, 0, 0, 0, 14, 7, 62
"d:\dptui\mm (1)\SDF\openhitls\crypto\provider\src\default\crypt_default_provider.c", "C", 0, 0, 0, 0, 0, 0, 0, 0, 0, 0, 1381, 0, 0, 0, 0, 0, 0, 0, 16, 32, 1429
"d:\dptui\mm (1)\SDF\openhitls\crypto\provider\src\default\crypt_default_provider.h", "C++", 0, 0, 0, 0, 0, 0, 0, 0, 0, 0, 0, 0, 0, 17, 0, 0, 0, 0, 19, 9, 45
"d:\dptui\mm (1)\SDF\openhitls\crypto\provider\src\default\crypt_default_rand.c", "C", 0, 0, 0, 0, 0, 0, 0, 0, 0, 0, 89, 0, 0, 0, 0, 0, 0, 0, 18, 6, 113
"d:\dptui\mm (1)\SDF\openhitls\crypto\provider\src\default\crypt_default_sign.c", "C", 0, 0, 0, 0, 0, 0, 0, 0, 0, 0, 136, 0, 0, 0, 0, 0, 0, 0, 14, 15, 165
"d:\dptui\mm (1)\SDF\openhitls\crypto\provider\src\mgr\crypt_provider.c", "C", 0, 0, 0, 0, 0, 0, 0, 0, 0, 0, 457, 0, 0, 0, 0, 0, 0, 0, 29, 49, 535
"d:\dptui\mm (1)\SDF\openhitls\crypto\provider\src\mgr\crypt_provider_common.c", "C", 0, 0, 0, 0, 0, 0, 0, 0, 0, 0, 294, 0, 0, 0, 0, 0, 0, 0, 24, 29, 347
"d:\dptui\mm (1)\SDF\openhitls\crypto\provider\src\mgr\crypt_provider_compare.c", "C", 0, 0, 0, 0, 0, 0, 0, 0, 0, 0, 387, 0, 0, 0, 0, 0, 0, 0, 32, 55, 474
"d:\dptui\mm (1)\SDF\openhitls\crypto\provider\src\mgr\crypt_provider_local.h", "C++", 0, 0, 0, 0, 0, 0, 0, 0, 0, 0, 0, 0, 0, 43, 0, 0, 0, 0, 20, 11, 74
"d:\dptui\mm (1)\SDF\openhitls\crypto\rsa\CMakeLists.txt", "CMake", 0, 0, 0, 0, 0, 0, 0, 0, 0, 0, 0, 27, 0, 0, 0, 0, 0, 0, 0, 7, 34
"d:\dptui\mm (1)\SDF\openhitls\crypto\rsa\include\crypt_rsa.h", "C++", 0, 0, 0, 0, 0, 0, 0, 0, 0, 0, 0, 0, 0, 143, 0, 0, 0, 0, 503, 60, 706
"d:\dptui\mm (1)\SDF\openhitls\crypto\rsa\src\rsa_blinding.c", "C", 0, 0, 0, 0, 0, 0, 0, 0, 0, 0, 116, 0, 0, 0, 0, 0, 0, 0, 28, 17, 161
"d:\dptui\mm (1)\SDF\openhitls\crypto\rsa\src\rsa_ctrl.c", "C", 0, 0, 0, 0, 0, 0, 0, 0, 0, 0, 576, 0, 0, 0, 0, 0, 0, 0, 26, 36, 638
"d:\dptui\mm (1)\SDF\openhitls\crypto\rsa\src\rsa_encdec.c", "C", 0, 0, 0, 0, 0, 0, 0, 0, 0, 0, 1098, 0, 0, 0, 0, 0, 0, 0, 61, 76, 1235
"d:\dptui\mm (1)\SDF\openhitls\crypto\rsa\src\rsa_keygen.c", "C", 0, 0, 0, 0, 0, 0, 0, 0, 0, 0, 1251, 0, 0, 0, 0, 0, 0, 0, 113, 85, 1449
"d:\dptui\mm (1)\SDF\openhitls\crypto\rsa\src\rsa_keyop.c", "C", 0, 0, 0, 0, 0, 0, 0, 0, 0, 0, 769, 0, 0, 0, 0, 0, 0, 0, 67, 50, 886
"d:\dptui\mm (1)\SDF\openhitls\crypto\rsa\src\rsa_local.h", "C++", 0, 0, 0, 0, 0, 0, 0, 0, 0, 0, 0, 0, 0, 154, 0, 0, 0, 0, 75, 32, 261
"d:\dptui\mm (1)\SDF\openhitls\crypto\rsa\src\rsa_padding.c", "C", 0, 0, 0, 0, 0, 0, 0, 0, 0, 0, 806, 0, 0, 0, 0, 0, 0, 0, 137, 83, 1026
"d:\dptui\mm (1)\SDF\openhitls\crypto\scrypt\CMakeLists.txt", "CMake", 0, 0, 0, 0, 0, 0, 0, 0, 0, 0, 0, 27, 0, 0, 0, 0, 0, 0, 0, 7, 34
"d:\dptui\mm (1)\SDF\openhitls\crypto\scrypt\include\crypt_scrypt.h", "C++", 0, 0, 0, 0, 0, 0, 0, 0, 0, 0, 0, 0, 0, 30, 0, 0, 0, 0, 92, 18, 140
"d:\dptui\mm (1)\SDF\openhitls\crypto\scrypt\src\scrypt.c", "C", 0, 0, 0, 0, 0, 0, 0, 0, 0, 0, 441, 0, 0, 0, 0, 0, 0, 0, 46, 63, 550
"d:\dptui\mm (1)\SDF\openhitls\crypto\sha1\CMakeLists.txt", "CMake", 0, 0, 0, 0, 0, 0, 0, 0, 0, 0, 0, 34, 0, 0, 0, 0, 0, 0, 0, 8, 42
"d:\dptui\mm (1)\SDF\openhitls\crypto\sha1\include\crypt_sha1.h", "C++", 0, 0, 0, 0, 0, 0, 0, 0, 0, 0, 0, 0, 0, 43, 0, 0, 0, 0, 119, 24, 186
"d:\dptui\mm (1)\SDF\openhitls\crypto\sha1\src\asm\sha1_armv8.S", "Assembly", 0, 0, 0, 0, 0, 0, 0, 0, 0, 0, 0, 0, 0, 0, 0, 550, 0, 0, 0, 85, 635
"d:\dptui\mm (1)\SDF\openhitls\crypto\sha1\src\asm\sha1_x86_64.S", "Assembly", 0, 0, 0, 0, 0, 0, 0, 0, 0, 0, 0, 0, 0, 0, 0, 664, 0, 0, 0, 59, 723
"d:\dptui\mm (1)\SDF\openhitls\crypto\sha1\src\noasm_sha1.c", "C", 0, 0, 0, 0, 0, 0, 0, 0, 0, 0, 151, 0, 0, 0, 0, 0, 0, 0, 22, 22, 195
"d:\dptui\mm (1)\SDF\openhitls\crypto\sha1\src\noasm_sha1_small.c", "C", 0, 0, 0, 0, 0, 0, 0, 0, 0, 0, 85, 0, 0, 0, 0, 0, 0, 0, 22, 20, 127
"d:\dptui\mm (1)\SDF\openhitls\crypto\sha1\src\sha1.c", "C", 0, 0, 0, 0, 0, 0, 0, 0, 0, 0, 204, 0, 0, 0, 0, 0, 0, 0, 29, 39, 272
"d:\dptui\mm (1)\SDF\openhitls\crypto\sha1\src\sha1_core.h", "C++", 0, 0, 0, 0, 0, 0, 0, 0, 0, 0, 0, 0, 0, 14, 0, 0, 0, 0, 14, 9, 37
"d:\dptui\mm (1)\SDF\openhitls\crypto\sha2\CMakeLists.txt", "CMake", 0, 0, 0, 0, 0, 0, 0, 0, 0, 0, 0, 49, 0, 0, 0, 0, 0, 0, 0, 7, 56
"d:\dptui\mm (1)\SDF\openhitls\crypto\sha2\include\crypt_sha2.h", "C++", 0, 0, 0, 0, 0, 0, 0, 0, 0, 0, 0, 0, 0, 145, 0, 0, 0, 0, 503, 63, 711
"d:\dptui\mm (1)\SDF\openhitls\crypto\sha2\src\asm\sha2_256_armv8.S", "Assembly", 0, 0, 0, 0, 0, 0, 0, 0, 0, 0, 0, 0, 0, 0, 0, 721, 0, 0, 0, 106, 827
"d:\dptui\mm (1)\SDF\openhitls\crypto\sha2\src\asm\sha2_256_x86_64.S", "Assembly", 0, 0, 0, 0, 0, 0, 0, 0, 0, 0, 0, 0, 0, 0, 0, 590, 0, 0, 0, 55, 645
"d:\dptui\mm (1)\SDF\openhitls\crypto\sha2\src\asm\sha2_512_armv8.S", "Assembly", 0, 0, 0, 0, 0, 0, 0, 0, 0, 0, 0, 0, 0, 0, 0, 266, 0, 0, 0, 45, 311
"d:\dptui\mm (1)\SDF\openhitls\crypto\sha2\src\asm\sha2_512_x86_64.S", "Assembly", 0, 0, 0, 0, 0, 0, 0, 0, 0, 0, 0, 0, 0, 0, 0, 481, 0, 0, 0, 36, 517
"d:\dptui\mm (1)\SDF\openhitls\crypto\sha2\src\noasm_sha256.c", "C", 0, 0, 0, 0, 0, 0, 0, 0, 0, 0, 95, 0, 0, 0, 0, 0, 0, 0, 25, 15, 135
"d:\dptui\mm (1)\SDF\openhitls\crypto\sha2\src\noasm_sha256_small.c", "C", 0, 0, 0, 0, 0, 0, 0, 0, 0, 0, 74, 0, 0, 0, 0, 0, 0, 0, 23, 15, 112
"d:\dptui\mm (1)\SDF\openhitls\crypto\sha2\src\noasm_sha512.c", "C", 0, 0, 0, 0, 0, 0, 0, 0, 0, 0, 116, 0, 0, 0, 0, 0, 0, 0, 17, 16, 149
"d:\dptui\mm (1)\SDF\openhitls\crypto\sha2\src\noasm_sha512_small.c", "C", 0, 0, 0, 0, 0, 0, 0, 0, 0, 0, 82, 0, 0, 0, 0, 0, 0, 0, 29, 16, 127
"d:\dptui\mm (1)\SDF\openhitls\crypto\sha2\src\sha2_256.c", "C", 0, 0, 0, 0, 0, 0, 0, 0, 0, 0, 437, 0, 0, 0, 0, 0, 0, 0, 42, 55, 534
"d:\dptui\mm (1)\SDF\openhitls\crypto\sha2\src\sha2_512.c", "C", 0, 0, 0, 0, 0, 0, 0, 0, 0, 0, 244, 0, 0, 0, 0, 0, 0, 0, 23, 43, 310
"d:\dptui\mm (1)\SDF\openhitls\crypto\sha2\src\sha2_core.h", "C++", 0, 0, 0, 0, 0, 0, 0, 0, 0, 0, 0, 0, 0, 20, 0, 0, 0, 0, 14, 8, 42
"d:\dptui\mm (1)\SDF\openhitls\crypto\sha3\CMakeLists.txt", "CMake", 0, 0, 0, 0, 0, 0, 0, 0, 0, 0, 0, 32, 0, 0, 0, 0, 0, 0, 0, 7, 39
"d:\dptui\mm (1)\SDF\openhitls\crypto\sha3\include\crypt_sha3.h", "C++", 0, 0, 0, 0, 0, 0, 0, 0, 0, 0, 0, 0, 0, 146, 0, 0, 0, 0, 28, 44, 218
"d:\dptui\mm (1)\SDF\openhitls\crypto\sha3\src\asm\sha3_armv8.S", "Assembly", 0, 0, 0, 0, 0, 0, 0, 0, 0, 0, 0, 0, 0, 0, 0, 1181, 0, 0, 0, 178, 1359
"d:\dptui\mm (1)\SDF\openhitls\crypto\sha3\src\asm_sha3.c", "C", 0, 0, 0, 0, 0, 0, 0, 0, 0, 0, 49, 0, 0, 0, 0, 0, 0, 0, 18, 10, 77
"d:\dptui\mm (1)\SDF\openhitls\crypto\sha3\src\asm_sha3.h", "C++", 0, 0, 0, 0, 0, 0, 0, 0, 0, 0, 0, 0, 0, 27, 0, 0, 0, 0, 15, 8, 50
"d:\dptui\mm (1)\SDF\openhitls\crypto\sha3\src\noasm_sha3.c", "C", 0, 0, 0, 0, 0, 0, 0, 0, 0, 0, 52, 0, 0, 0, 0, 0, 0, 0, 19, 13, 84
"d:\dptui\mm (1)\SDF\openhitls\crypto\sha3\src\public_sha3.c", "C", 0, 0, 0, 0, 0, 0, 0, 0, 0, 0, 92, 0, 0, 0, 0, 0, 0, 0, 40, 20, 152
"d:\dptui\mm (1)\SDF\openhitls\crypto\sha3\src\sha3.c", "C", 0, 0, 0, 0, 0, 0, 0, 0, 0, 0, 371, 0, 0, 0, 0, 0, 0, 0, 29, 66, 466
"d:\dptui\mm (1)\SDF\openhitls\crypto\sha3\src\sha3_core.h", "C++", 0, 0, 0, 0, 0, 0, 0, 0, 0, 0, 0, 0, 0, 16, 0, 0, 0, 0, 14, 9, 39
"d:\dptui\mm (1)\SDF\openhitls\crypto\siphash\CMakeLists.txt", "CMake", 0, 0, 0, 0, 0, 0, 0, 0, 0, 0, 0, 26, 0, 0, 0, 0, 0, 0, 0, 7, 33
"d:\dptui\mm (1)\SDF\openhitls\crypto\siphash\include\crypt_siphash.h", "C++", 0, 0, 0, 0, 0, 0, 0, 0, 0, 0, 0, 0, 0, 34, 0, 0, 0, 0, 93, 23, 150
"d:\dptui\mm (1)\SDF\openhitls\crypto\siphash\src\siphash.c", "C", 0, 0, 0, 0, 0, 0, 0, 0, 0, 0, 311, 0, 0, 0, 0, 0, 0, 0, 33, 31, 375
"d:\dptui\mm (1)\SDF\openhitls\crypto\sm2\CMakeLists.txt", "CMake", 0, 0, 0, 0, 0, 0, 0, 0, 0, 0, 0, 35, 0, 0, 0, 0, 0, 0, 0, 7, 42
"d:\dptui\mm (1)\SDF\openhitls\crypto\sm2\include\crypt_sm2.h", "C++", 0, 0, 0, 0, 0, 0, 0, 0, 0, 0, 0, 0, 0, 68, 0, 0, 0, 0, 343, 38, 449
"d:\dptui\mm (1)\SDF\openhitls\crypto\sm2\src\sm2_crypt.c", "C", 0, 0, 0, 0, 0, 0, 0, 0, 0, 0, 316, 0, 0, 0, 0, 0, 0, 0, 37, 24, 377
"d:\dptui\mm (1)\SDF\openhitls\crypto\sm2\src\sm2_exch.c", "C", 0, 0, 0, 0, 0, 0, 0, 0, 0, 0, 327, 0, 0, 0, 0, 0, 0, 0, 39, 18, 384
"d:\dptui\mm (1)\SDF\openhitls\crypto\sm2\src\sm2_local.h", "C++", 0, 0, 0, 0, 0, 0, 0, 0, 0, 0, 0, 0, 0, 59, 0, 0, 0, 0, 46, 16, 121
"d:\dptui\mm (1)\SDF\openhitls\crypto\sm2\src\sm2_sign.c", "C", 0, 0, 0, 0, 0, 0, 0, 0, 0, 0, 1063, 0, 0, 0, 0, 0, 0, 0, 31, 106, 1200
"d:\dptui\mm (1)\SDF\openhitls\crypto\sm3\CMakeLists.txt", "CMake", 0, 0, 0, 0, 0, 0, 0, 0, 0, 0, 0, 49, 0, 0, 0, 0, 0, 0, 0, 7, 56
"d:\dptui\mm (1)\SDF\openhitls\crypto\sm3\include\crypt_sm3.h", "C++", 0, 0, 0, 0, 0, 0, 0, 0, 0, 0, 0, 0, 0, 42, 0, 0, 0, 0, 116, 23, 181
"d:\dptui\mm (1)\SDF\openhitls\crypto\sm3\src\asm\sm3_armv7.S", "Assembly", 0, 0, 0, 0, 0, 0, 0, 0, 0, 0, 0, 0, 0, 0, 0, 293, 0, 0, 0, 16, 309
"d:\dptui\mm (1)\SDF\openhitls\crypto\sm3\src\asm\sm3_armv8.S", "Assembly", 0, 0, 0, 0, 0, 0, 0, 0, 0, 0, 0, 0, 0, 0, 0, 651, 0, 0, 0, 38, 689
"d:\dptui\mm (1)\SDF\openhitls\crypto\sm3\src\asm\sm3_x86_64.s", "Assembly", 0, 0, 0, 0, 0, 0, 0, 0, 0, 0, 0, 0, 0, 0, 0, 587, 0, 0, 0, 48, 635
"d:\dptui\mm (1)\SDF\openhitls\crypto\sm3\src\asm_sm3.c", "C", 0, 0, 0, 0, 0, 0, 0, 0, 0, 0, 14, 0, 0, 0, 0, 0, 0, 0, 14, 4, 32
"d:\dptui\mm (1)\SDF\openhitls\crypto\sm3\src\noasm_sm3.c", "C", 0, 0, 0, 0, 0, 0, 0, 0, 0, 0, 250, 0, 0, 0, 0, 0, 0, 0, 18, 19, 287
"d:\dptui\mm (1)\SDF\openhitls\crypto\sm3\src\noasm_sm3_small.c", "C", 0, 0, 0, 0, 0, 0, 0, 0, 0, 0, 119, 0, 0, 0, 0, 0, 0, 0, 22, 22, 163
"d:\dptui\mm (1)\SDF\openhitls\crypto\sm3\src\sm3_local.h", "C++", 0, 0, 0, 0, 0, 0, 0, 0, 0, 0, 0, 0, 0, 16, 0, 0, 0, 0, 16, 13, 45
"d:\dptui\mm (1)\SDF\openhitls\crypto\sm3\src\sm3_public.c", "C", 0, 0, 0, 0, 0, 0, 0, 0, 0, 0, 199, 0, 0, 0, 0, 0, 0, 0, 18, 32, 249
"d:\dptui\mm (1)\SDF\openhitls\crypto\sm4\CMakeLists.txt", "CMake", 0, 0, 0, 0, 0, 0, 0, 0, 0, 0, 0, 44, 0, 0, 0, 0, 0, 0, 0, 9, 53
"d:\dptui\mm (1)\SDF\openhitls\crypto\sm4\include\crypt_sm4.h", "C++", 0, 0, 0, 0, 0, 0, 0, 0, 0, 0, 0, 0, 0, 57, 0, 0, 0, 0, 227, 30, 314
"d:\dptui\mm (1)\SDF\openhitls\crypto\sm4\src\asm\crypt_sm4_armv8.S", "Assembly", 0, 0, 0, 0, 0, 0, 0, 0, 0, 0, 0, 0, 0, 0, 0, 2721, 0, 0, 0, 206, 2927
"d:\dptui\mm (1)\SDF\openhitls\crypto\sm4\src\asm\crypt_sm4_ex_armv8.S", "Assembly", 0, 0, 0, 0, 0, 0, 0, 0, 0, 0, 0, 0, 0, 0, 0, 198, 0, 0, 0, 27, 225
"d:\dptui\mm (1)\SDF\openhitls\crypto\sm4\src\asm\crypt_sm4_macro_x86_64.s", "Assembly", 0, 0, 0, 0, 0, 0, 0, 0, 0, 0, 0, 0, 0, 0, 0, 149, 0, 0, 0, 27, 176
"d:\dptui\mm (1)\SDF\openhitls\crypto\sm4\src\asm\crypt_sm4_modes_macro_x86_64.s", "Assembly", 0, 0, 0, 0, 0, 0, 0, 0, 0, 0, 0, 0, 0, 0, 0, 399, 0, 0, 0, 51, 450
"d:\dptui\mm (1)\SDF\openhitls\crypto\sm4\src\asm\crypt_sm4_modes_x86_64.S", "Assembly", 0, 0, 0, 0, 0, 0, 0, 0, 0, 0, 0, 0, 0, 0, 0, 1022, 0, 0, 0, 263, 1285
"d:\dptui\mm (1)\SDF\openhitls\crypto\sm4\src\asm\crypt_sm4_x86_64.S", "Assembly", 0, 0, 0, 0, 0, 0, 0, 0, 0, 0, 0, 0, 0, 0, 0, 309, 0, 0, 0, 60, 369
"d:\dptui\mm (1)\SDF\openhitls\crypto\sm4\src\crypt_sm4.c", "C", 0, 0, 0, 0, 0, 0, 0, 0, 0, 0, 217, 0, 0, 0, 0, 0, 0, 0, 39, 22, 278
"d:\dptui\mm (1)\SDF\openhitls\crypto\sm4\src\crypt_sm4_armv8.c", "C", 0, 0, 0, 0, 0, 0, 0, 0, 0, 0, 183, 0, 0, 0, 0, 0, 0, 0, 18, 26, 227
"d:\dptui\mm (1)\SDF\openhitls\crypto\sm4\src\crypt_sm4_armv8.h", "C++", 0, 0, 0, 0, 0, 0, 0, 0, 0, 0, 0, 0, 0, 28, 0, 0, 0, 0, 14, 14, 56
"d:\dptui\mm (1)\SDF\openhitls\crypto\sm4\src\crypt_sm4_public.c", "C", 0, 0, 0, 0, 0, 0, 0, 0, 0, 0, 9, 0, 0, 0, 0, 0, 0, 0, 14, 4, 27
"d:\dptui\mm (1)\SDF\openhitls\crypto\sm4\src\crypt_sm4_x86_64.c", "C", 0, 0, 0, 0, 0, 0, 0, 0, 0, 0, 344, 0, 0, 0, 0, 0, 0, 0, 21, 60, 425
"d:\dptui\mm (1)\SDF\openhitls\crypto\sm4\src\crypt_sm4_x86_64.h", "C++", 0, 0, 0, 0, 0, 0, 0, 0, 0, 0, 0, 0, 0, 19, 0, 0, 0, 0, 15, 10, 44
"d:\dptui\mm (1)\SDF\openhitls\crypto\sm4\src\sm4_key.c", "C", 0, 0, 0, 0, 0, 0, 0, 0, 0, 0, 191, 0, 0, 0, 0, 0, 0, 0, 27, 14, 232
"d:\dptui\mm (1)\SDF\openhitls\crypto\sm9\CMakeLists.txt", "CMake", 0, 0, 0, 0, 0, 0, 0, 0, 0, 0, 0, 26, 0, 0, 0, 0, 0, 0, 0, 7, 33
"d:\dptui\mm (1)\SDF\openhitls\crypto\sm9\include\crypt_sm9.h", "C++", 0, 0, 0, 0, 0, 0, 0, 0, 0, 0, 0, 0, 0, 46, 0, 0, 0, 0, 20, 17, 83
"d:\dptui\mm (1)\SDF\openhitls\crypto\sm9\include\crypt_sm9_eal.h", "C++", 0, 0, 0, 0, 0, 0, 0, 0, 0, 0, 0, 0, 0, 40, 0, 0, 0, 0, 141, 24, 205
"d:\dptui\mm (1)\SDF\openhitls\crypto\sm9\include\sm9.h", "C++", 0, 0, 0, 0, 0, 0, 0, 0, 0, 0, 0, 0, 0, 114, 0, 0, 0, 0, 30, 35, 179
"d:\dptui\mm (1)\SDF\openhitls\crypto\sm9\include\sm9_bn.h", "C++", 0, 0, 0, 0, 0, 0, 0, 0, 0, 0, 0, 0, 0, 54, 0, 0, 0, 0, 51, 43, 148
"d:\dptui\mm (1)\SDF\openhitls\crypto\sm9\include\sm9_curve.h", "C++", 0, 0, 0, 0, 0, 0, 0, 0, 0, 0, 0, 0, 0, 101, 0, 0, 0, 0, 31, 35, 167
"d:\dptui\mm (1)\SDF\openhitls\crypto\sm9\src\sm9.c", "C", 0, 0, 0, 0, 0, 0, 0, 0, 0, 0, 596, 0, 0, 0, 0, 0, 0, 0, 103, 135, 834
"d:\dptui\mm (1)\SDF\openhitls\crypto\sm9\src\sm9_bn.c", "C", 0, 0, 0, 0, 0, 0, 0, 0, 0, 0, 395, 0, 0, 0, 0, 0, 0, 0, 42, 71, 508
"d:\dptui\mm (1)\SDF\openhitls\crypto\sm9\src\sm9_crypt.c", "C", 0, 0, 0, 0, 0, 0, 0, 0, 0, 0, 82, 0, 0, 0, 0, 0, 0, 0, 17, 31, 130
"d:\dptui\mm (1)\SDF\openhitls\crypto\sm9\src\sm9_curve.c", "C", 0, 0, 0, 0, 0, 0, 0, 0, 0, 0, 89, 0, 0, 0, 0, 0, 0, 0, 57, 14, 160
"d:\dptui\mm (1)\SDF\openhitls\crypto\sm9\src\sm9_eal.c", "C", 0, 0, 0, 0, 0, 0, 0, 0, 0, 0, 507, 0, 0, 0, 0, 0, 0, 0, 71, 108, 686
"d:\dptui\mm (1)\SDF\openhitls\crypto\sm9\src\sm9_ecp.c", "C", 0, 0, 0, 0, 0, 0, 0, 0, 0, 0, 210, 0, 0, 0, 0, 0, 0, 0, 31, 33, 274
"d:\dptui\mm (1)\SDF\openhitls\crypto\sm9\src\sm9_ecp.h", "C++", 0, 0, 0, 0, 0, 0, 0, 0, 0, 0, 0, 0, 0, 27, 0, 0, 0, 0, 16, 19, 62
"d:\dptui\mm (1)\SDF\openhitls\crypto\sm9\src\sm9_ecp2.c", "C", 0, 0, 0, 0, 0, 0, 0, 0, 0, 0, 145, 0, 0, 0, 0, 0, 0, 0, 32, 31, 208
"d:\dptui\mm (1)\SDF\openhitls\crypto\sm9\src\sm9_ecp2.h", "C++", 0, 0, 0, 0, 0, 0, 0, 0, 0, 0, 0, 0, 0, 26, 0, 0, 0, 0, 14, 17, 57
"d:\dptui\mm (1)\SDF\openhitls\crypto\sm9\src\sm9_fp.c", "C", 0, 0, 0, 0, 0, 0, 0, 0, 0, 0, 17, 0, 0, 0, 0, 0, 0, 0, 14, 7, 38
"d:\dptui\mm (1)\SDF\openhitls\crypto\sm9\src\sm9_fp.h", "C++", 0, 0, 0, 0, 0, 0, 0, 0, 0, 0, 0, 0, 0, 55, 0, 0, 0, 0, 16, 24, 95
"d:\dptui\mm (1)\SDF\openhitls\crypto\sm9\src\sm9_fp12.c", "C", 0, 0, 0, 0, 0, 0, 0, 0, 0, 0, 231, 0, 0, 0, 0, 0, 0, 0, 26, 37, 294
"d:\dptui\mm (1)\SDF\openhitls\crypto\sm9\src\sm9_fp12.h", "C++", 0, 0, 0, 0, 0, 0, 0, 0, 0, 0, 0, 0, 0, 26, 0, 0, 0, 0, 18, 17, 61
"d:\dptui\mm (1)\SDF\openhitls\crypto\sm9\src\sm9_fp2.c", "C", 0, 0, 0, 0, 0, 0, 0, 0, 0, 0, 110, 0, 0, 0, 0, 0, 0, 0, 14, 23, 147
"d:\dptui\mm (1)\SDF\openhitls\crypto\sm9\src\sm9_fp2.h", "C++", 0, 0, 0, 0, 0, 0, 0, 0, 0, 0, 0, 0, 0, 29, 0, 0, 0, 0, 24, 14, 67
"d:\dptui\mm (1)\SDF\openhitls\crypto\sm9\src\sm9_fp4.c", "C", 0, 0, 0, 0, 0, 0, 0, 0, 0, 0, 109, 0, 0, 0, 0, 0, 0, 0, 23, 31, 163
"d:\dptui\mm (1)\SDF\openhitls\crypto\sm9\src\sm9_fp4.h", "C++", 0, 0, 0, 0, 0, 0, 0, 0, 0, 0, 0, 0, 0, 27, 0, 0, 0, 0, 14, 14, 55
"d:\dptui\mm (1)\SDF\openhitls\crypto\sm9\src\sm9_pairing.c", "C", 0, 0, 0, 0, 0, 0, 0, 0, 0, 0, 318, 0, 0, 0, 0, 0, 0, 0, 153, 101, 572
"d:\dptui\mm (1)\SDF\openhitls\crypto\sm9\src\sm9_pairing.h", "C++", 0, 0, 0, 0, 0, 0, 0, 0, 0, 0, 0, 0, 0, 32, 0, 0, 0, 0, 14, 15, 61
"d:\dptui\mm (1)\SDF\openhitls\crypto\sm9\src\sm9_sign.c", "C", 0, 0, 0, 0, 0, 0, 0, 0, 0, 0, 98, 0, 0, 0, 0, 0, 0, 0, 17, 36, 151
"d:\dptui\mm (1)\SDF\openhitls\crypto\util\CMakeLists.txt", "CMake", 0, 0, 0, 0, 0, 0, 0, 0, 0, 0, 0, 45, 0, 0, 0, 0, 0, 0, 0, 8, 53
"d:\dptui\mm (1)\SDF\openhitls\crypto\util\crypt_util_ctrl.c", "C", 0, 0, 0, 0, 0, 0, 0, 0, 0, 0, 103, 0, 0, 0, 0, 0, 0, 0, 16, 10, 129
"d:\dptui\mm (1)\SDF\openhitls\crypto\util\crypt_util_md.c", "C", 0, 0, 0, 0, 0, 0, 0, 0, 0, 0, 34, 0, 0, 0, 0, 0, 0, 0, 14, 4, 52
"d:\dptui\mm (1)\SDF\openhitls\crypto\util\crypt_util_mgf.c", "C", 0, 0, 0, 0, 0, 0, 0, 0, 0, 0, 71, 0, 0, 0, 0, 0, 0, 0, 16, 8, 95
"d:\dptui\mm (1)\SDF\openhitls\crypto\util\crypt_util_pkey.c", "C", 0, 0, 0, 0, 0, 0, 0, 0, 0, 0, 151, 0, 0, 0, 0, 0, 0, 0, 23, 10, 184
"d:\dptui\mm (1)\SDF\openhitls\crypto\util\crypt_util_rand.c", "C", 0, 0, 0, 0, 0, 0, 0, 0, 0, 0, 58, 0, 0, 0, 0, 0, 0, 0, 14, 11, 83
"d:\dptui\mm (1)\SDF\openhitls\crypto\util\crypt_utils.c", "C", 0, 0, 0, 0, 0, 0, 0, 0, 0, 0, 97, 0, 0, 0, 0, 0, 0, 0, 15, 11, 123
"d:\dptui\mm (1)\SDF\openhitls\docs\en\1_Release Notes.md", "Markdown", 0, 0, 0, 0, 81, 0, 0, 0, 0, 0, 0, 0, 0, 0, 0, 0, 0, 0, 0, 13, 94
"d:\dptui\mm (1)\SDF\openhitls\docs\en\2_Key Features.md", "Markdown", 0, 0, 0, 0, 55, 0, 0, 0, 0, 0, 0, 0, 0, 0, 0, 0, 0, 0, 0, 19, 74
"d:\dptui\mm (1)\SDF\openhitls\docs\en\3_Quick Start.md", "Markdown", 0, 0, 0, 0, 23, 0, 0, 0, 0, 0, 0, 0, 0, 0, 0, 0, 0, 0, 0, 12, 35
"d:\dptui\mm (1)\SDF\openhitls\docs\en\4_User Guide\1_Build and Installation Guide.md", "Markdown", 0, 0, 0, 0, 160, 0, 0, 0, 0, 0, 0, 0, 0, 0, 0, 0, 0, 0, 0, 55, 215
"d:\dptui\mm (1)\SDF\openhitls\docs\en\4_User Guide\2_Test Guide.md", "Markdown", 0, 0, 0, 0, 231, 0, 0, 0, 0, 0, 0, 0, 0, 0, 0, 0, 0, 0, 0, 57, 288
"d:\dptui\mm (1)\SDF\openhitls\docs\en\4_User Guide\3_Upgrade Guide.md", "Markdown", 0, 0, 0, 0, 2, 0, 0, 0, 0, 0, 0, 0, 0, 0, 0, 0, 0, 0, 0, 2, 4
"d:\dptui\mm (1)\SDF\openhitls\docs\en\4_User Guide\4_Configuration guide.md", "Markdown", 0, 0, 0, 0, 80, 0, 0, 0, 0, 0, 0, 0, 0, 0, 0, 0, 0, 0, 0, 33, 113
"d:\dptui\mm (1)\SDF\openhitls\docs\en\4_User Guide\5_Command Line Guide.md", "Markdown", 0, 0, 0, 0, 260, 0, 0, 0, 0, 0, 0, 0, 0, 0, 0, 0, 0, 0, 0, 97, 357
"d:\dptui\mm (1)\SDF\openhitls\docs\en\5_Developer Guide\1_Encryption and Integrity Protection Application Development Guide.md", "Markdown", 0, 0, 0, 0, 660, 0, 0, 0, 0, 0, 0, 0, 0, 0, 0, 0, 0, 0, 0, 114, 774
"d:\dptui\mm (1)\SDF\openhitls\docs\en\5_Developer Guide\2_Secure Communication Application Development Guide.md", "Markdown", 0, 0, 0, 0, 617, 0, 0, 0, 0, 0, 0, 0, 0, 0, 0, 0, 0, 0, 0, 145, 762
"d:\dptui\mm (1)\SDF\openhitls\docs\en\5_Developer Guide\3_API Reference.md", "Markdown", 0, 0, 0, 0, 1, 0, 0, 0, 0, 0, 0, 0, 0, 0, 0, 0, 0, 0, 0, 0, 1
"d:\dptui\mm (1)\SDF\openhitls\docs\en\5_Developer Guide\4_provider Development Guide.md", "Markdown", 0, 0, 0, 0, 427, 0, 0, 0, 0, 0, 0, 0, 0, 0, 0, 0, 0, 0, 0, 85, 512
"d:\dptui\mm (1)\SDF\openhitls\docs\en\5_Developer Guide\5_TLS_Certificate_Interfaces.md", "Markdown", 0, 0, 0, 0, 332, 0, 0, 0, 0, 0, 0, 0, 0, 0, 0, 0, 0, 0, 0, 97, 429
"d:\dptui\mm (1)\SDF\openhitls\docs\en\5_Developer Guide\6_CMake Build System Developer Configuration Guide.md", "Markdown", 0, 0, 0, 0, 180, 0, 0, 0, 0, 0, 0, 0, 0, 0, 0, 0, 0, 0, 0, 54, 234
"d:\dptui\mm (1)\SDF\openhitls\docs\en\6_Appendix\1_Terms.md", "Markdown", 0, 0, 0, 0, 52, 0, 0, 0, 0, 0, 0, 0, 0, 0, 0, 0, 0, 0, 0, 1, 53
"d:\dptui\mm (1)\SDF\openhitls\docs\en\7_Operations Guide\1_Label and Issue Management.md", "Markdown", 0, 0, 0, 0, 202, 0, 0, 0, 0, 0, 0, 0, 0, 0, 0, 0, 0, 0, 0, 37, 239
"d:\dptui\mm (1)\SDF\openhitls\docs\index\index.md", "Markdown", 0, 0, 0, 0, 20, 0, 0, 0, 0, 0, 0, 0, 0, 0, 0, 0, 0, 0, 0, 4, 24
"d:\dptui\mm (1)\SDF\openhitls\docs\zh\1_发行声明.md", "Markdown", 0, 0, 0, 0, 81, 0, 0, 0, 0, 0, 0, 0, 0, 0, 0, 0, 0, 0, 0, 13, 94
"d:\dptui\mm (1)\SDF\openhitls\docs\zh\2_关键特性.md", "Markdown", 0, 0, 0, 0, 55, 0, 0, 0, 0, 0, 0, 0, 0, 0, 0, 0, 0, 0, 0, 19, 74
"d:\dptui\mm (1)\SDF\openhitls\docs\zh\3_快速入门.md", "Markdown", 0, 0, 0, 0, 23, 0, 0, 0, 0, 0, 0, 0, 0, 0, 0, 0, 0, 0, 0, 14, 37
"d:\dptui\mm (1)\SDF\openhitls\docs\zh\4_使用指南\1_构建及安装指导.md", "Markdown", 0, 0, 0, 0, 160, 0, 0, 0, 0, 0, 0, 0, 0, 0, 0, 0, 0, 0, 0, 52, 212
"d:\dptui\mm (1)\SDF\openhitls\docs\zh\4_使用指南\2_测试指南.md", "Markdown", 0, 0, 0, 0, 231, 0, 0, 0, 0, 0, 0, 0, 0, 0, 0, 0, 0, 0, 0, 46, 277
"d:\dptui\mm (1)\SDF\openhitls\docs\zh\4_使用指南\3_版本升级指导.md", "Markdown", 0, 0, 0, 0, 2, 0, 0, 0, 0, 0, 0, 0, 0, 0, 0, 0, 0, 0, 0, 4, 6
"d:\dptui\mm (1)\SDF\openhitls\docs\zh\4_使用指南\4_配置指南.md", "Markdown", 0, 0, 0, 0, 80, 0, 0, 0, 0, 0, 0, 0, 0, 0, 0, 0, 0, 0, 0, 33, 113
"d:\dptui\mm (1)\SDF\openhitls\docs\zh\4_使用指南\5_命令行指南.md", "Markdown", 0, 0, 0, 0, 260, 0, 0, 0, 0, 0, 0, 0, 0, 0, 0, 0, 0, 0, 0, 97, 357
"d:\dptui\mm (1)\SDF\openhitls\docs\zh\5_开发指南\1_加密完保应用开发指南.md", "Markdown", 0, 0, 0, 0, 658, 0, 0, 0, 0, 0, 0, 0, 0, 0, 0, 0, 0, 0, 0, 119, 777
"d:\dptui\mm (1)\SDF\openhitls\docs\zh\5_开发指南\2_安全通信应用开发指南.md", "Markdown", 0, 0, 0, 0, 618, 0, 0, 0, 0, 0, 0, 0, 0, 0, 0, 0, 0, 0, 0, 144, 762
"d:\dptui\mm (1)\SDF\openhitls\docs\zh\5_开发指南\3_API参考.md", "Markdown", 0, 0, 0, 0, 1, 0, 0, 0, 0, 0, 0, 0, 0, 0, 0, 0, 0, 0, 0, 3, 4
"d:\dptui\mm (1)\SDF\openhitls\docs\zh\5_开发指南\4_provider开发指南.md", "Markdown", 0, 0, 0, 0, 424, 0, 0, 0, 0, 0, 0, 0, 0, 0, 0, 0, 0, 0, 0, 82, 506
"d:\dptui\mm (1)\SDF\openhitls\docs\zh\5_开发指南\5_TLS证书接口参考.md", "Markdown", 0, 0, 0, 0, 332, 0, 0, 0, 0, 0, 0, 0, 0, 0, 0, 0, 0, 0, 0, 98, 430
"d:\dptui\mm (1)\SDF\openhitls\docs\zh\5_开发指南\6_CMake构建系统开发配置指南.md", "Markdown", 0, 0, 0, 0, 181, 0, 0, 0, 0, 0, 0, 0, 0, 0, 0, 0, 0, 0, 0, 43, 224
"d:\dptui\mm (1)\SDF\openhitls\docs\zh\6_附录\1_术语列表.md", "Markdown", 0, 0, 0, 0, 52, 0, 0, 0, 0, 0, 0, 0, 0, 0, 0, 0, 0, 0, 0, 1, 53
"d:\dptui\mm (1)\SDF\openhitls\include\auth\auth_errno.h", "C++", 0, 0, 0, 0, 0, 0, 0, 0, 0, 0, 0, 0, 0, 77, 0, 0, 0, 0, 42, 14, 133
"d:\dptui\mm (1)\SDF\openhitls\include\auth\auth_otp.h", "C++", 0, 0, 0, 0, 0, 0, 0, 0, 0, 0, 0, 0, 0, 54, 0, 0, 0, 0, 134, 21, 209
"d:\dptui\mm (1)\SDF\openhitls\include\auth\auth_pake.h", "C++", 0, 0, 0, 0, 0, 0, 0, 0, 0, 0, 0, 0, 0, 62, 0, 0, 0, 0, 112, 21, 195
"d:\dptui\mm (1)\SDF\openhitls\include\auth\auth_params.h", "C++", 0, 0, 0, 0, 0, 0, 0, 0, 0, 0, 0, 0, 0, 38, 0, 0, 0, 0, 25, 10, 73
"d:\dptui\mm (1)\SDF\openhitls\include\auth\auth_privpass_token.h", "C++", 0, 0, 0, 0, 0, 0, 0, 0, 0, 0, 0, 0, 0, 103, 0, 0, 0, 0, 339, 39, 481
"d:\dptui\mm (1)\SDF\openhitls\include\bsl\bsl_asn1.h", "C++", 0, 0, 0, 0, 0, 0, 0, 0, 0, 0, 0, 0, 0, 83, 0, 0, 0, 0, 116, 26, 225
"d:\dptui\mm (1)\SDF\openhitls\include\bsl\bsl_base64.h", "C++", 0, 0, 0, 0, 0, 0, 0, 0, 0, 0, 0, 0, 0, 31, 0, 0, 0, 0, 127, 21, 179
"d:\dptui\mm (1)\SDF\openhitls\include\bsl\bsl_err.h", "C++", 0, 0, 0, 0, 0, 0, 0, 0, 0, 0, 0, 0, 0, 47, 0, 0, 0, 0, 286, 34, 367
"d:\dptui\mm (1)\SDF\openhitls\include\bsl\bsl_errno.h", "C++", 0, 0, 0, 0, 0, 0, 0, 0, 0, 0, 0, 0, 0, 187, 0, 0, 0, 0, 39, 25, 251
"d:\dptui\mm (1)\SDF\openhitls\include\bsl\bsl_init.h", "C++", 0, 0, 0, 0, 0, 0, 0, 0, 0, 0, 0, 0, 0, 12, 0, 0, 0, 0, 38, 8, 58
"d:\dptui\mm (1)\SDF\openhitls\include\bsl\bsl_list.h", "C++", 0, 0, 0, 0, 0, 0, 0, 0, 0, 0, 0, 0, 0, 90, 0, 0, 0, 0, 431, 61, 582
"d:\dptui\mm (1)\SDF\openhitls\include\bsl\bsl_log.h", "C++", 0, 0, 0, 0, 0, 0, 0, 0, 0, 0, 0, 0, 0, 28, 0, 0, 0, 0, 97, 20, 145
"d:\dptui\mm (1)\SDF\openhitls\include\bsl\bsl_obj.h", "C++", 0, 0, 0, 0, 0, 0, 0, 0, 0, 0, 0, 0, 0, 669, 0, 0, 0, 0, 81, 61, 811
"d:\dptui\mm (1)\SDF\openhitls\include\bsl\bsl_params.h", "C++", 0, 0, 0, 0, 0, 0, 0, 0, 0, 0, 0, 0, 0, 49, 0, 0, 0, 0, 146, 23, 218
"d:\dptui\mm (1)\SDF\openhitls\include\bsl\bsl_sal.h", "C++", 0, 0, 0, 0, 0, 0, 0, 0, 0, 0, 0, 0, 0, 275, 0, 0, 0, 0, 1631, 162, 2068
"d:\dptui\mm (1)\SDF\openhitls\include\bsl\bsl_types.h", "C++", 0, 0, 0, 0, 0, 0, 0, 0, 0, 0, 0, 0, 0, 22, 0, 0, 0, 0, 19, 9, 50
"d:\dptui\mm (1)\SDF\openhitls\include\bsl\bsl_ui.h", "C++", 0, 0, 0, 0, 0, 0, 0, 0, 0, 0, 0, 0, 0, 61, 0, 0, 0, 0, 280, 27, 368
"d:\dptui\mm (1)\SDF\openhitls\include\bsl\bsl_uio.h", "C++", 0, 0, 0, 0, 0, 0, 0, 0, 0, 0, 0, 0, 0, 170, 0, 0, 0, 0, 453, 72, 695
"d:\dptui\mm (1)\SDF\openhitls\include\bsl\bsl_version.h", "C++", 0, 0, 0, 0, 0, 0, 0, 0, 0, 0, 0, 0, 0, 18, 0, 0, 0, 0, 31, 11, 60
"d:\dptui\mm (1)\SDF\openhitls\include\crypto\crypt_algid.h", "C++", 0, 0, 0, 0, 0, 0, 0, 0, 0, 0, 0, 0, 0, 344, 0, 0, 0, 0, 65, 27, 436
"d:\dptui\mm (1)\SDF\openhitls\include\crypto\crypt_eal_cipher.h", "C++", 0, 0, 0, 0, 0, 0, 0, 0, 0, 0, 0, 0, 0, 31, 0, 0, 0, 0, 227, 23, 281
"d:\dptui\mm (1)\SDF\openhitls\include\crypto\crypt_eal_cmvp.h", "C++", 0, 0, 0, 0, 0, 0, 0, 0, 0, 0, 0, 0, 0, 27, 0, 0, 0, 0, 68, 14, 109
"d:\dptui\mm (1)\SDF\openhitls\include\crypto\crypt_eal_codecs.h", "C++", 0, 0, 0, 0, 0, 0, 0, 0, 0, 0, 0, 0, 0, 48, 0, 0, 0, 0, 289, 28, 365
"d:\dptui\mm (1)\SDF\openhitls\include\crypto\crypt_eal_entropy.h", "C++", 0, 0, 0, 0, 0, 0, 0, 0, 0, 0, 0, 0, 0, 26, 0, 0, 0, 0, 134, 17, 177
"d:\dptui\mm (1)\SDF\openhitls\include\crypto\crypt_eal_hpke.h", "C++", 0, 0, 0, 0, 0, 0, 0, 0, 0, 0, 0, 0, 0, 70, 0, 0, 0, 0, 224, 30, 324
"d:\dptui\mm (1)\SDF\openhitls\include\crypto\crypt_eal_implprovider.h", "C++", 0, 0, 0, 0, 0, 0, 0, 0, 0, 0, 0, 0, 0, 245, 0, 0, 0, 0, 59, 47, 351
"d:\dptui\mm (1)\SDF\openhitls\include\crypto\crypt_eal_init.h", "C++", 0, 0, 0, 0, 0, 0, 0, 0, 0, 0, 0, 0, 0, 20, 0, 0, 0, 0, 36, 10, 66
"d:\dptui\mm (1)\SDF\openhitls\include\crypto\crypt_eal_kdf.h", "C++", 0, 0, 0, 0, 0, 0, 0, 0, 0, 0, 0, 0, 0, 25, 0, 0, 0, 0, 99, 18, 142
"d:\dptui\mm (1)\SDF\openhitls\include\crypto\crypt_eal_mac.h", "C++", 0, 0, 0, 0, 0, 0, 0, 0, 0, 0, 0, 0, 0, 29, 0, 0, 0, 0, 194, 22, 245
"d:\dptui\mm (1)\SDF\openhitls\include\crypto\crypt_eal_md.h", "C++", 0, 0, 0, 0, 0, 0, 0, 0, 0, 0, 0, 0, 0, 36, 0, 0, 0, 0, 243, 29, 308
"d:\dptui\mm (1)\SDF\openhitls\include\crypto\crypt_eal_pkey.h", "C++", 0, 0, 0, 0, 0, 0, 0, 0, 0, 0, 0, 0, 0, 128, 0, 0, 0, 0, 606, 64, 798
"d:\dptui\mm (1)\SDF\openhitls\include\crypto\crypt_eal_provider.h", "C++", 0, 0, 0, 0, 0, 0, 0, 0, 0, 0, 0, 0, 0, 30, 0, 0, 0, 0, 174, 20, 224
"d:\dptui\mm (1)\SDF\openhitls\include\crypto\crypt_eal_rand.h", "C++", 0, 0, 0, 0, 0, 0, 0, 0, 0, 0, 0, 0, 0, 45, 0, 0, 0, 0, 330, 34, 409
"d:\dptui\mm (1)\SDF\openhitls\include\crypto\crypt_errno.h", "C++", 0, 0, 0, 0, 0, 0, 0, 0, 0, 0, 0, 0, 0, 538, 0, 0, 0, 0, 110, 57, 705
"d:\dptui\mm (1)\SDF\openhitls\include\crypto\crypt_params_key.h", "C++", 0, 0, 0, 0, 0, 0, 0, 0, 0, 0, 0, 0, 0, 217, 0, 0, 0, 0, 24, 36, 277
"d:\dptui\mm (1)\SDF\openhitls\include\crypto\crypt_types.h", "C++", 0, 0, 0, 0, 0, 0, 0, 0, 0, 0, 0, 0, 0, 482, 0, 0, 0, 0, 413, 102, 997
"d:\dptui\mm (1)\SDF\openhitls\include\pki\hitls_pki_cert.h", "C++", 0, 0, 0, 0, 0, 0, 0, 0, 0, 0, 0, 0, 0, 34, 0, 0, 0, 0, 246, 24, 304
"d:\dptui\mm (1)\SDF\openhitls\include\pki\hitls_pki_cms.h", "C++", 0, 0, 0, 0, 0, 0, 0, 0, 0, 0, 0, 0, 0, 27, 0, 0, 0, 0, 154, 19, 200
"d:\dptui\mm (1)\SDF\openhitls\include\pki\hitls_pki_crl.h", "C++", 0, 0, 0, 0, 0, 0, 0, 0, 0, 0, 0, 0, 0, 28, 0, 0, 0, 0, 190, 21, 239
"d:\dptui\mm (1)\SDF\openhitls\include\pki\hitls_pki_csr.h", "C++", 0, 0, 0, 0, 0, 0, 0, 0, 0, 0, 0, 0, 0, 23, 0, 0, 0, 0, 122, 17, 162
"d:\dptui\mm (1)\SDF\openhitls\include\pki\hitls_pki_errno.h", "C++", 0, 0, 0, 0, 0, 0, 0, 0, 0, 0, 0, 0, 0, 230, 0, 0, 0, 0, 33, 17, 280
"d:\dptui\mm (1)\SDF\openhitls\include\pki\hitls_pki_params.h", "C++", 0, 0, 0, 0, 0, 0, 0, 0, 0, 0, 0, 0, 0, 22, 0, 0, 0, 0, 23, 9, 54
"d:\dptui\mm (1)\SDF\openhitls\include\pki\hitls_pki_pkcs12.h", "C++", 0, 0, 0, 0, 0, 0, 0, 0, 0, 0, 0, 0, 0, 31, 0, 0, 0, 0, 183, 21, 235
"d:\dptui\mm (1)\SDF\openhitls\include\pki\hitls_pki_types.h", "C++", 0, 0, 0, 0, 0, 0, 0, 0, 0, 0, 0, 0, 0, 350, 0, 0, 0, 0, 168, 70, 588
"d:\dptui\mm (1)\SDF\openhitls\include\pki\hitls_pki_utils.h", "C++", 0, 0, 0, 0, 0, 0, 0, 0, 0, 0, 0, 0, 0, 26, 0, 0, 0, 0, 136, 21, 183
"d:\dptui\mm (1)\SDF\openhitls\include\pki\hitls_pki_x509.h", "C++", 0, 0, 0, 0, 0, 0, 0, 0, 0, 0, 0, 0, 0, 37, 0, 0, 0, 0, 210, 22, 269
"d:\dptui\mm (1)\SDF\openhitls\include\tls\hitls.h", "C++", 0, 0, 0, 0, 0, 0, 0, 0, 0, 0, 0, 0, 0, 173, 0, 0, 0, 0, 1584, 163, 1920
"d:\dptui\mm (1)\SDF\openhitls\include\tls\hitls_alpn.h", "C++", 0, 0, 0, 0, 0, 0, 0, 0, 0, 0, 0, 0, 0, 23, 0, 0, 0, 0, 98, 14, 135
"d:\dptui\mm (1)\SDF\openhitls\include\tls\hitls_cert.h", "C++", 0, 0, 0, 0, 0, 0, 0, 0, 0, 0, 0, 0, 0, 185, 0, 0, 0, 0, 1246, 133, 1564
"d:\dptui\mm (1)\SDF\openhitls\include\tls\hitls_cert_init.h", "C++", 0, 0, 0, 0, 0, 0, 0, 0, 0, 0, 0, 0, 0, 12, 0, 0, 0, 0, 33, 7, 52
"d:\dptui\mm (1)\SDF\openhitls\include\tls\hitls_cert_type.h", "C++", 0, 0, 0, 0, 0, 0, 0, 0, 0, 0, 0, 0, 0, 133, 0, 0, 0, 0, 96, 27, 256
"d:\dptui\mm (1)\SDF\openhitls\include\tls\hitls_config.h", "C++", 0, 0, 0, 0, 0, 0, 0, 0, 0, 0, 0, 0, 0, 249, 0, 0, 0, 0, 1374, 148, 1771
"d:\dptui\mm (1)\SDF\openhitls\include\tls\hitls_cookie.h", "C++", 0, 0, 0, 0, 0, 0, 0, 0, 0, 0, 0, 0, 0, 19, 0, 0, 0, 0, 57, 13, 89
"d:\dptui\mm (1)\SDF\openhitls\include\tls\hitls_crypt_init.h", "C++", 0, 0, 0, 0, 0, 0, 0, 0, 0, 0, 0, 0, 0, 10, 0, 0, 0, 0, 27, 6, 43
"d:\dptui\mm (1)\SDF\openhitls\include\tls\hitls_crypt_type.h", "C++", 0, 0, 0, 0, 0, 0, 0, 0, 0, 0, 0, 0, 0, 166, 0, 0, 0, 0, 101, 27, 294
"d:\dptui\mm (1)\SDF\openhitls\include\tls\hitls_custom_extensions.h", "C++", 0, 0, 0, 0, 0, 0, 0, 0, 0, 0, 0, 0, 0, 39, 0, 0, 0, 0, 131, 25, 195
"d:\dptui\mm (1)\SDF\openhitls\include\tls\hitls_debug.h", "C++", 0, 0, 0, 0, 0, 0, 0, 0, 0, 0, 0, 0, 0, 38, 0, 0, 0, 0, 110, 20, 168
"d:\dptui\mm (1)\SDF\openhitls\include\tls\hitls_error.h", "C++", 0, 0, 0, 0, 0, 0, 0, 0, 0, 0, 0, 0, 0, 328, 0, 0, 0, 0, 96, 37, 461
"d:\dptui\mm (1)\SDF\openhitls\include\tls\hitls_psk.h", "C++", 0, 0, 0, 0, 0, 0, 0, 0, 0, 0, 0, 0, 0, 35, 0, 0, 0, 0, 160, 22, 217
"d:\dptui\mm (1)\SDF\openhitls\include\tls\hitls_security.h", "C++", 0, 0, 0, 0, 0, 0, 0, 0, 0, 0, 0, 0, 0, 70, 0, 0, 0, 0, 180, 26, 276
"d:\dptui\mm (1)\SDF\openhitls\include\tls\hitls_session.h", "C++", 0, 0, 0, 0, 0, 0, 0, 0, 0, 0, 0, 0, 0, 82, 0, 0, 0, 0, 608, 67, 757
"d:\dptui\mm (1)\SDF\openhitls\include\tls\hitls_sni.h", "C++", 0, 0, 0, 0, 0, 0, 0, 0, 0, 0, 0, 0, 0, 28, 0, 0, 0, 0, 116, 19, 163
"d:\dptui\mm (1)\SDF\openhitls\include\tls\hitls_type.h", "C++", 0, 0, 0, 0, 0, 0, 0, 0, 0, 0, 0, 0, 0, 75, 0, 0, 0, 0, 85, 24, 184
"d:\dptui\mm (1)\SDF\openhitls\pki\CMakeLists.txt", "CMake", 0, 0, 0, 0, 0, 0, 0, 0, 0, 0, 0, 81, 0, 0, 0, 0, 0, 0, 0, 16, 97
"d:\dptui\mm (1)\SDF\openhitls\pki\cms\CMakeLists.txt", "CMake", 0, 0, 0, 0, 0, 0, 0, 0, 0, 0, 0, 39, 0, 0, 0, 0, 0, 0, 0, 7, 46
"d:\dptui\mm (1)\SDF\openhitls\pki\cms\include\hitls_cms_local.h", "C++", 0, 0, 0, 0, 0, 0, 0, 0, 0, 0, 0, 0, 0, 98, 0, 0, 0, 0, 109, 37, 244
"d:\dptui\mm (1)\SDF\openhitls\pki\cms\src\hitls_cms_common.c", "C", 0, 0, 0, 0, 0, 0, 0, 0, 0, 0, 305, 0, 0, 0, 0, 0, 0, 0, 39, 21, 365
"d:\dptui\mm (1)\SDF\openhitls\pki\cms\src\hitls_cms_pqc.c", "C", 0, 0, 0, 0, 0, 0, 0, 0, 0, 0, 81, 0, 0, 0, 0, 0, 0, 0, 33, 15, 129
"d:\dptui\mm (1)\SDF\openhitls\pki\cms\src\hitls_cms_signdata.c", "C", 0, 0, 0, 0, 0, 0, 0, 0, 0, 0, 2277, 0, 0, 0, 0, 0, 0, 0, 174, 180, 2631
"d:\dptui\mm (1)\SDF\openhitls\pki\cms\src\hitls_cms_util.c", "C", 0, 0, 0, 0, 0, 0, 0, 0, 0, 0, 274, 0, 0, 0, 0, 0, 0, 0, 23, 26, 323
"d:\dptui\mm (1)\SDF\openhitls\pki\cms\src\hitls_cms_util.h", "C++", 0, 0, 0, 0, 0, 0, 0, 0, 0, 0, 0, 0, 0, 17, 0, 0, 0, 0, 31, 10, 58
"d:\dptui\mm (1)\SDF\openhitls\pki\pkcs12\CMakeLists.txt", "CMake", 0, 0, 0, 0, 0, 0, 0, 0, 0, 0, 0, 29, 0, 0, 0, 0, 0, 0, 0, 7, 36
"d:\dptui\mm (1)\SDF\openhitls\pki\pkcs12\include\hitls_pkcs12_local.h", "C++", 0, 0, 0, 0, 0, 0, 0, 0, 0, 0, 0, 0, 0, 101, 0, 0, 0, 0, 70, 31, 202
"d:\dptui\mm (1)\SDF\openhitls\pki\pkcs12\src\hitls_pkcs12_bags.c", "C", 0, 0, 0, 0, 0, 0, 0, 0, 0, 0, 170, 0, 0, 0, 0, 0, 0, 0, 14, 11, 195
"d:\dptui\mm (1)\SDF\openhitls\pki\pkcs12\src\hitls_pkcs12_common.c", "C", 0, 0, 0, 0, 0, 0, 0, 0, 0, 0, 1843, 0, 0, 0, 0, 0, 0, 0, 74, 117, 2034
"d:\dptui\mm (1)\SDF\openhitls\pki\pkcs12\src\hitls_pkcs12_util.c", "C", 0, 0, 0, 0, 0, 0, 0, 0, 0, 0, 620, 0, 0, 0, 0, 0, 0, 0, 24, 47, 691
"d:\dptui\mm (1)\SDF\openhitls\pki\print\CMakeLists.txt", "CMake", 0, 0, 0, 0, 0, 0, 0, 0, 0, 0, 0, 33, 0, 0, 0, 0, 0, 0, 0, 7, 40
"d:\dptui\mm (1)\SDF\openhitls\pki\print\include\hitls_print_local.h", "C++", 0, 0, 0, 0, 0, 0, 0, 0, 0, 0, 0, 0, 0, 20, 0, 0, 0, 0, 14, 10, 44
"d:\dptui\mm (1)\SDF\openhitls\pki\print\src\hitls_pki_print.c", "C", 0, 0, 0, 0, 0, 0, 0, 0, 0, 0, 1064, 0, 0, 0, 0, 0, 0, 0, 49, 96, 1209
"d:\dptui\mm (1)\SDF\openhitls\pki\x509_cert\CMakeLists.txt", "CMake", 0, 0, 0, 0, 0, 0, 0, 0, 0, 0, 0, 30, 0, 0, 0, 0, 0, 0, 0, 7, 37
"d:\dptui\mm (1)\SDF\openhitls\pki\x509_cert\include\hitls_cert_local.h", "C++", 0, 0, 0, 0, 0, 0, 0, 0, 0, 0, 0, 0, 0, 58, 0, 0, 0, 0, 14, 17, 89
"d:\dptui\mm (1)\SDF\openhitls\pki\x509_cert\src\hitls_x509_cert.c", "C", 0, 0, 0, 0, 0, 0, 0, 0, 0, 0, 1101, 0, 0, 0, 0, 0, 0, 0, 67, 105, 1273
"d:\dptui\mm (1)\SDF\openhitls\pki\x509_common\CMakeLists.txt", "CMake", 0, 0, 0, 0, 0, 0, 0, 0, 0, 0, 0, 42, 0, 0, 0, 0, 0, 0, 0, 7, 49
"d:\dptui\mm (1)\SDF\openhitls\pki\x509_common\include\hitls_x509_local.h", "C++", 0, 0, 0, 0, 0, 0, 0, 0, 0, 0, 0, 0, 0, 227, 0, 0, 0, 0, 29, 103, 359
"d:\dptui\mm (1)\SDF\openhitls\pki\x509_common\src\hitls_x509_attrs.c", "C", 0, 0, 0, 0, 0, 0, 0, 0, 0, 0, 358, 0, 0, 0, 0, 0, 0, 0, 34, 41, 433
"d:\dptui\mm (1)\SDF\openhitls\pki\x509_common\src\hitls_x509_common.c", "C", 0, 0, 0, 0, 0, 0, 0, 0, 0, 0, 1244, 0, 0, 0, 0, 0, 0, 0, 52, 80, 1376
"d:\dptui\mm (1)\SDF\openhitls\pki\x509_common\src\hitls_x509_ctrl.c", "C", 0, 0, 0, 0, 0, 0, 0, 0, 0, 0, 514, 0, 0, 0, 0, 0, 0, 0, 44, 51, 609
"d:\dptui\mm (1)\SDF\openhitls\pki\x509_common\src\hitls_x509_ext.c", "C", 0, 0, 0, 0, 0, 0, 0, 0, 0, 0, 2317, 0, 0, 0, 0, 0, 0, 0, 117, 215, 2649
"d:\dptui\mm (1)\SDF\openhitls\pki\x509_common\src\hitls_x509_util.c", "C", 0, 0, 0, 0, 0, 0, 0, 0, 0, 0, 505, 0, 0, 0, 0, 0, 0, 0, 33, 60, 598
"d:\dptui\mm (1)\SDF\openhitls\pki\x509_crl\CMakeLists.txt", "CMake", 0, 0, 0, 0, 0, 0, 0, 0, 0, 0, 0, 26, 0, 0, 0, 0, 0, 0, 0, 7, 33
"d:\dptui\mm (1)\SDF\openhitls\pki\x509_crl\include\hitls_crl_local.h", "C++", 0, 0, 0, 0, 0, 0, 0, 0, 0, 0, 0, 0, 0, 54, 0, 0, 0, 0, 14, 19, 87
"d:\dptui\mm (1)\SDF\openhitls\pki\x509_crl\src\hitls_x509_crl.c", "C", 0, 0, 0, 0, 0, 0, 0, 0, 0, 0, 1318, 0, 0, 0, 0, 0, 0, 0, 93, 116, 1527
"d:\dptui\mm (1)\SDF\openhitls\pki\x509_csr\CMakeLists.txt", "CMake", 0, 0, 0, 0, 0, 0, 0, 0, 0, 0, 0, 26, 0, 0, 0, 0, 0, 0, 0, 7, 33
"d:\dptui\mm (1)\SDF\openhitls\pki\x509_csr\include\hitls_csr_local.h", "C++", 0, 0, 0, 0, 0, 0, 0, 0, 0, 0, 0, 0, 0, 43, 0, 0, 0, 0, 15, 12, 70
"d:\dptui\mm (1)\SDF\openhitls\pki\x509_csr\src\hitls_x509_csr.c", "C", 0, 0, 0, 0, 0, 0, 0, 0, 0, 0, 661, 0, 0, 0, 0, 0, 0, 0, 51, 61, 773
"d:\dptui\mm (1)\SDF\openhitls\pki\x509_verify\CMakeLists.txt", "CMake", 0, 0, 0, 0, 0, 0, 0, 0, 0, 0, 0, 29, 0, 0, 0, 0, 0, 0, 0, 7, 36
"d:\dptui\mm (1)\SDF\openhitls\pki\x509_verify\include\hitls_x509_verify.h", "C++", 0, 0, 0, 0, 0, 0, 0, 0, 0, 0, 0, 0, 0, 62, 0, 0, 0, 0, 18, 17, 97
"d:\dptui\mm (1)\SDF\openhitls\pki\x509_verify\src\hitls_x509_store.c", "C", 0, 0, 0, 0, 0, 0, 0, 0, 0, 0, 501, 0, 0, 0, 0, 0, 0, 0, 37, 37, 575
"d:\dptui\mm (1)\SDF\openhitls\pki\x509_verify\src\hitls_x509_store_local.h", "C++", 0, 0, 0, 0, 0, 0, 0, 0, 0, 0, 0, 0, 0, 33, 0, 0, 0, 0, 14, 10, 57
"d:\dptui\mm (1)\SDF\openhitls\pki\x509_verify\src\hitls_x509_verify.c", "C", 0, 0, 0, 0, 0, 0, 0, 0, 0, 0, 2378, 0, 0, 0, 0, 0, 0, 0, 149, 220, 2747
"d:\dptui\mm (1)\SDF\openhitls\testcode\CMakeLists.txt", "CMake", 0, 0, 0, 0, 0, 0, 0, 0, 0, 0, 0, 104, 0, 0, 0, 0, 0, 0, 0, 23, 127
"d:\dptui\mm (1)\SDF\openhitls\testcode\benchmark\25519_bench.c", "C", 0, 0, 0, 0, 0, 0, 0, 0, 0, 0, 118, 0, 0, 0, 0, 0, 0, 0, 14, 18, 150
"d:\dptui\mm (1)\SDF\openhitls\testcode\benchmark\CMakeLists.txt", "CMake", 0, 0, 0, 0, 0, 0, 0, 0, 0, 0, 0, 73, 0, 0, 0, 0, 0, 0, 0, 10, 83
"d:\dptui\mm (1)\SDF\openhitls\testcode\benchmark\README.md", "Markdown", 0, 0, 0, 0, 13, 0, 0, 0, 0, 0, 0, 0, 0, 0, 0, 0, 0, 0, 0, 10, 23
"d:\dptui\mm (1)\SDF\openhitls\testcode\benchmark\benchmark.c", "C", 0, 0, 0, 0, 0, 0, 0, 0, 0, 0, 444, 0, 0, 0, 0, 0, 0, 0, 27, 50, 521
"d:\dptui\mm (1)\SDF\openhitls\testcode\benchmark\benchmark.h", "C++", 0, 0, 0, 0, 0, 0, 0, 0, 0, 0, 0, 0, 0, 363, 0, 0, 0, 0, 25, 39, 427
"d:\dptui\mm (1)\SDF\openhitls\testcode\benchmark\benchmark_registry.h", "C++", 0, 0, 0, 0, 0, 0, 0, 0, 0, 0, 0, 0, 0, 26, 0, 0, 0, 0, 14, 8, 48
"d:\dptui\mm (1)\SDF\openhitls\testcode\benchmark\cipher_bench.c", "C", 0, 0, 0, 0, 0, 0, 0, 0, 0, 0, 218, 0, 0, 0, 0, 0, 0, 0, 26, 40, 284
"d:\dptui\mm (1)\SDF\openhitls\testcode\benchmark\dh_bench.c", "C", 0, 0, 0, 0, 0, 0, 0, 0, 0, 0, 77, 0, 0, 0, 0, 0, 0, 0, 15, 16, 108
"d:\dptui\mm (1)\SDF\openhitls\testcode\benchmark\ecdh_bench.c", "C", 0, 0, 0, 0, 0, 0, 0, 0, 0, 0, 76, 0, 0, 0, 0, 0, 0, 0, 15, 16, 107
"d:\dptui\mm (1)\SDF\openhitls\testcode\benchmark\ecdsa_bench.c", "C", 0, 0, 0, 0, 0, 0, 0, 0, 0, 0, 92, 0, 0, 0, 0, 0, 0, 0, 14, 16, 122
"d:\dptui\mm (1)\SDF\openhitls\testcode\benchmark\frodokem_bench.c", "C", 0, 0, 0, 0, 0, 0, 0, 0, 0, 0, 157, 0, 0, 0, 0, 0, 0, 0, 14, 19, 190
"d:\dptui\mm (1)\SDF\openhitls\testcode\benchmark\mac_bench.c", "C", 0, 0, 0, 0, 0, 0, 0, 0, 0, 0, 77, 0, 0, 0, 0, 0, 0, 0, 15, 12, 104
"d:\dptui\mm (1)\SDF\openhitls\testcode\benchmark\mceliece_bench.c", "C", 0, 0, 0, 0, 0, 0, 0, 0, 0, 0, 156, 0, 0, 0, 0, 0, 0, 0, 14, 21, 191
"d:\dptui\mm (1)\SDF\openhitls\testcode\benchmark\md_bench.c", "C", 0, 0, 0, 0, 0, 0, 0, 0, 0, 0, 37, 0, 0, 0, 0, 0, 0, 0, 14, 8, 59
"d:\dptui\mm (1)\SDF\openhitls\testcode\benchmark\mldsa_bench.c", "C", 0, 0, 0, 0, 0, 0, 0, 0, 0, 0, 101, 0, 0, 0, 0, 0, 0, 0, 14, 12, 127
"d:\dptui\mm (1)\SDF\openhitls\testcode\benchmark\mlkem_bench.c", "C", 0, 0, 0, 0, 0, 0, 0, 0, 0, 0, 86, 0, 0, 0, 0, 0, 0, 0, 15, 13, 114
"d:\dptui\mm (1)\SDF\openhitls\testcode\benchmark\rsa_bench.c", "C", 0, 0, 0, 0, 0, 0, 0, 0, 0, 0, 162, 0, 0, 0, 0, 0, 0, 0, 14, 17, 193
"d:\dptui\mm (1)\SDF\openhitls\testcode\benchmark\slh_dsa_bench.c", "C", 0, 0, 0, 0, 0, 0, 0, 0, 0, 0, 76, 0, 0, 0, 0, 0, 0, 0, 14, 11, 101
"d:\dptui\mm (1)\SDF\openhitls\testcode\benchmark\sm2_bench.c", "C", 0, 0, 0, 0, 0, 0, 0, 0, 0, 0, 153, 0, 0, 0, 0, 0, 0, 0, 14, 16, 183
"d:\dptui\mm (1)\SDF\openhitls\testcode\benchmark\sm9_bench.c", "C", 0, 0, 0, 0, 0, 0, 0, 0, 0, 0, 225, 0, 0, 0, 0, 0, 0, 0, 26, 41, 292
"d:\dptui\mm (1)\SDF\openhitls\testcode\benchmark\xmss_bench.c", "C", 0, 0, 0, 0, 0, 0, 0, 0, 0, 0, 236, 0, 0, 0, 0, 0, 0, 0, 19, 35, 290
"d:\dptui\mm (1)\SDF\openhitls\testcode\common\execute_base.c", "C", 0, 0, 0, 0, 0, 0, 0, 0, 0, 0, 100, 0, 0, 0, 0, 0, 0, 0, 14, 10, 124
"d:\dptui\mm (1)\SDF\openhitls\testcode\common\execute_test.c", "C", 0, 0, 0, 0, 0, 0, 0, 0, 0, 0, 346, 0, 0, 0, 0, 0, 0, 0, 16, 32, 394
"d:\dptui\mm (1)\SDF\openhitls\testcode\config\cmake\CMVP\armv8_le\CMVP_feature_config.cmake", "CMake", 0, 0, 0, 0, 0, 0, 0, 0, 0, 0, 0, 69, 0, 0, 0, 0, 0, 0, 0, 10, 79
"d:\dptui\mm (1)\SDF\openhitls\testcode\config\cmake\CMVP\armv8_le\CMVP_sm_feature_config.cmake", "CMake", 0, 0, 0, 0, 0, 0, 0, 0, 0, 0, 0, 76, 0, 0, 0, 0, 0, 0, 0, 10, 86
"d:\dptui\mm (1)\SDF\openhitls\testcode\config\cmake\CMVP\x86_64\CMVP_feature_config.cmake", "CMake", 0, 0, 0, 0, 0, 0, 0, 0, 0, 0, 0, 70, 0, 0, 0, 0, 0, 0, 0, 10, 80
"d:\dptui\mm (1)\SDF\openhitls\testcode\config\cmake\STM32F4\STM32F4_feature_config.cmake", "CMake", 0, 0, 0, 0, 0, 0, 0, 0, 0, 0, 0, 69, 0, 0, 0, 0, 0, 0, 0, 9, 78
"d:\dptui\mm (1)\SDF\openhitls\testcode\demo\CMakeLists.txt", "CMake", 0, 0, 0, 0, 0, 0, 0, 0, 0, 0, 0, 42, 0, 0, 0, 0, 0, 0, 0, 9, 51
"d:\dptui\mm (1)\SDF\openhitls\testcode\demo\aes_cfb.c", "C", 0, 0, 0, 0, 0, 0, 0, 0, 0, 0, 121, 0, 0, 0, 0, 0, 0, 0, 17, 31, 169
"d:\dptui\mm (1)\SDF\openhitls\testcode\demo\aes_ecb_demo.c", "C", 0, 0, 0, 0, 0, 0, 0, 0, 0, 0, 143, 0, 0, 0, 0, 0, 0, 0, 20, 24, 187
"d:\dptui\mm (1)\SDF\openhitls\testcode\demo\aes_xts.c", "C", 0, 0, 0, 0, 0, 0, 0, 0, 0, 0, 92, 0, 0, 0, 0, 0, 0, 0, 21, 19, 132
"d:\dptui\mm (1)\SDF\openhitls\testcode\demo\aescbc.c", "C", 0, 0, 0, 0, 0, 0, 0, 0, 0, 0, 122, 0, 0, 0, 0, 0, 0, 0, 39, 19, 180
"d:\dptui\mm (1)\SDF\openhitls\testcode\demo\bsl-uio.c", "C", 0, 0, 0, 0, 0, 0, 0, 0, 0, 0, 55, 0, 0, 0, 0, 0, 0, 0, 18, 19, 92
"d:\dptui\mm (1)\SDF\openhitls\testcode\demo\chacha20.c", "C", 0, 0, 0, 0, 0, 0, 0, 0, 0, 0, 185, 0, 0, 0, 0, 0, 0, 0, 44, 39, 268
"d:\dptui\mm (1)\SDF\openhitls\testcode\demo\client.c", "C", 0, 0, 0, 0, 0, 0, 0, 0, 0, 0, 133, 0, 0, 0, 0, 0, 0, 0, 6, 21, 160
"d:\dptui\mm (1)\SDF\openhitls\testcode\demo\drbg.c", "C", 0, 0, 0, 0, 0, 0, 0, 0, 0, 0, 59, 0, 0, 0, 0, 0, 0, 0, 18, 9, 86
"d:\dptui\mm (1)\SDF\openhitls\testcode\demo\ecdh.c", "C", 0, 0, 0, 0, 0, 0, 0, 0, 0, 0, 105, 0, 0, 0, 0, 0, 0, 0, 22, 15, 142
"d:\dptui\mm (1)\SDF\openhitls\testcode\demo\hash.c", "C", 0, 0, 0, 0, 0, 0, 0, 0, 0, 0, 62, 0, 0, 0, 0, 0, 0, 0, 15, 9, 86
"d:\dptui\mm (1)\SDF\openhitls\testcode\demo\otp.c", "C", 0, 0, 0, 0, 0, 0, 0, 0, 0, 0, 313, 0, 0, 0, 0, 0, 0, 0, 6, 35, 354
"d:\dptui\mm (1)\SDF\openhitls\testcode\demo\pbkdf2.c", "C", 0, 0, 0, 0, 0, 0, 0, 0, 0, 0, 69, 0, 0, 0, 0, 0, 0, 0, 14, 9, 92
"d:\dptui\mm (1)\SDF\openhitls\testcode\demo\privpass_token.c", "C", 0, 0, 0, 0, 0, 0, 0, 0, 0, 0, 327, 0, 0, 0, 0, 0, 0, 0, 2, 16, 345
"d:\dptui\mm (1)\SDF\openhitls\testcode\demo\server.c", "C", 0, 0, 0, 0, 0, 0, 0, 0, 0, 0, 151, 0, 0, 0, 0, 0, 0, 0, 6, 18, 175
"d:\dptui\mm (1)\SDF\openhitls\testcode\demo\sm2enc.c", "C", 0, 0, 0, 0, 0, 0, 0, 0, 0, 0, 69, 0, 0, 0, 0, 0, 0, 0, 19, 7, 95
"d:\dptui\mm (1)\SDF\openhitls\testcode\demo\sm2sign.c", "C", 0, 0, 0, 0, 0, 0, 0, 0, 0, 0, 67, 0, 0, 0, 0, 0, 0, 0, 19, 11, 97
"d:\dptui\mm (1)\SDF\openhitls\testcode\demo\sm4_ctr.c", "C", 0, 0, 0, 0, 0, 0, 0, 0, 0, 0, 111, 0, 0, 0, 0, 0, 0, 0, 24, 26, 161
"d:\dptui\mm (1)\SDF\openhitls\testcode\demo\sm4cbc.c", "C", 0, 0, 0, 0, 0, 0, 0, 0, 0, 0, 118, 0, 0, 0, 0, 0, 0, 0, 32, 20, 170
"d:\dptui\mm (1)\SDF\openhitls\testcode\demo\sm4xts.c", "C", 0, 0, 0, 0, 0, 0, 0, 0, 0, 0, 97, 0, 0, 0, 0, 0, 0, 0, 25, 20, 142
"d:\dptui\mm (1)\SDF\openhitls\testcode\demo\tlcp_client.c", "C", 0, 0, 0, 0, 0, 0, 0, 0, 0, 0, 174, 0, 0, 0, 0, 0, 0, 0, 10, 19, 203
"d:\dptui\mm (1)\SDF\openhitls\testcode\demo\tlcp_server.c", "C", 0, 0, 0, 0, 0, 0, 0, 0, 0, 0, 191, 0, 0, 0, 0, 0, 0, 0, 10, 18, 219
"d:\dptui\mm (1)\SDF\openhitls\testcode\framework\common\test_util.c", "C", 0, 0, 0, 0, 0, 0, 0, 0, 0, 0, 29, 0, 0, 0, 0, 0, 0, 0, 14, 10, 53
"d:\dptui\mm (1)\SDF\openhitls\testcode\framework\crypto\alg_check.c", "C", 0, 0, 0, 0, 0, 0, 0, 0, 0, 0, 525, 0, 0, 0, 0, 0, 0, 0, 16, 38, 579
"d:\dptui\mm (1)\SDF\openhitls\testcode\framework\crypto\crypto_test_util.c", "C", 0, 0, 0, 0, 0, 0, 0, 0, 0, 0, 351, 0, 0, 0, 0, 0, 0, 0, 14, 44, 409
"d:\dptui\mm (1)\SDF\openhitls\testcode\framework\crypto\crypto_test_util.h", "C++", 0, 0, 0, 0, 0, 0, 0, 0, 0, 0, 0, 0, 0, 130, 0, 0, 0, 0, 41, 30, 201
"d:\dptui\mm (1)\SDF\openhitls\testcode\framework\gen_test\CMakeLists.txt", "CMake", 0, 0, 0, 0, 0, 0, 0, 0, 0, 0, 0, 34, 0, 0, 0, 0, 0, 0, 0, 7, 41
"d:\dptui\mm (1)\SDF\openhitls\testcode\framework\gen_test\helper.c", "C", 0, 0, 0, 0, 0, 0, 0, 0, 0, 0, 1092, 0, 0, 0, 0, 0, 0, 0, 25, 118, 1235
"d:\dptui\mm (1)\SDF\openhitls\testcode\framework\gen_test\main.c", "C", 0, 0, 0, 0, 0, 0, 0, 0, 0, 0, 123, 0, 0, 0, 0, 0, 0, 0, 19, 23, 165
"d:\dptui\mm (1)\SDF\openhitls\testcode\framework\gen_test\test.c", "C", 0, 0, 0, 0, 0, 0, 0, 0, 0, 0, 147, 0, 0, 0, 0, 0, 0, 0, 19, 15, 181
"d:\dptui\mm (1)\SDF\openhitls\testcode\framework\include\helper.h", "C++", 0, 0, 0, 0, 0, 0, 0, 0, 0, 0, 0, 0, 0, 87, 0, 0, 0, 0, 14, 39, 140
"d:\dptui\mm (1)\SDF\openhitls\testcode\framework\include\test.h", "C++", 0, 0, 0, 0, 0, 0, 0, 0, 0, 0, 0, 0, 0, 147, 0, 0, 0, 0, 62, 36, 245
"d:\dptui\mm (1)\SDF\openhitls\testcode\framework\process\CMakeLists.txt", "CMake", 0, 0, 0, 0, 0, 0, 0, 0, 0, 0, 0, 46, 0, 0, 0, 0, 0, 0, 0, 8, 54
"d:\dptui\mm (1)\SDF\openhitls\testcode\framework\process\process.c", "C", 0, 0, 0, 0, 0, 0, 0, 0, 0, 0, 162, 0, 0, 0, 0, 0, 0, 0, 26, 17, 205
"d:\dptui\mm (1)\SDF\openhitls\testcode\framework\stub\stub_utils.h", "C++", 0, 0, 0, 0, 0, 0, 0, 0, 0, 0, 0, 0, 0, 616, 0, 0, 0, 0, 61, 50, 727
"d:\dptui\mm (1)\SDF\openhitls\testcode\framework\tls\CMakeLists.txt", "CMake", 0, 0, 0, 0, 0, 0, 0, 0, 0, 0, 0, 101, 0, 0, 0, 0, 0, 0, 0, 9, 110
"d:\dptui\mm (1)\SDF\openhitls\testcode\framework\tls\base\include\lock.h", "C++", 0, 0, 0, 0, 0, 0, 0, 0, 0, 0, 0, 0, 0, 9, 0, 0, 0, 0, 26, 9, 44
"d:\dptui\mm (1)\SDF\openhitls\testcode\framework\tls\base\include\logger.h", "C++", 0, 0, 0, 0, 0, 0, 0, 0, 0, 0, 0, 0, 0, 22, 0, 0, 0, 0, 31, 10, 63
"d:\dptui\mm (1)\SDF\openhitls\testcode\framework\tls\base\src\lock.c", "C", 0, 0, 0, 0, 0, 0, 0, 0, 0, 0, 49, 0, 0, 0, 0, 0, 0, 0, 14, 9, 72
"d:\dptui\mm (1)\SDF\openhitls\testcode\framework\tls\base\src\logger.c", "C", 0, 0, 0, 0, 0, 0, 0, 0, 0, 0, 70, 0, 0, 0, 0, 0, 0, 0, 17, 11, 98
"d:\dptui\mm (1)\SDF\openhitls\testcode\framework\tls\callback\include\cert_callback.h", "C++", 0, 0, 0, 0, 0, 0, 0, 0, 0, 0, 0, 0, 0, 19, 0, 0, 0, 0, 23, 11, 53
"d:\dptui\mm (1)\SDF\openhitls\testcode\framework\tls\callback\src\cert_callback.c", "C", 0, 0, 0, 0, 0, 0, 0, 0, 0, 0, 310, 0, 0, 0, 0, 0, 0, 0, 14, 32, 356
"d:\dptui\mm (1)\SDF\openhitls\testcode\framework\tls\crypt\include\stub_crypt.h", "C++", 0, 0, 0, 0, 0, 0, 0, 0, 0, 0, 0, 0, 0, 11, 0, 0, 0, 0, 17, 6, 34
"d:\dptui\mm (1)\SDF\openhitls\testcode\framework\tls\crypt\src\stub_crypt.c", "C", 0, 0, 0, 0, 0, 0, 0, 0, 0, 0, 659, 0, 0, 0, 0, 0, 0, 0, 207, 88, 954
"d:\dptui\mm (1)\SDF\openhitls\testcode\framework\tls\frame\src\frame_connect.c", "C", 0, 0, 0, 0, 0, 0, 0, 0, 0, 0, 328, 0, 0, 0, 0, 0, 0, 0, 49, 54, 431
"d:\dptui\mm (1)\SDF\openhitls\testcode\framework\tls\frame\src\frame_init.c", "C", 0, 0, 0, 0, 0, 0, 0, 0, 0, 0, 63, 0, 0, 0, 0, 0, 0, 0, 14, 8, 85
"d:\dptui\mm (1)\SDF\openhitls\testcode\framework\tls\frame\src\frame_link.c", "C", 0, 0, 0, 0, 0, 0, 0, 0, 0, 0, 276, 0, 0, 0, 0, 0, 0, 0, 22, 32, 330
"d:\dptui\mm (1)\SDF\openhitls\testcode\framework\tls\frame\src\frame_link.h", "C++", 0, 0, 0, 0, 0, 0, 0, 0, 0, 0, 0, 0, 0, 31, 0, 0, 0, 0, 15, 8, 54
"d:\dptui\mm (1)\SDF\openhitls\testcode\framework\tls\frame\src\frame_msg.c", "C", 0, 0, 0, 0, 0, 0, 0, 0, 0, 0, 26, 0, 0, 0, 0, 0, 0, 0, 25, 4, 55
"d:\dptui\mm (1)\SDF\openhitls\testcode\framework\tls\func_wrapper\include\rec_wrapper.h", "C++", 0, 0, 0, 0, 0, 0, 0, 0, 0, 0, 0, 0, 0, 27, 0, 0, 0, 0, 37, 13, 77
"d:\dptui\mm (1)\SDF\openhitls\testcode\framework\tls\func_wrapper\src\rec_wrapper.c", "C", 0, 0, 0, 0, 0, 0, 0, 0, 0, 0, 330, 0, 0, 0, 0, 0, 0, 0, 84, 72, 486
"d:\dptui\mm (1)\SDF\openhitls\testcode\framework\tls\include\frame_msg.h", "C++", 0, 0, 0, 0, 0, 0, 0, 0, 0, 0, 0, 0, 0, 337, 0, 0, 0, 0, 256, 62, 655
"d:\dptui\mm (1)\SDF\openhitls\testcode\framework\tls\include\frame_tls.h", "C++", 0, 0, 0, 0, 0, 0, 0, 0, 0, 0, 0, 0, 0, 38, 0, 0, 0, 0, 123, 29, 190
"d:\dptui\mm (1)\SDF\openhitls\testcode\framework\tls\include\hlt.h", "C++", 0, 0, 0, 0, 0, 0, 0, 0, 0, 0, 0, 0, 0, 160, 0, 0, 0, 0, 23, 20, 203
"d:\dptui\mm (1)\SDF\openhitls\testcode\framework\tls\include\hlt_type.h", "C++", 0, 0, 0, 0, 0, 0, 0, 0, 0, 0, 0, 0, 0, 263, 0, 0, 0, 0, 29, 41, 333
"d:\dptui\mm (1)\SDF\openhitls\testcode\framework\tls\io\include\frame_io.h", "C++", 0, 0, 0, 0, 0, 0, 0, 0, 0, 0, 0, 0, 0, 20, 0, 0, 0, 0, 63, 16, 99
"d:\dptui\mm (1)\SDF\openhitls\testcode\framework\tls\io\src\simulate_io.c", "C", 0, 0, 0, 0, 0, 0, 0, 0, 0, 0, 119, 0, 0, 0, 0, 0, 0, 0, 26, 26, 171
"d:\dptui\mm (1)\SDF\openhitls\testcode\framework\tls\io\src\simulate_io.h", "C++", 0, 0, 0, 0, 0, 0, 0, 0, 0, 0, 0, 0, 0, 22, 0, 0, 0, 0, 14, 9, 45
"d:\dptui\mm (1)\SDF\openhitls\testcode\framework\tls\msg\include\pack_frame_msg.h", "C++", 0, 0, 0, 0, 0, 0, 0, 0, 0, 0, 0, 0, 0, 11, 0, 0, 0, 0, 19, 6, 36
"d:\dptui\mm (1)\SDF\openhitls\testcode\framework\tls\msg\include\parser_frame_msg.h", "C++", 0, 0, 0, 0, 0, 0, 0, 0, 0, 0, 0, 0, 0, 16, 0, 0, 0, 0, 14, 7, 37
"d:\dptui\mm (1)\SDF\openhitls\testcode\framework\tls\msg\src\frame_msg_method.c", "C", 0, 0, 0, 0, 0, 0, 0, 0, 0, 0, 329, 0, 0, 0, 0, 0, 0, 0, 33, 48, 410
"d:\dptui\mm (1)\SDF\openhitls\testcode\framework\tls\msg\src\frame_pack_msg.c", "C", 0, 0, 0, 0, 0, 0, 0, 0, 0, 0, 1114, 0, 0, 0, 0, 0, 0, 0, 120, 191, 1425
"d:\dptui\mm (1)\SDF\openhitls\testcode\framework\tls\msg\src\frame_parse_msg.c", "C", 0, 0, 0, 0, 0, 0, 0, 0, 0, 0, 1123, 0, 0, 0, 0, 0, 0, 0, 40, 84, 1247
"d:\dptui\mm (1)\SDF\openhitls\testcode\framework\tls\msg\src\pack_frame_msg.c", "C", 0, 0, 0, 0, 0, 0, 0, 0, 0, 0, 386, 0, 0, 0, 0, 0, 0, 0, 29, 62, 477
"d:\dptui\mm (1)\SDF\openhitls\testcode\framework\tls\msg\src\parser_frame_msg.c", "C", 0, 0, 0, 0, 0, 0, 0, 0, 0, 0, 130, 0, 0, 0, 0, 0, 0, 0, 14, 22, 166
"d:\dptui\mm (1)\SDF\openhitls\testcode\framework\tls\process\include\handle_cmd.h", "C++", 0, 0, 0, 0, 0, 0, 0, 0, 0, 0, 0, 0, 0, 28, 0, 0, 0, 0, 32, 13, 73
"d:\dptui\mm (1)\SDF\openhitls\testcode\framework\tls\process\include\process.h", "C++", 0, 0, 0, 0, 0, 0, 0, 0, 0, 0, 0, 0, 0, 36, 0, 0, 0, 0, 34, 13, 83
"d:\dptui\mm (1)\SDF\openhitls\testcode\framework\tls\process\src\handle_cmd.c", "C", 0, 0, 0, 0, 0, 0, 0, 0, 0, 0, 288, 0, 0, 0, 0, 0, 0, 0, 95, 62, 445
"d:\dptui\mm (1)\SDF\openhitls\testcode\framework\tls\process\src\process.c", "C", 0, 0, 0, 0, 0, 0, 0, 0, 0, 0, 357, 0, 0, 0, 0, 0, 0, 0, 41, 45, 443
"d:\dptui\mm (1)\SDF\openhitls\testcode\framework\tls\resource\include\channel_res.h", "C++", 0, 0, 0, 0, 0, 0, 0, 0, 0, 0, 0, 0, 0, 51, 0, 0, 0, 0, 32, 16, 99
"d:\dptui\mm (1)\SDF\openhitls\testcode\framework\tls\resource\include\tls_res.h", "C++", 0, 0, 0, 0, 0, 0, 0, 0, 0, 0, 0, 0, 0, 32, 0, 0, 0, 0, 45, 18, 95
"d:\dptui\mm (1)\SDF\openhitls\testcode\framework\tls\resource\src\channel_res.c", "C", 0, 0, 0, 0, 0, 0, 0, 0, 0, 0, 131, 0, 0, 0, 0, 0, 0, 0, 17, 20, 168
"d:\dptui\mm (1)\SDF\openhitls\testcode\framework\tls\resource\src\tls_res.c", "C", 0, 0, 0, 0, 0, 0, 0, 0, 0, 0, 270, 0, 0, 0, 0, 0, 0, 0, 31, 31, 332
"d:\dptui\mm (1)\SDF\openhitls\testcode\framework\tls\rpc\include\common_func.h", "C++", 0, 0, 0, 0, 0, 0, 0, 0, 0, 0, 0, 0, 0, 38, 0, 0, 0, 0, 29, 17, 84
"d:\dptui\mm (1)\SDF\openhitls\testcode\framework\tls\rpc\include\hitls_func.h", "C++", 0, 0, 0, 0, 0, 0, 0, 0, 0, 0, 0, 0, 0, 36, 0, 0, 0, 0, 56, 23, 115
"d:\dptui\mm (1)\SDF\openhitls\testcode\framework\tls\rpc\include\rpc_func.h", "C++", 0, 0, 0, 0, 0, 0, 0, 0, 0, 0, 0, 0, 0, 46, 0, 0, 0, 0, 95, 39, 180
"d:\dptui\mm (1)\SDF\openhitls\testcode\framework\tls\rpc\src\common_func.c", "C", 0, 0, 0, 0, 0, 0, 0, 0, 0, 0, 374, 0, 0, 0, 0, 0, 0, 0, 16, 62, 452
"d:\dptui\mm (1)\SDF\openhitls\testcode\framework\tls\rpc\src\hitls_func.c", "C", 0, 0, 0, 0, 0, 0, 0, 0, 0, 0, 958, 0, 0, 0, 0, 0, 0, 0, 55, 66, 1079
"d:\dptui\mm (1)\SDF\openhitls\testcode\framework\tls\rpc\src\hlt_func.c", "C", 0, 0, 0, 0, 0, 0, 0, 0, 0, 0, 1366, 0, 0, 0, 0, 0, 0, 0, 57, 135, 1558
"d:\dptui\mm (1)\SDF\openhitls\testcode\framework\tls\rpc\src\hlt_rpc_func.c", "C", 0, 0, 0, 0, 0, 0, 0, 0, 0, 0, 1551, 0, 0, 0, 0, 0, 0, 0, 75, 246, 1872
"d:\dptui\mm (1)\SDF\openhitls\testcode\framework\tls\rpc\src\rpc_func.c", "C", 0, 0, 0, 0, 0, 0, 0, 0, 0, 0, 692, 0, 0, 0, 0, 0, 0, 0, 51, 123, 866
"d:\dptui\mm (1)\SDF\openhitls\testcode\framework\tls\transfer\include\control_channel.h", "C++", 0, 0, 0, 0, 0, 0, 0, 0, 0, 0, 0, 0, 0, 16, 0, 0, 0, 0, 32, 10, 58
"d:\dptui\mm (1)\SDF\openhitls\testcode\framework\tls\transfer\include\sctp_channel.h", "C++", 0, 0, 0, 0, 0, 0, 0, 0, 0, 0, 0, 0, 0, 24, 0, 0, 0, 0, 31, 14, 69
"d:\dptui\mm (1)\SDF\openhitls\testcode\framework\tls\transfer\include\socket_common.h", "C++", 0, 0, 0, 0, 0, 0, 0, 0, 0, 0, 0, 0, 0, 18, 0, 0, 0, 0, 35, 12, 65
"d:\dptui\mm (1)\SDF\openhitls\testcode\framework\tls\transfer\include\tcp_channel.h", "C++", 0, 0, 0, 0, 0, 0, 0, 0, 0, 0, 0, 0, 0, 16, 0, 0, 0, 0, 23, 12, 51
"d:\dptui\mm (1)\SDF\openhitls\testcode\framework\tls\transfer\include\udp_channel.h", "C++", 0, 0, 0, 0, 0, 0, 0, 0, 0, 0, 0, 0, 0, 16, 0, 0, 0, 0, 19, 12, 47
"d:\dptui\mm (1)\SDF\openhitls\testcode\framework\tls\transfer\src\control_channel.c", "C", 0, 0, 0, 0, 0, 0, 0, 0, 0, 0, 79, 0, 0, 0, 0, 0, 0, 0, 21, 11, 111
"d:\dptui\mm (1)\SDF\openhitls\testcode\framework\tls\transfer\src\socket_common.c", "C", 0, 0, 0, 0, 0, 0, 0, 0, 0, 0, 203, 0, 0, 0, 0, 0, 0, 0, 37, 26, 266
"d:\dptui\mm (1)\SDF\openhitls\testcode\framework\tls\transfer\src\tcp_channel.c", "C", 0, 0, 0, 0, 0, 0, 0, 0, 0, 0, 230, 0, 0, 0, 0, 0, 0, 0, 30, 29, 289
"d:\dptui\mm (1)\SDF\openhitls\testcode\framework\tls\transfer\src\udp_channel.c", "C", 0, 0, 0, 0, 0, 0, 0, 0, 0, 0, 185, 0, 0, 0, 0, 0, 0, 0, 28, 22, 235
"d:\dptui\mm (1)\SDF\openhitls\testcode\script\all_mini_test.sh", "Shell Script", 0, 0, 0, 0, 0, 0, 488, 0, 0, 0, 0, 0, 0, 0, 0, 0, 0, 0, 55, 68, 611
"d:\dptui\mm (1)\SDF\openhitls\testcode\script\build_hitls.sh", "Shell Script", 0, 0, 0, 0, 0, 0, 265, 0, 0, 0, 0, 0, 0, 0, 0, 0, 0, 0, 45, 30, 340
"d:\dptui\mm (1)\SDF\openhitls\testcode\script\build_sdv.sh", "Shell Script", 0, 0, 0, 0, 0, 0, 314, 0, 0, 0, 0, 0, 0, 0, 0, 0, 0, 0, 26, 23, 363
"d:\dptui\mm (1)\SDF\openhitls\testcode\script\execute_sdv.sh", "Shell Script", 0, 0, 0, 0, 0, 0, 311, 0, 0, 0, 0, 0, 0, 0, 0, 0, 0, 0, 35, 28, 374
"d:\dptui\mm (1)\SDF\openhitls\testcode\script\feature_to_macro.json", "JSON", 0, 0, 0, 0, 0, 0, 0, 0, 0, 0, 0, 0, 0, 0, 0, 0, 0, 142, 0, 1, 143
"d:\dptui\mm (1)\SDF\openhitls\testcode\script\mini_build_test.sh", "Shell Script", 0, 0, 0, 0, 0, 0, 307, 0, 0, 0, 0, 0, 0, 0, 0, 0, 0, 0, 36, 38, 381
"d:\dptui\mm (1)\SDF\openhitls\testcode\script\mini_test_config\ca_list_feature.cmake", "CMake", 0, 0, 0, 0, 0, 0, 0, 0, 0, 0, 0, 96, 0, 0, 0, 0, 0, 0, 0, 8, 104
"d:\dptui\mm (1)\SDF\openhitls\testcode\script\mini_test_config\max_send_fragment_feature.cmake", "CMake", 0, 0, 0, 0, 0, 0, 0, 0, 0, 0, 0, 92, 0, 0, 0, 0, 0, 0, 0, 8, 100
"d:\dptui\mm (1)\SDF\openhitls\testcode\script\mini_test_config\mtu_feature.cmake", "CMake", 0, 0, 0, 0, 0, 0, 0, 0, 0, 0, 0, 92, 0, 0, 0, 0, 0, 0, 0, 8, 100
"d:\dptui\mm (1)\SDF\openhitls\testcode\script\mini_test_config\no_dfx_feature.cmake", "CMake", 0, 0, 0, 0, 0, 0, 0, 0, 0, 0, 0, 96, 0, 0, 0, 0, 0, 0, 0, 8, 104
"d:\dptui\mm (1)\SDF\openhitls\testcode\script\mini_test_config\nokem_feature.cmake", "CMake", 0, 0, 0, 0, 0, 0, 0, 0, 0, 0, 0, 71, 0, 0, 0, 0, 0, 0, 0, 8, 79
"d:\dptui\mm (1)\SDF\openhitls\testcode\script\mini_test_config\tlcp_feature.cmake", "CMake", 0, 0, 0, 0, 0, 0, 0, 0, 0, 0, 0, 96, 0, 0, 0, 0, 0, 0, 0, 9, 105
"d:\dptui\mm (1)\SDF\openhitls\testcode\script\mini_test_config\tlcp_feature_x8664.cmake", "CMake", 0, 0, 0, 0, 0, 0, 0, 0, 0, 0, 0, 94, 0, 0, 0, 0, 0, 0, 0, 9, 103
"d:\dptui\mm (1)\SDF\openhitls\testcode\sdv\CMakeLists.txt", "CMake", 0, 0, 0, 0, 0, 0, 0, 0, 0, 0, 0, 321, 0, 0, 0, 0, 0, 0, 0, 28, 349
"d:\dptui\mm (1)\SDF\openhitls\testcode\sdv\testcase\apps\test_suite_ut_app_asn1parse.c", "C", 0, 0, 0, 0, 0, 0, 0, 0, 0, 0, 220, 0, 0, 0, 0, 0, 0, 0, 188, 57, 465
"d:\dptui\mm (1)\SDF\openhitls\testcode\sdv\testcase\apps\test_suite_ut_app_conf.c", "C", 0, 0, 0, 0, 0, 0, 0, 0, 0, 0, 140, 0, 0, 0, 0, 0, 0, 0, 30, 20, 190
"d:\dptui\mm (1)\SDF\openhitls\testcode\sdv\testcase\apps\test_suite_ut_app_crl.c", "C", 0, 0, 0, 0, 0, 0, 0, 0, 0, 0, 311, 0, 0, 0, 0, 0, 0, 0, 91, 54, 456
"d:\dptui\mm (1)\SDF\openhitls\testcode\sdv\testcase\apps\test_suite_ut_app_errdecode.c", "C", 0, 0, 0, 0, 0, 0, 0, 0, 0, 0, 126, 0, 0, 0, 0, 0, 0, 0, 79, 45, 250
"d:\dptui\mm (1)\SDF\openhitls\testcode\sdv\testcase\apps\test_suite_ut_app_genpkey.c", "C", 0, 0, 0, 0, 0, 0, 0, 0, 0, 0, 241, 0, 0, 0, 0, 0, 0, 0, 65, 31, 337
"d:\dptui\mm (1)\SDF\openhitls\testcode\sdv\testcase\apps\test_suite_ut_app_genrsa.c", "C", 0, 0, 0, 0, 0, 0, 0, 0, 0, 0, 170, 0, 0, 0, 0, 0, 0, 0, 35, 16, 221
"d:\dptui\mm (1)\SDF\openhitls\testcode\sdv\testcase\apps\test_suite_ut_app_kdf.c", "C", 0, 0, 0, 0, 0, 0, 0, 0, 0, 0, 193, 0, 0, 0, 0, 0, 0, 0, 47, 24, 264
"d:\dptui\mm (1)\SDF\openhitls\testcode\sdv\testcase\apps\test_suite_ut_app_key.c", "C", 0, 0, 0, 0, 0, 0, 0, 0, 0, 0, 245, 0, 0, 0, 0, 0, 0, 0, 47, 23, 315
"d:\dptui\mm (1)\SDF\openhitls\testcode\sdv\testcase\apps\test_suite_ut_app_keymgmt.c", "C", 0, 0, 0, 0, 0, 0, 0, 0, 0, 0, 1077, 0, 0, 0, 0, 0, 0, 0, 226, 281, 1584
"d:\dptui\mm (1)\SDF\openhitls\testcode\sdv\testcase\apps\test_suite_ut_app_list.c", "C", 0, 0, 0, 0, 0, 0, 0, 0, 0, 0, 63, 0, 0, 0, 0, 0, 0, 0, 31, 12, 106
"d:\dptui\mm (1)\SDF\openhitls\testcode\sdv\testcase\apps\test_suite_ut_app_mac.c", "C", 0, 0, 0, 0, 0, 0, 0, 0, 0, 0, 104, 0, 0, 0, 0, 0, 0, 0, 37, 9, 150
"d:\dptui\mm (1)\SDF\openhitls\testcode\sdv\testcase\apps\test_suite_ut_app_pkcs12.c", "C", 0, 0, 0, 0, 0, 0, 0, 0, 0, 0, 447, 0, 0, 0, 0, 0, 0, 0, 104, 56, 607
"d:\dptui\mm (1)\SDF\openhitls\testcode\sdv\testcase\apps\test_suite_ut_app_pkey.c", "C", 0, 0, 0, 0, 0, 0, 0, 0, 0, 0, 259, 0, 0, 0, 0, 0, 0, 0, 70, 38, 367
"d:\dptui\mm (1)\SDF\openhitls\testcode\sdv\testcase\apps\test_suite_ut_app_pkeyutl.c", "C", 0, 0, 0, 0, 0, 0, 0, 0, 0, 0, 111, 0, 0, 0, 0, 0, 0, 0, 37, 10, 158
"d:\dptui\mm (1)\SDF\openhitls\testcode\sdv\testcase\apps\test_suite_ut_app_prime.c", "C", 0, 0, 0, 0, 0, 0, 0, 0, 0, 0, 447, 0, 0, 0, 0, 0, 0, 0, 132, 92, 671
"d:\dptui\mm (1)\SDF\openhitls\testcode\sdv\testcase\apps\test_suite_ut_app_req.c", "C", 0, 0, 0, 0, 0, 0, 0, 0, 0, 0, 46, 0, 0, 0, 0, 0, 0, 0, 28, 6, 80
"d:\dptui\mm (1)\SDF\openhitls\testcode\sdv\testcase\apps\test_suite_ut_app_rsa.c", "C", 0, 0, 0, 0, 0, 0, 0, 0, 0, 0, 412, 0, 0, 0, 0, 0, 0, 0, 99, 63, 574
"d:\dptui\mm (1)\SDF\openhitls\testcode\sdv\testcase\apps\test_suite_ut_app_sm.c", "C", 0, 0, 0, 0, 0, 0, 0, 0, 0, 0, 262, 0, 0, 0, 0, 0, 0, 0, 69, 55, 386
"d:\dptui\mm (1)\SDF\openhitls\testcode\sdv\testcase\apps\test_suite_ut_app_verify.c", "C", 0, 0, 0, 0, 0, 0, 0, 0, 0, 0, 305, 0, 0, 0, 0, 0, 0, 0, 104, 58, 467
"d:\dptui\mm (1)\SDF\openhitls\testcode\sdv\testcase\apps\test_suite_ut_app_x509.c", "C", 0, 0, 0, 0, 0, 0, 0, 0, 0, 0, 114, 0, 0, 0, 0, 0, 0, 0, 48, 19, 181
"d:\dptui\mm (1)\SDF\openhitls\testcode\sdv\testcase\apps\test_suite_ut_dgst.c", "C", 0, 0, 0, 0, 0, 0, 0, 0, 0, 0, 358, 0, 0, 0, 0, 0, 0, 0, 122, 76, 556
"d:\dptui\mm (1)\SDF\openhitls\testcode\sdv\testcase\apps\test_suite_ut_enc.c", "C", 0, 0, 0, 0, 0, 0, 0, 0, 0, 0, 247, 0, 0, 0, 0, 0, 0, 0, 60, 39, 346
"d:\dptui\mm (1)\SDF\openhitls\testcode\sdv\testcase\apps\test_suite_ut_opt.c", "C", 0, 0, 0, 0, 0, 0, 0, 0, 0, 0, 695, 0, 0, 0, 0, 0, 0, 0, 199, 87, 981
"d:\dptui\mm (1)\SDF\openhitls\testcode\sdv\testcase\apps\test_suite_ut_print.c", "C", 0, 0, 0, 0, 0, 0, 0, 0, 0, 0, 28, 0, 0, 0, 0, 0, 0, 0, 31, 9, 68
"d:\dptui\mm (1)\SDF\openhitls\testcode\sdv\testcase\apps\test_suite_ut_rand.c", "C", 0, 0, 0, 0, 0, 0, 0, 0, 0, 0, 435, 0, 0, 0, 0, 0, 0, 0, 112, 79, 626
"d:\dptui\mm (1)\SDF\openhitls\testcode\sdv\testcase\auth\otp\test_suite_sdv_otp.c", "C", 0, 0, 0, 0, 0, 0, 0, 0, 0, 0, 414, 0, 0, 0, 0, 0, 0, 0, 119, 71, 604
"d:\dptui\mm (1)\SDF\openhitls\testcode\sdv\testcase\auth\pake\test_suite_sdv_pake.c", "C", 0, 0, 0, 0, 0, 0, 0, 0, 0, 0, 576, 0, 0, 0, 0, 0, 0, 0, 138, 115, 829
"d:\dptui\mm (1)\SDF\openhitls\testcode\sdv\testcase\auth\privpass_token\test_suite_sdv_privpass_token.c", "C", 0, 0, 0, 0, 0, 0, 0, 0, 0, 0, 906, 0, 0, 0, 0, 0, 0, 0, 206, 68, 1180
"d:\dptui\mm (1)\SDF\openhitls\testcode\sdv\testcase\bsl\asn1\test_suite_sdv_asn1.c", "C", 0, 0, 0, 0, 0, 0, 0, 0, 0, 0, 1419, 0, 0, 0, 0, 0, 0, 0, 195, 163, 1777
"d:\dptui\mm (1)\SDF\openhitls\testcode\sdv\testcase\bsl\base64\test_suite_sdv_base64.c", "C", 0, 0, 0, 0, 0, 0, 0, 0, 0, 0, 701, 0, 0, 0, 0, 0, 0, 0, 356, 95, 1152
"d:\dptui\mm (1)\SDF\openhitls\testcode\sdv\testcase\bsl\buffer\test_suite_sdv_buffer.c", "C", 0, 0, 0, 0, 0, 0, 0, 0, 0, 0, 20, 0, 0, 0, 0, 0, 0, 0, 22, 6, 48
"d:\dptui\mm (1)\SDF\openhitls\testcode\sdv\testcase\bsl\err\test_suite_sdv_err.c", "C", 0, 0, 0, 0, 0, 0, 0, 0, 0, 0, 949, 0, 0, 0, 0, 0, 0, 0, 344, 171, 1464
"d:\dptui\mm (1)\SDF\openhitls\testcode\sdv\testcase\bsl\hash\test_suite_sdv_hash.c", "C", 0, 0, 0, 0, 0, 0, 0, 0, 0, 0, 265, 0, 0, 0, 0, 0, 0, 0, 131, 71, 467
"d:\dptui\mm (1)\SDF\openhitls\testcode\sdv\testcase\bsl\hash\test_suite_sdv_hash_dynamic_resize.c", "C", 0, 0, 0, 0, 0, 0, 0, 0, 0, 0, 436, 0, 0, 0, 0, 0, 0, 0, 278, 104, 818
"d:\dptui\mm (1)\SDF\openhitls\testcode\sdv\testcase\bsl\list\test_suite_sdv_list.c", "C", 0, 0, 0, 0, 0, 0, 0, 0, 0, 0, 926, 0, 0, 0, 0, 0, 0, 0, 470, 150, 1546
"d:\dptui\mm (1)\SDF\openhitls\testcode\sdv\testcase\bsl\log\test_suite_sdv_log.c", "C", 0, 0, 0, 0, 0, 0, 0, 0, 0, 0, 236, 0, 0, 0, 0, 0, 0, 0, 160, 48, 444
"d:\dptui\mm (1)\SDF\openhitls\testcode\sdv\testcase\bsl\obj\test_suite_sdv_obj.c", "C", 0, 0, 0, 0, 0, 0, 0, 0, 0, 0, 248, 0, 0, 0, 0, 0, 0, 0, 74, 55, 377
"d:\dptui\mm (1)\SDF\openhitls\testcode\sdv\testcase\bsl\params\test_suite_sdv_params.c", "C", 0, 0, 0, 0, 0, 0, 0, 0, 0, 0, 144, 0, 0, 0, 0, 0, 0, 0, 24, 21, 189
"d:\dptui\mm (1)\SDF\openhitls\testcode\sdv\testcase\bsl\params\test_suite_sdv_params_maker.c", "C", 0, 0, 0, 0, 0, 0, 0, 0, 0, 0, 357, 0, 0, 0, 0, 0, 0, 0, 166, 65, 588
"d:\dptui\mm (1)\SDF\openhitls\testcode\sdv\testcase\bsl\pem\test_suite_sdv_pem.c", "C", 0, 0, 0, 0, 0, 0, 0, 0, 0, 0, 441, 0, 0, 0, 0, 0, 0, 0, 346, 71, 858
"d:\dptui\mm (1)\SDF\openhitls\testcode\sdv\testcase\bsl\sal\test_suite_sdv_sal.c", "C", 0, 0, 0, 0, 0, 0, 0, 0, 0, 0, 485, 0, 0, 0, 0, 0, 0, 0, 318, 71, 874
"d:\dptui\mm (1)\SDF\openhitls\testcode\sdv\testcase\bsl\sal\test_suite_sdv_sal_atomic.c", "C", 0, 0, 0, 0, 0, 0, 0, 0, 0, 0, 64, 0, 0, 0, 0, 0, 0, 0, 33, 13, 110
"d:\dptui\mm (1)\SDF\openhitls\testcode\sdv\testcase\bsl\sal\test_suite_sdv_sal_dl.c", "C", 0, 0, 0, 0, 0, 0, 0, 0, 0, 0, 116, 0, 0, 0, 0, 0, 0, 0, 84, 27, 227
"d:\dptui\mm (1)\SDF\openhitls\testcode\sdv\testcase\bsl\sal\test_suite_sdv_sal_file.c", "C", 0, 0, 0, 0, 0, 0, 0, 0, 0, 0, 78, 0, 0, 0, 0, 0, 0, 0, 53, 23, 154
"d:\dptui\mm (1)\SDF\openhitls\testcode\sdv\testcase\bsl\sal\test_suite_sdv_sal_ip.c", "C", 0, 0, 0, 0, 0, 0, 0, 0, 0, 0, 38, 0, 0, 0, 0, 0, 0, 0, 20, 7, 65
"d:\dptui\mm (1)\SDF\openhitls\testcode\sdv\testcase\bsl\sal\test_suite_sdv_sal_socket.c", "C", 0, 0, 0, 0, 0, 0, 0, 0, 0, 0, 160, 0, 0, 0, 0, 0, 0, 0, 79, 15, 254
"d:\dptui\mm (1)\SDF\openhitls\testcode\sdv\testcase\bsl\sal\test_suite_sdv_sal_time.c", "C", 0, 0, 0, 0, 0, 0, 0, 0, 0, 0, 423, 0, 0, 0, 0, 0, 0, 0, 301, 99, 823
"d:\dptui\mm (1)\SDF\openhitls\testcode\sdv\testcase\bsl\tlv\test_suite_sdv_tlv.c", "C", 0, 0, 0, 0, 0, 0, 0, 0, 0, 0, 26, 0, 0, 0, 0, 0, 0, 0, 31, 8, 65
"d:\dptui\mm (1)\SDF\openhitls\testcode\sdv\testcase\bsl\uio\test_suite_sdv_uio.c", "C", 0, 0, 0, 0, 0, 0, 0, 0, 0, 0, 921, 0, 0, 0, 0, 0, 0, 0, 411, 177, 1509
"d:\dptui\mm (1)\SDF\openhitls\testcode\sdv\testcase\cmvp\test_suite_sdv_cmvp.c", "C", 0, 0, 0, 0, 0, 0, 0, 0, 0, 0, 637, 0, 0, 0, 0, 0, 0, 0, 542, 61, 1240
"d:\dptui\mm (1)\SDF\openhitls\testcode\sdv\testcase\codecs\decode\test_suite_sdv_decode.c", "C", 0, 0, 0, 0, 0, 0, 0, 0, 0, 0, 423, 0, 0, 0, 0, 0, 0, 0, 148, 81, 652
"d:\dptui\mm (1)\SDF\openhitls\testcode\sdv\testcase\crypto\aes\test_suite_sdv_eal_aes.c", "C", 0, 0, 0, 0, 0, 0, 0, 0, 0, 0, 1016, 0, 0, 0, 0, 0, 0, 0, 588, 143, 1747
"d:\dptui\mm (1)\SDF\openhitls\testcode\sdv\testcase\crypto\aes\test_suite_sdv_eal_aes_ccm.c", "C", 0, 0, 0, 0, 0, 0, 0, 0, 0, 0, 544, 0, 0, 0, 0, 0, 0, 0, 358, 60, 962
"d:\dptui\mm (1)\SDF\openhitls\testcode\sdv\testcase\crypto\aes\test_suite_sdv_eal_aes_gcm.c", "C", 0, 0, 0, 0, 0, 0, 0, 0, 0, 0, 97, 0, 0, 0, 0, 0, 0, 0, 58, 15, 170
"d:\dptui\mm (1)\SDF\openhitls\testcode\sdv\testcase\crypto\aes\test_suite_sdv_eal_aes_wrap.c", "C", 0, 0, 0, 0, 0, 0, 0, 0, 0, 0, 282, 0, 0, 0, 0, 0, 0, 0, 142, 46, 470
"d:\dptui\mm (1)\SDF\openhitls\testcode\sdv\testcase\crypto\aes\test_suite_sdv_eal_cipher.c", "C", 0, 0, 0, 0, 0, 0, 0, 0, 0, 0, 448, 0, 0, 0, 0, 0, 0, 0, 105, 60, 613
"d:\dptui\mm (1)\SDF\openhitls\testcode\sdv\testcase\crypto\bn\test_suite_sdv_bn.c", "C", 0, 0, 0, 0, 0, 0, 0, 0, 0, 0, 1375, 0, 0, 0, 0, 0, 0, 0, 678, 287, 2340
"d:\dptui\mm (1)\SDF\openhitls\testcode\sdv\testcase\crypto\cbc_mac\test_suite_sdv_eal_mac_cbc_mac.c", "C", 0, 0, 0, 0, 0, 0, 0, 0, 0, 0, 484, 0, 0, 0, 0, 0, 0, 0, 204, 79, 767
"d:\dptui\mm (1)\SDF\openhitls\testcode\sdv\testcase\crypto\chacha-poly\test_suite_sdv_eal_chachapoly.c", "C", 0, 0, 0, 0, 0, 0, 0, 0, 0, 0, 684, 0, 0, 0, 0, 0, 0, 0, 632, 155, 1471
"d:\dptui\mm (1)\SDF\openhitls\testcode\sdv\testcase\crypto\cmac\test_suite_sdv_eal_mac_cmac.c", "C", 0, 0, 0, 0, 0, 0, 0, 0, 0, 0, 516, 0, 0, 0, 0, 0, 0, 0, 418, 86, 1020
"d:\dptui\mm (1)\SDF\openhitls\testcode\sdv\testcase\crypto\composite\test_suite_sdv_composite.c", "C", 0, 0, 0, 0, 0, 0, 0, 0, 0, 0, 180, 0, 0, 0, 0, 0, 0, 0, 93, 36, 309
"d:\dptui\mm (1)\SDF\openhitls\testcode\sdv\testcase\crypto\curve25519\test_suite_sdv_eal_curve25519.c", "C", 0, 0, 0, 0, 0, 0, 0, 0, 0, 0, 751, 0, 0, 0, 0, 0, 0, 0, 449, 146, 1346
"d:\dptui\mm (1)\SDF\openhitls\testcode\sdv\testcase\crypto\dh\test_suite_sdv_eal_dh.c", "C", 0, 0, 0, 0, 0, 0, 0, 0, 0, 0, 1036, 0, 0, 0, 0, 0, 0, 0, 615, 250, 1901
"d:\dptui\mm (1)\SDF\openhitls\testcode\sdv\testcase\crypto\drbg\test_suite_sdv_drbg.c", "C", 0, 0, 0, 0, 0, 0, 0, 0, 0, 0, 1583, 0, 0, 0, 0, 0, 0, 0, 566, 263, 2412
"d:\dptui\mm (1)\SDF\openhitls\testcode\sdv\testcase\crypto\dsa\test_suite_sdv_eal_dsa.c", "C", 0, 0, 0, 0, 0, 0, 0, 0, 0, 0, 954, 0, 0, 0, 0, 0, 0, 0, 311, 125, 1390
"d:\dptui\mm (1)\SDF\openhitls\testcode\sdv\testcase\crypto\eal\test_suite_sdv_eal.c", "C", 0, 0, 0, 0, 0, 0, 0, 0, 0, 0, 890, 0, 0, 0, 0, 0, 0, 0, 303, 105, 1298
"d:\dptui\mm (1)\SDF\openhitls\testcode\sdv\testcase\crypto\ealinit\test_suite_sdv_ealinit.c", "C", 0, 0, 0, 0, 0, 0, 0, 0, 0, 0, 228, 0, 0, 0, 0, 0, 0, 0, 88, 25, 341
"d:\dptui\mm (1)\SDF\openhitls\testcode\sdv\testcase\crypto\ecc\test_suite_sdv_eal_ecc.base.c", "C", 0, 0, 0, 0, 0, 0, 0, 0, 0, 0, 736, 0, 0, 0, 0, 0, 0, 0, 73, 158, 967
"d:\dptui\mm (1)\SDF\openhitls\testcode\sdv\testcase\crypto\ecc\test_suite_sdv_eal_ecdh.c", "C", 0, 0, 0, 0, 0, 0, 0, 0, 0, 0, 629, 0, 0, 0, 0, 0, 0, 0, 536, 107, 1272
"d:\dptui\mm (1)\SDF\openhitls\testcode\sdv\testcase\crypto\ecc\test_suite_sdv_eal_ecdsa.c", "C", 0, 0, 0, 0, 0, 0, 0, 0, 0, 0, 750, 0, 0, 0, 0, 0, 0, 0, 734, 161, 1645
"d:\dptui\mm (1)\SDF\openhitls\testcode\sdv\testcase\crypto\elgamal\test_suite_sdv_eal_elgamal.c", "C", 0, 0, 0, 0, 0, 0, 0, 0, 0, 0, 541, 0, 0, 0, 0, 0, 0, 0, 307, 144, 992
"d:\dptui\mm (1)\SDF\openhitls\testcode\sdv\testcase\crypto\encode\test_suite_sdv_asn1_certkey.c", "C", 0, 0, 0, 0, 0, 0, 0, 0, 0, 0, 2207, 0, 0, 0, 0, 0, 0, 0, 380, 244, 2831
"d:\dptui\mm (1)\SDF\openhitls\testcode\sdv\testcase\crypto\encode\test_suite_sdv_encode.c", "C", 0, 0, 0, 0, 0, 0, 0, 0, 0, 0, 317, 0, 0, 0, 0, 0, 0, 0, 123, 75, 515
"d:\dptui\mm (1)\SDF\openhitls\testcode\sdv\testcase\crypto\entropy\test_suite_sdv_entropy.c", "C", 0, 0, 0, 0, 0, 0, 0, 0, 0, 0, 1967, 0, 0, 0, 0, 0, 0, 0, 478, 134, 2579
"d:\dptui\mm (1)\SDF\openhitls\testcode\sdv\testcase\crypto\frodokem\test_suite_sdv_frodokem.c", "C", 0, 0, 0, 0, 0, 0, 0, 0, 0, 0, 871, 0, 0, 0, 0, 0, 0, 0, 187, 126, 1184
"d:\dptui\mm (1)\SDF\openhitls\testcode\sdv\testcase\crypto\gcm\test_suite_sdv_gcm.c", "C", 0, 0, 0, 0, 0, 0, 0, 0, 0, 0, 317, 0, 0, 0, 0, 0, 0, 0, 94, 38, 449
"d:\dptui\mm (1)\SDF\openhitls\testcode\sdv\testcase\crypto\gmac\test_suite_sdv_eal_gmac.c", "C", 0, 0, 0, 0, 0, 0, 0, 0, 0, 0, 274, 0, 0, 0, 0, 0, 0, 0, 88, 60, 422
"d:\dptui\mm (1)\SDF\openhitls\testcode\sdv\testcase\crypto\hkdf\test_suite_sdv_eal_kdf_hkdf.c", "C", 0, 0, 0, 0, 0, 0, 0, 0, 0, 0, 488, 0, 0, 0, 0, 0, 0, 0, 83, 55, 626
"d:\dptui\mm (1)\SDF\openhitls\testcode\sdv\testcase\crypto\hmac\test_suite_sdv_eal_mac_hmac.base.c", "C", 0, 0, 0, 0, 0, 0, 0, 0, 0, 0, 86, 0, 0, 0, 0, 0, 0, 0, 14, 8, 108
"d:\dptui\mm (1)\SDF\openhitls\testcode\sdv\testcase\crypto\hmac\test_suite_sdv_eal_mac_hmac.c", "C", 0, 0, 0, 0, 0, 0, 0, 0, 0, 0, 367, 0, 0, 0, 0, 0, 0, 0, 206, 63, 636
"d:\dptui\mm (1)\SDF\openhitls\testcode\sdv\testcase\crypto\hpke\test_suite_sdv_eal_hpke.c", "C", 0, 0, 0, 0, 0, 0, 0, 0, 0, 0, 739, 0, 0, 0, 0, 0, 0, 0, 112, 151, 1002
"d:\dptui\mm (1)\SDF\openhitls\testcode\sdv\testcase\crypto\hss_lms\test_suite_sdv_eal_hss.c", "C", 0, 0, 0, 0, 0, 0, 0, 0, 0, 0, 231, 0, 0, 0, 0, 0, 0, 0, 57, 38, 326
"d:\dptui\mm (1)\SDF\openhitls\testcode\sdv\testcase\crypto\hss_lms\test_suite_sdv_hss.base.c", "C", 0, 0, 0, 0, 0, 0, 0, 0, 0, 0, 1426, 0, 0, 0, 0, 0, 0, 0, 20, 227, 1673
"d:\dptui\mm (1)\SDF\openhitls\testcode\sdv\testcase\crypto\hss_lms\test_suite_sdv_hss.c", "C", 0, 0, 0, 0, 0, 0, 0, 0, 0, 0, 693, 0, 0, 0, 0, 0, 0, 0, 230, 142, 1065
"d:\dptui\mm (1)\SDF\openhitls\testcode\sdv\testcase\crypto\hybridkem\test_suite_sdv_hybridkem.c", "C", 0, 0, 0, 0, 0, 0, 0, 0, 0, 0, 233, 0, 0, 0, 0, 0, 0, 0, 68, 29, 330
"d:\dptui\mm (1)\SDF\openhitls\testcode\sdv\testcase\crypto\kdf_tls12\test_suite_sdv_eal_kdf_tls12.c", "C", 0, 0, 0, 0, 0, 0, 0, 0, 0, 0, 303, 0, 0, 0, 0, 0, 0, 0, 66, 40, 409
"d:\dptui\mm (1)\SDF\openhitls\testcode\sdv\testcase\crypto\mceliece\test_suite_sdv_mceliece.c", "C", 0, 0, 0, 0, 0, 0, 0, 0, 0, 0, 1003, 0, 0, 0, 0, 0, 0, 0, 241, 187, 1431
"d:\dptui\mm (1)\SDF\openhitls\testcode\sdv\testcase\crypto\md5\test_suite_sdv_eal_md5.c", "C", 0, 0, 0, 0, 0, 0, 0, 0, 0, 0, 227, 0, 0, 0, 0, 0, 0, 0, 150, 44, 421
"d:\dptui\mm (1)\SDF\openhitls\testcode\sdv\testcase\crypto\mldsa\test_suite_sdv_mldsa.c", "C", 0, 0, 0, 0, 0, 0, 0, 0, 0, 0, 464, 0, 0, 0, 0, 0, 0, 0, 163, 74, 701
"d:\dptui\mm (1)\SDF\openhitls\testcode\sdv\testcase\crypto\mldsa\test_suite_sdv_mldsa_util.c", "C", 0, 0, 0, 0, 0, 0, 0, 0, 0, 0, 189, 0, 0, 0, 0, 0, 0, 0, 49, 25, 263
"d:\dptui\mm (1)\SDF\openhitls\testcode\sdv\testcase\crypto\mlkem\test_suite_sdv_mlkem.c", "C", 0, 0, 0, 0, 0, 0, 0, 0, 0, 0, 1154, 0, 0, 0, 0, 0, 0, 0, 337, 206, 1697
"d:\dptui\mm (1)\SDF\openhitls\testcode\sdv\testcase\crypto\paillier\test_suite_sdv_eal_paillier.c", "C", 0, 0, 0, 0, 0, 0, 0, 0, 0, 0, 716, 0, 0, 0, 0, 0, 0, 0, 373, 171, 1260
"d:\dptui\mm (1)\SDF\openhitls\testcode\sdv\testcase\crypto\pbkdf2\test_suite_sdv_eal_kdf_pbkdf2.c", "C", 0, 0, 0, 0, 0, 0, 0, 0, 0, 0, 342, 0, 0, 0, 0, 0, 0, 0, 59, 48, 449
"d:\dptui\mm (1)\SDF\openhitls\testcode\sdv\testcase\crypto\provider\test_suite_sdv_eal_iso19790_provider.c", "C", 0, 0, 0, 0, 0, 0, 0, 0, 0, 0, 1270, 0, 0, 0, 0, 0, 0, 0, 106, 252, 1628
"d:\dptui\mm (1)\SDF\openhitls\testcode\sdv\testcase\crypto\provider\test_suite_sdv_eal_multi_provider.c", "C", 0, 0, 0, 0, 0, 0, 0, 0, 0, 0, 451, 0, 0, 0, 0, 0, 0, 0, 76, 57, 584
"d:\dptui\mm (1)\SDF\openhitls\testcode\sdv\testcase\crypto\provider\test_suite_sdv_eal_provider_load.c", "C", 0, 0, 0, 0, 0, 0, 0, 0, 0, 0, 885, 0, 0, 0, 0, 0, 0, 0, 255, 147, 1287
"d:\dptui\mm (1)\SDF\openhitls\testcode\sdv\testcase\crypto\provider\test_suite_sdv_eal_provider_reg.c", "C", 0, 0, 0, 0, 0, 0, 0, 0, 0, 0, 282, 0, 0, 0, 0, 0, 0, 0, 64, 55, 401
"d:\dptui\mm (1)\SDF\openhitls\testcode\sdv\testcase\crypto\provider\test_suite_sdv_eal_sm_provider.c", "C", 0, 0, 0, 0, 0, 0, 0, 0, 0, 0, 408, 0, 0, 0, 0, 0, 0, 0, 36, 88, 532
"d:\dptui\mm (1)\SDF\openhitls\testcode\sdv\testcase\crypto\rsa\test_suite_sdv_eal_rsa.base.c", "C", 0, 0, 0, 0, 0, 0, 0, 0, 0, 0, 116, 0, 0, 0, 0, 0, 0, 0, 17, 20, 153
"d:\dptui\mm (1)\SDF\openhitls\testcode\sdv\testcase\crypto\rsa\test_suite_sdv_eal_rsa_api.c", "C", 0, 0, 0, 0, 0, 0, 0, 0, 0, 0, 1608, 0, 0, 0, 0, 0, 0, 0, 596, 348, 2552
"d:\dptui\mm (1)\SDF\openhitls\testcode\sdv\testcase\crypto\rsa\test_suite_sdv_eal_rsa_encrypt_decrypt.c", "C", 0, 0, 0, 0, 0, 0, 0, 0, 0, 0, 701, 0, 0, 0, 0, 0, 0, 0, 193, 90, 984
"d:\dptui\mm (1)\SDF\openhitls\testcode\sdv\testcase\crypto\rsa\test_suite_sdv_eal_rsa_sign_verify.c", "C", 0, 0, 0, 0, 0, 0, 0, 0, 0, 0, 1454, 0, 0, 0, 0, 0, 0, 0, 532, 242, 2228
"d:\dptui\mm (1)\SDF\openhitls\testcode\sdv\testcase\crypto\scrypt\test_suite_sdv_eal_kdf_scrypt.c", "C", 0, 0, 0, 0, 0, 0, 0, 0, 0, 0, 475, 0, 0, 0, 0, 0, 0, 0, 103, 64, 642
"d:\dptui\mm (1)\SDF\openhitls\testcode\sdv\testcase\crypto\sha1\test_suite_sdv_eal_md_sha1.c", "C", 0, 0, 0, 0, 0, 0, 0, 0, 0, 0, 214, 0, 0, 0, 0, 0, 0, 0, 164, 45, 423
"d:\dptui\mm (1)\SDF\openhitls\testcode\sdv\testcase\crypto\sha2\test_suite_sdv_eal_md_sha2.c", "C", 0, 0, 0, 0, 0, 0, 0, 0, 0, 0, 655, 0, 0, 0, 0, 0, 0, 0, 349, 144, 1148
"d:\dptui\mm (1)\SDF\openhitls\testcode\sdv\testcase\crypto\sha3\test_suite_sdv_eal_md_sha3.c", "C", 0, 0, 0, 0, 0, 0, 0, 0, 0, 0, 299, 0, 0, 0, 0, 0, 0, 0, 175, 59, 533
"d:\dptui\mm (1)\SDF\openhitls\testcode\sdv\testcase\crypto\siphash\test_suite_sdv_eal_mac_siphash.c", "C", 0, 0, 0, 0, 0, 0, 0, 0, 0, 0, 479, 0, 0, 0, 0, 0, 0, 0, 472, 111, 1062
"d:\dptui\mm (1)\SDF\openhitls\testcode\sdv\testcase\crypto\slh_dsa\test_suite_sdv_eal_slh_dsa.c", "C", 0, 0, 0, 0, 0, 0, 0, 0, 0, 0, 843, 0, 0, 0, 0, 0, 0, 0, 112, 97, 1052
"d:\dptui\mm (1)\SDF\openhitls\testcode\sdv\testcase\crypto\slh_dsa\test_suite_sdv_eal_slh_dsa1.c", "C", 0, 0, 0, 0, 0, 0, 0, 0, 0, 0, 92, 0, 0, 0, 0, 0, 0, 0, 20, 8, 120
"d:\dptui\mm (1)\SDF\openhitls\testcode\sdv\testcase\crypto\sm2\test_suite_sdv_eal_sm2.base.c", "C", 0, 0, 0, 0, 0, 0, 0, 0, 0, 0, 88, 0, 0, 0, 0, 0, 0, 0, 17, 16, 121
"d:\dptui\mm (1)\SDF\openhitls\testcode\sdv\testcase\crypto\sm2\test_suite_sdv_eal_sm2_crypt.c", "C", 0, 0, 0, 0, 0, 0, 0, 0, 0, 0, 351, 0, 0, 0, 0, 0, 0, 0, 235, 83, 669
"d:\dptui\mm (1)\SDF\openhitls\testcode\sdv\testcase\crypto\sm2\test_suite_sdv_eal_sm2_exchange.c", "C", 0, 0, 0, 0, 0, 0, 0, 0, 0, 0, 619, 0, 0, 0, 0, 0, 0, 0, 364, 131, 1114
"d:\dptui\mm (1)\SDF\openhitls\testcode\sdv\testcase\crypto\sm2\test_suite_sdv_eal_sm2_sign.c", "C", 0, 0, 0, 0, 0, 0, 0, 0, 0, 0, 819, 0, 0, 0, 0, 0, 0, 0, 463, 179, 1461
"d:\dptui\mm (1)\SDF\openhitls\testcode\sdv\testcase\crypto\sm3\test_suite_sdv_eal_sm3.c", "C", 0, 0, 0, 0, 0, 0, 0, 0, 0, 0, 226, 0, 0, 0, 0, 0, 0, 0, 148, 62, 436
"d:\dptui\mm (1)\SDF\openhitls\testcode\sdv\testcase\crypto\sm4\test_suite_sdv_eal_sm4.c", "C", 0, 0, 0, 0, 0, 0, 0, 0, 0, 0, 1126, 0, 0, 0, 0, 0, 0, 0, 641, 150, 1917
"d:\dptui\mm (1)\SDF\openhitls\testcode\sdv\testcase\crypto\sm9\test_suite_sdv_eal_sm9.base.c", "C", 0, 0, 0, 0, 0, 0, 0, 0, 0, 0, 60, 0, 0, 0, 0, 0, 0, 0, 16, 12, 88
"d:\dptui\mm (1)\SDF\openhitls\testcode\sdv\testcase\crypto\sm9\test_suite_sdv_eal_sm9_crypt.c", "C", 0, 0, 0, 0, 0, 0, 0, 0, 0, 0, 351, 0, 0, 0, 0, 0, 0, 0, 151, 78, 580
"d:\dptui\mm (1)\SDF\openhitls\testcode\sdv\testcase\crypto\sm9\test_suite_sdv_eal_sm9_sign.c", "C", 0, 0, 0, 0, 0, 0, 0, 0, 0, 0, 552, 0, 0, 0, 0, 0, 0, 0, 321, 150, 1023
"d:\dptui\mm (1)\SDF\openhitls\testcode\sdv\testcase\crypto\xmss\test_suite_sdv_eal_xmss.c", "C", 0, 0, 0, 0, 0, 0, 0, 0, 0, 0, 1060, 0, 0, 0, 0, 0, 0, 0, 253, 141, 1454
"d:\dptui\mm (1)\SDF\openhitls\testcode\sdv\testcase\pki\cert\test_suite_sdv_x509_cert.c", "C", 0, 0, 0, 0, 0, 0, 0, 0, 0, 0, 1227, 0, 0, 0, 0, 0, 0, 0, 190, 214, 1631
"d:\dptui\mm (1)\SDF\openhitls\testcode\sdv\testcase\pki\cert\test_suite_sdv_x509_check.c", "C", 0, 0, 0, 0, 0, 0, 0, 0, 0, 0, 3880, 0, 0, 0, 0, 0, 0, 0, 731, 445, 5056
"d:\dptui\mm (1)\SDF\openhitls\testcode\sdv\testcase\pki\cms\test_suite_sdv_cms.c", "C", 0, 0, 0, 0, 0, 0, 0, 0, 0, 0, 211, 0, 0, 0, 0, 0, 0, 0, 51, 24, 286
"d:\dptui\mm (1)\SDF\openhitls\testcode\sdv\testcase\pki\cms\test_suite_sdv_cms_sign.c", "C", 0, 0, 0, 0, 0, 0, 0, 0, 0, 0, 2307, 0, 0, 0, 0, 0, 0, 0, 629, 231, 3167
"d:\dptui\mm (1)\SDF\openhitls\testcode\sdv\testcase\pki\common\test_suite_sdv_common.c", "C", 0, 0, 0, 0, 0, 0, 0, 0, 0, 0, 2285, 0, 0, 0, 0, 0, 0, 0, 543, 349, 3177
"d:\dptui\mm (1)\SDF\openhitls\testcode\sdv\testcase\pki\common\test_suite_sdv_x509.c", "C", 0, 0, 0, 0, 0, 0, 0, 0, 0, 0, 1844, 0, 0, 0, 0, 0, 0, 0, 190, 262, 2296
"d:\dptui\mm (1)\SDF\openhitls\testcode\sdv\testcase\pki\crl\test_suite_sdv_x509_crl.c", "C", 0, 0, 0, 0, 0, 0, 0, 0, 0, 0, 3410, 0, 0, 0, 0, 0, 0, 0, 850, 497, 4757
"d:\dptui\mm (1)\SDF\openhitls\testcode\sdv\testcase\pki\crl\test_suite_sdv_x509_crl_rfc5280.c", "C", 0, 0, 0, 0, 0, 0, 0, 0, 0, 0, 474, 0, 0, 0, 0, 0, 0, 0, 139, 71, 684
"d:\dptui\mm (1)\SDF\openhitls\testcode\sdv\testcase\pki\csr\test_suite_sdv_x509_csr.c", "C", 0, 0, 0, 0, 0, 0, 0, 0, 0, 0, 1218, 0, 0, 0, 0, 0, 0, 0, 183, 222, 1623
"d:\dptui\mm (1)\SDF\openhitls\testcode\sdv\testcase\pki\pkcs12\test_suite_sdv_pkcs12.c", "C", 0, 0, 0, 0, 0, 0, 0, 0, 0, 0, 1952, 0, 0, 0, 0, 0, 0, 0, 262, 334, 2548
"d:\dptui\mm (1)\SDF\openhitls\testcode\sdv\testcase\pki\pkcs12\test_suite_sdv_pkcs12_util.c", "C", 0, 0, 0, 0, 0, 0, 0, 0, 0, 0, 957, 0, 0, 0, 0, 0, 0, 0, 248, 125, 1330
"d:\dptui\mm (1)\SDF\openhitls\testcode\sdv\testcase\pki\verify\test_suite_sdv_x509_vfy.c", "C", 0, 0, 0, 0, 0, 0, 0, 0, 0, 0, 5289, 0, 0, 0, 0, 0, 0, 0, 795, 959, 7043
"d:\dptui\mm (1)\SDF\openhitls\testcode\sdv\testcase\pki\verify\test_suite_sdv_x509_vfy_store.c", "C", 0, 0, 0, 0, 0, 0, 0, 0, 0, 0, 790, 0, 0, 0, 0, 0, 0, 0, 188, 121, 1099
"d:\dptui\mm (1)\SDF\openhitls\testcode\sdv\testcase\tls\ciphersuite\test_suite_sdv_hlt_base_connect.c", "C", 0, 0, 0, 0, 0, 0, 0, 0, 0, 0, 98, 0, 0, 0, 0, 0, 0, 0, 20, 12, 130
"d:\dptui\mm (1)\SDF\openhitls\testcode\sdv\testcase\tls\ciphersuite\test_suite_sdv_hlt_ciphersuite.c", "C", 0, 0, 0, 0, 0, 0, 0, 0, 0, 0, 250, 0, 0, 0, 0, 0, 0, 0, 31, 27, 308
"d:\dptui\mm (1)\SDF\openhitls\testcode\sdv\testcase\tls\ciphersuite\test_suite_sdv_hlt_group_signature.c", "C", 0, 0, 0, 0, 0, 0, 0, 0, 0, 0, 177, 0, 0, 0, 0, 0, 0, 0, 73, 31, 281
"d:\dptui\mm (1)\SDF\openhitls\testcode\sdv\testcase\tls\ciphersuite\test_suite_sdv_hlt_tlcp_ciphersuite.c", "C", 0, 0, 0, 0, 0, 0, 0, 0, 0, 0, 45, 0, 0, 0, 0, 0, 0, 0, 22, 12, 79
"d:\dptui\mm (1)\SDF\openhitls\testcode\sdv\testcase\tls\consistency\dtlcp\test_suite_sdv_frame_dtlcp_consistency.base.c", "C", 0, 0, 0, 0, 0, 0, 0, 0, 0, 0, 363, 0, 0, 0, 0, 0, 0, 0, 14, 47, 424
"d:\dptui\mm (1)\SDF\openhitls\testcode\sdv\testcase\tls\consistency\dtlcp\test_suite_sdv_frame_dtlcp_consistency.c", "C", 0, 0, 0, 0, 0, 0, 0, 0, 0, 0, 781, 0, 0, 0, 0, 0, 0, 0, 418, 135, 1334
"d:\dptui\mm (1)\SDF\openhitls\testcode\sdv\testcase\tls\consistency\dtlcp\test_suite_sdv_hlt_dtlcp_consistency.c", "C", 0, 0, 0, 0, 0, 0, 0, 0, 0, 0, 162, 0, 0, 0, 0, 0, 0, 0, 47, 21, 230
"d:\dptui\mm (1)\SDF\openhitls\testcode\sdv\testcase\tls\consistency\dtls12\test_suite_sdv_dtls_callback.c", "C", 0, 0, 0, 0, 0, 0, 0, 0, 0, 0, 278, 0, 0, 0, 0, 0, 0, 0, 22, 52, 352
"d:\dptui\mm (1)\SDF\openhitls\testcode\sdv\testcase\tls\consistency\dtls12\test_suite_sdv_frame_dtls12_consistency.base.c", "C", 0, 0, 0, 0, 0, 0, 0, 0, 0, 0, 387, 0, 0, 0, 0, 0, 0, 0, 18, 39, 444
"d:\dptui\mm (1)\SDF\openhitls\testcode\sdv\testcase\tls\consistency\dtls12\test_suite_sdv_frame_dtls12_consistency.c", "C", 0, 0, 0, 0, 0, 0, 0, 0, 0, 0, 2289, 0, 0, 0, 0, 0, 0, 0, 885, 179, 3353
"d:\dptui\mm (1)\SDF\openhitls\testcode\sdv\testcase\tls\consistency\dtls12\test_suite_sdv_hlt_dtls12_consistency.c", "C", 0, 0, 0, 0, 0, 0, 0, 0, 0, 0, 295, 0, 0, 0, 0, 0, 0, 0, 69, 40, 404
"d:\dptui\mm (1)\SDF\openhitls\testcode\sdv\testcase\tls\consistency\tlcp\test_suite_sdv_frame_tlcp_consistency.base.c", "C", 0, 0, 0, 0, 0, 0, 0, 0, 0, 0, 187, 0, 0, 0, 0, 0, 0, 0, 20, 26, 233
"d:\dptui\mm (1)\SDF\openhitls\testcode\sdv\testcase\tls\consistency\tlcp\test_suite_sdv_frame_tlcp_consistency_1.c", "C", 0, 0, 0, 0, 0, 0, 0, 0, 0, 0, 1616, 0, 0, 0, 0, 0, 0, 0, 624, 335, 2575
"d:\dptui\mm (1)\SDF\openhitls\testcode\sdv\testcase\tls\consistency\tlcp\test_suite_sdv_frame_tlcp_consistency_2.c", "C", 0, 0, 0, 0, 0, 0, 0, 0, 0, 0, 256, 0, 0, 0, 0, 0, 0, 0, 128, 31, 415
"d:\dptui\mm (1)\SDF\openhitls\testcode\sdv\testcase\tls\consistency\tlcp\test_suite_sdv_frame_tlcp_consistency_3.c", "C", 0, 0, 0, 0, 0, 0, 0, 0, 0, 0, 1279, 0, 0, 0, 0, 0, 0, 0, 401, 220, 1900
"d:\dptui\mm (1)\SDF\openhitls\testcode\sdv\testcase\tls\consistency\tlcp\test_suite_sdv_hlt_tlcp_consistency.c", "C", 0, 0, 0, 0, 0, 0, 0, 0, 0, 0, 1050, 0, 0, 0, 0, 0, 0, 0, 166, 175, 1391
"d:\dptui\mm (1)\SDF\openhitls\testcode\sdv\testcase\tls\consistency\tls12\test_suite_sdv_frame_tls12_consistency_rfc5246.c", "C", 0, 0, 0, 0, 0, 0, 0, 0, 0, 0, 3816, 0, 0, 0, 0, 0, 0, 0, 1382, 855, 6053
"d:\dptui\mm (1)\SDF\openhitls\testcode\sdv\testcase\tls\consistency\tls12\test_suite_sdv_frame_tls12_consistency_rfc5246_cert.c", "C", 0, 0, 0, 0, 0, 0, 0, 0, 0, 0, 1025, 0, 0, 0, 0, 0, 0, 0, 389, 163, 1577
"d:\dptui\mm (1)\SDF\openhitls\testcode\sdv\testcase\tls\consistency\tls12\test_suite_sdv_frame_tls12_consistency_rfc5246_extensions.c", "C", 0, 0, 0, 0, 0, 0, 0, 0, 0, 0, 476, 0, 0, 0, 0, 0, 0, 0, 141, 115, 732
"d:\dptui\mm (1)\SDF\openhitls\testcode\sdv\testcase\tls\consistency\tls12\test_suite_sdv_frame_tls12_consistency_rfc5246_malformed_msg.c", "C", 0, 0, 0, 0, 0, 0, 0, 0, 0, 0, 158, 0, 0, 0, 0, 0, 0, 0, 65, 35, 258
"d:\dptui\mm (1)\SDF\openhitls\testcode\sdv\testcase\tls\consistency\tls12\test_suite_sdv_frame_tls12_consistency_rfc5746.c", "C", 0, 0, 0, 0, 0, 0, 0, 0, 0, 0, 890, 0, 0, 0, 0, 0, 0, 0, 231, 165, 1286
"d:\dptui\mm (1)\SDF\openhitls\testcode\sdv\testcase\tls\consistency\tls12\test_suite_sdv_frame_tls12_consistency_rfc7627.c", "C", 0, 0, 0, 0, 0, 0, 0, 0, 0, 0, 344, 0, 0, 0, 0, 0, 0, 0, 100, 75, 519
"d:\dptui\mm (1)\SDF\openhitls\testcode\sdv\testcase\tls\consistency\tls12\test_suite_sdv_frame_tls12_consistency_rfc8422.c", "C", 0, 0, 0, 0, 0, 0, 0, 0, 0, 0, 44, 0, 0, 0, 0, 0, 0, 0, 31, 6, 81
"d:\dptui\mm (1)\SDF\openhitls\testcode\sdv\testcase\tls\consistency\tls12\test_suite_sdv_hlt_tls12_consistency_rfc5246.c", "C", 0, 0, 0, 0, 0, 0, 0, 0, 0, 0, 412, 0, 0, 0, 0, 0, 0, 0, 120, 74, 606
"d:\dptui\mm (1)\SDF\openhitls\testcode\sdv\testcase\tls\consistency\tls12\test_suite_sdv_hlt_tls12_consistency_rfc5246_cert.c", "C", 0, 0, 0, 0, 0, 0, 0, 0, 0, 0, 190, 0, 0, 0, 0, 0, 0, 0, 96, 59, 345
"d:\dptui\mm (1)\SDF\openhitls\testcode\sdv\testcase\tls\consistency\tls12\test_suite_sdv_hlt_tls12_consistency_rfc5246_extensions.c", "C", 0, 0, 0, 0, 0, 0, 0, 0, 0, 0, 1528, 0, 0, 0, 0, 0, 0, 0, 434, 259, 2221
"d:\dptui\mm (1)\SDF\openhitls\testcode\sdv\testcase\tls\consistency\tls12\test_suite_sdv_hlt_tls12_consistency_rfc5246_malformed_msg.c", "C", 0, 0, 0, 0, 0, 0, 0, 0, 0, 0, 1413, 0, 0, 0, 0, 0, 0, 0, 1002, 109, 2524
"d:\dptui\mm (1)\SDF\openhitls\testcode\sdv\testcase\tls\consistency\tls12\test_suite_sdv_hlt_tls12_consistency_rfc7627.c", "C", 0, 0, 0, 0, 0, 0, 0, 0, 0, 0, 452, 0, 0, 0, 0, 0, 0, 0, 86, 63, 601
"d:\dptui\mm (1)\SDF\openhitls\testcode\sdv\testcase\tls\consistency\tls12\test_suite_sdv_hlt_tls12_consistency_rfc8422.c", "C", 0, 0, 0, 0, 0, 0, 0, 0, 0, 0, 323, 0, 0, 0, 0, 0, 0, 0, 174, 46, 543
"d:\dptui\mm (1)\SDF\openhitls\testcode\sdv\testcase\tls\consistency\tls12\test_suite_tls12_consistency_rfc5246.base.c", "C", 0, 0, 0, 0, 0, 0, 0, 0, 0, 0, 390, 0, 0, 0, 0, 0, 0, 0, 46, 58, 494
"d:\dptui\mm (1)\SDF\openhitls\testcode\sdv\testcase\tls\consistency\tls12\test_suite_tls12_consistency_rfc5246_malformed_msg.base.c", "C", 0, 0, 0, 0, 0, 0, 0, 0, 0, 0, 581, 0, 0, 0, 0, 0, 0, 0, 61, 72, 714
"d:\dptui\mm (1)\SDF\openhitls\testcode\sdv\testcase\tls\consistency\tls13\test_suite_sdv_frame_tls13_consistency_rfc8446_1.c", "C", 0, 0, 0, 0, 0, 0, 0, 0, 0, 0, 2189, 0, 0, 0, 0, 0, 0, 0, 962, 290, 3441
"d:\dptui\mm (1)\SDF\openhitls\testcode\sdv\testcase\tls\consistency\tls13\test_suite_sdv_frame_tls13_consistency_rfc8446_2.c", "C", 0, 0, 0, 0, 0, 0, 0, 0, 0, 0, 2475, 0, 0, 0, 0, 0, 0, 0, 941, 490, 3906
"d:\dptui\mm (1)\SDF\openhitls\testcode\sdv\testcase\tls\consistency\tls13\test_suite_sdv_frame_tls13_consistency_rfc8446_appendix.c", "C", 0, 0, 0, 0, 0, 0, 0, 0, 0, 0, 490, 0, 0, 0, 0, 0, 0, 0, 130, 51, 671
"d:\dptui\mm (1)\SDF\openhitls\testcode\sdv\testcase\tls\consistency\tls13\test_suite_sdv_frame_tls13_consistency_rfc8446_cert.c", "C", 0, 0, 0, 0, 0, 0, 0, 0, 0, 0, 1826, 0, 0, 0, 0, 0, 0, 0, 531, 204, 2561
"d:\dptui\mm (1)\SDF\openhitls\testcode\sdv\testcase\tls\consistency\tls13\test_suite_sdv_frame_tls13_consistency_rfc8446_extensions_1.c", "C", 0, 0, 0, 0, 0, 0, 0, 0, 0, 0, 1981, 0, 0, 0, 0, 0, 0, 0, 709, 192, 2882
"d:\dptui\mm (1)\SDF\openhitls\testcode\sdv\testcase\tls\consistency\tls13\test_suite_sdv_frame_tls13_consistency_rfc8446_extensions_2.c", "C", 0, 0, 0, 0, 0, 0, 0, 0, 0, 0, 1263, 0, 0, 0, 0, 0, 0, 0, 459, 287, 2009
"d:\dptui\mm (1)\SDF\openhitls\testcode\sdv\testcase\tls\consistency\tls13\test_suite_sdv_frame_tls13_consistency_rfc8446_kex.c", "C", 0, 0, 0, 0, 0, 0, 0, 0, 0, 0, 3124, 0, 0, 0, 0, 0, 0, 0, 1262, 718, 5104
"d:\dptui\mm (1)\SDF\openhitls\testcode\sdv\testcase\tls\consistency\tls13\test_suite_sdv_frame_tls13_consistency_rfc8446_pha.c", "C", 0, 0, 0, 0, 0, 0, 0, 0, 0, 0, 151, 0, 0, 0, 0, 0, 0, 0, 103, 33, 287
"d:\dptui\mm (1)\SDF\openhitls\testcode\sdv\testcase\tls\consistency\tls13\test_suite_sdv_frame_tls13_consistency_rfc8446_record.c", "C", 0, 0, 0, 0, 0, 0, 0, 0, 0, 0, 1979, 0, 0, 0, 0, 0, 0, 0, 837, 331, 3147
"d:\dptui\mm (1)\SDF\openhitls\testcode\sdv\testcase\tls\consistency\tls13\test_suite_sdv_frame_tls13_consistency_rfc8998.c", "C", 0, 0, 0, 0, 0, 0, 0, 0, 0, 0, 327, 0, 0, 0, 0, 0, 0, 0, 51, 18, 396
"d:\dptui\mm (1)\SDF\openhitls\testcode\sdv\testcase\tls\consistency\tls13\test_suite_sdv_hlt_tls13_consistency_rfc8446_1.c", "C", 0, 0, 0, 0, 0, 0, 0, 0, 0, 0, 156, 0, 0, 0, 0, 0, 0, 0, 48, 20, 224
"d:\dptui\mm (1)\SDF\openhitls\testcode\sdv\testcase\tls\consistency\tls13\test_suite_sdv_hlt_tls13_consistency_rfc8446_2.c", "C", 0, 0, 0, 0, 0, 0, 0, 0, 0, 0, 393, 0, 0, 0, 0, 0, 0, 0, 108, 79, 580
"d:\dptui\mm (1)\SDF\openhitls\testcode\sdv\testcase\tls\consistency\tls13\test_suite_sdv_hlt_tls13_consistency_rfc8446_extensions.c", "C", 0, 0, 0, 0, 0, 0, 0, 0, 0, 0, 815, 0, 0, 0, 0, 0, 0, 0, 147, 174, 1136
"d:\dptui\mm (1)\SDF\openhitls\testcode\sdv\testcase\tls\consistency\tls13\test_suite_sdv_hlt_tls13_consistency_rfc8446_ffdhe.c", "C", 0, 0, 0, 0, 0, 0, 0, 0, 0, 0, 617, 0, 0, 0, 0, 0, 0, 0, 203, 104, 924
"d:\dptui\mm (1)\SDF\openhitls\testcode\sdv\testcase\tls\consistency\tls13\test_suite_sdv_hlt_tls13_consistency_rfc8446_pha.c", "C", 0, 0, 0, 0, 0, 0, 0, 0, 0, 0, 1288, 0, 0, 0, 0, 0, 0, 0, 438, 241, 1967
"d:\dptui\mm (1)\SDF\openhitls\testcode\sdv\testcase\tls\consistency\tls13\test_suite_tls13_consistency_rfc8446.base.c", "C", 0, 0, 0, 0, 0, 0, 0, 0, 0, 0, 208, 0, 0, 0, 0, 0, 0, 0, 21, 20, 249
"d:\dptui\mm (1)\SDF\openhitls\testcode\sdv\testcase\tls\custom\test_suite_sdv_custom_extensions.c", "C", 0, 0, 0, 0, 0, 0, 0, 0, 0, 0, 782, 0, 0, 0, 0, 0, 0, 0, 203, 131, 1116
"d:\dptui\mm (1)\SDF\openhitls\testcode\sdv\testcase\tls\feature\test_suite_sdv_dtls_alpn.c", "C", 0, 0, 0, 0, 0, 0, 0, 0, 0, 0, 93, 0, 0, 0, 0, 0, 0, 0, 19, 21, 133
"d:\dptui\mm (1)\SDF\openhitls\testcode\sdv\testcase\tls\feature\test_suite_sdv_frame_alpn_interface.c", "C", 0, 0, 0, 0, 0, 0, 0, 0, 0, 0, 135, 0, 0, 0, 0, 0, 0, 0, 49, 27, 211
"d:\dptui\mm (1)\SDF\openhitls\testcode\sdv\testcase\tls\feature\test_suite_sdv_frame_buffer_minimization.c", "C", 0, 0, 0, 0, 0, 0, 0, 0, 0, 0, 125, 0, 0, 0, 0, 0, 0, 0, 55, 8, 188
"d:\dptui\mm (1)\SDF\openhitls\testcode\sdv\testcase\tls\feature\test_suite_sdv_frame_ca_list.c", "C", 0, 0, 0, 0, 0, 0, 0, 0, 0, 0, 102, 0, 0, 0, 0, 0, 0, 0, 65, 16, 183
"d:\dptui\mm (1)\SDF\openhitls\testcode\sdv\testcase\tls\feature\test_suite_sdv_frame_max_send_fragment.c", "C", 0, 0, 0, 0, 0, 0, 0, 0, 0, 0, 150, 0, 0, 0, 0, 0, 0, 0, 71, 14, 235
"d:\dptui\mm (1)\SDF\openhitls\testcode\sdv\testcase\tls\feature\test_suite_sdv_frame_mtu.c", "C", 0, 0, 0, 0, 0, 0, 0, 0, 0, 0, 240, 0, 0, 0, 0, 0, 0, 0, 73, 36, 349
"d:\dptui\mm (1)\SDF\openhitls\testcode\sdv\testcase\tls\feature\test_suite_sdv_frame_no_dfx.c", "C", 0, 0, 0, 0, 0, 0, 0, 0, 0, 0, 99, 0, 0, 0, 0, 0, 0, 0, 27, 6, 132
"d:\dptui\mm (1)\SDF\openhitls\testcode\sdv\testcase\tls\feature\test_suite_sdv_frame_provider.c", "C", 0, 0, 0, 0, 0, 0, 0, 0, 0, 0, 163, 0, 0, 0, 0, 0, 0, 0, 25, 24, 212
"d:\dptui\mm (1)\SDF\openhitls\testcode\sdv\testcase\tls\feature\test_suite_sdv_frame_servername_function.c", "C", 0, 0, 0, 0, 0, 0, 0, 0, 0, 0, 496, 0, 0, 0, 0, 0, 0, 0, 70, 96, 662
"d:\dptui\mm (1)\SDF\openhitls\testcode\sdv\testcase\tls\feature\test_suite_sdv_frame_servername_interface.c", "C", 0, 0, 0, 0, 0, 0, 0, 0, 0, 0, 42, 0, 0, 0, 0, 0, 0, 0, 44, 12, 98
"d:\dptui\mm (1)\SDF\openhitls\testcode\sdv\testcase\tls\feature\test_suite_sdv_frame_session_ticket.c", "C", 0, 0, 0, 0, 0, 0, 0, 0, 0, 0, 1165, 0, 0, 0, 0, 0, 0, 0, 671, 355, 2191
"d:\dptui\mm (1)\SDF\openhitls\testcode\sdv\testcase\tls\feature\test_suite_sdv_frame_ssl_mode.c", "C", 0, 0, 0, 0, 0, 0, 0, 0, 0, 0, 248, 0, 0, 0, 0, 0, 0, 0, 83, 62, 393
"d:\dptui\mm (1)\SDF\openhitls\testcode\sdv\testcase\tls\feature\test_suite_sdv_frame_tls_cm.c", "C", 0, 0, 0, 0, 0, 0, 0, 0, 0, 0, 567, 0, 0, 0, 0, 0, 0, 0, 117, 100, 784
"d:\dptui\mm (1)\SDF\openhitls\testcode\sdv\testcase\tls\feature\test_suite_sdv_frame_tls_fallback_scsv_rfc7507.c", "C", 0, 0, 0, 0, 0, 0, 0, 0, 0, 0, 124, 0, 0, 0, 0, 0, 0, 0, 55, 25, 204
"d:\dptui\mm (1)\SDF\openhitls\testcode\sdv\testcase\tls\feature\test_suite_sdv_hlt_cert_cb.c", "C", 0, 0, 0, 0, 0, 0, 0, 0, 0, 0, 157, 0, 0, 0, 0, 0, 0, 0, 61, 23, 241
"d:\dptui\mm (1)\SDF\openhitls\testcode\sdv\testcase\tls\feature\test_suite_sdv_hlt_clienthello_cb.c", "C", 0, 0, 0, 0, 0, 0, 0, 0, 0, 0, 244, 0, 0, 0, 0, 0, 0, 0, 84, 37, 365
"d:\dptui\mm (1)\SDF\openhitls\testcode\sdv\testcase\tls\feature\test_suite_sdv_hlt_multi_keyshare.c", "C", 0, 0, 0, 0, 0, 0, 0, 0, 0, 0, 71, 0, 0, 0, 0, 0, 0, 0, 18, 13, 102
"d:\dptui\mm (1)\SDF\openhitls\testcode\sdv\testcase\tls\feature\test_suite_sdv_hlt_pqc.c", "C", 0, 0, 0, 0, 0, 0, 0, 0, 0, 0, 221, 0, 0, 0, 0, 0, 0, 0, 64, 33, 318
"d:\dptui\mm (1)\SDF\openhitls\testcode\sdv\testcase\tls\feature\test_suite_sdv_hlt_provider.c", "C", 0, 0, 0, 0, 0, 0, 0, 0, 0, 0, 159, 0, 0, 0, 0, 0, 0, 0, 25, 29, 213
"d:\dptui\mm (1)\SDF\openhitls\testcode\sdv\testcase\tls\feature\test_suite_sdv_hlt_session_ticket.c", "C", 0, 0, 0, 0, 0, 0, 0, 0, 0, 0, 191, 0, 0, 0, 0, 0, 0, 0, 54, 30, 275
"d:\dptui\mm (1)\SDF\openhitls\testcode\sdv\testcase\tls\feature\test_suite_sdv_recordsize_limit.c", "C", 0, 0, 0, 0, 0, 0, 0, 0, 0, 0, 762, 0, 0, 0, 0, 0, 0, 0, 339, 241, 1342
"d:\dptui\mm (1)\SDF\openhitls\testcode\sdv\testcase\tls\feature\test_suite_sdv_tls_record_size_limit.c", "C", 0, 0, 0, 0, 0, 0, 0, 0, 0, 0, 1178, 0, 0, 0, 0, 0, 0, 0, 62, 178, 1418
"d:\dptui\mm (1)\SDF\openhitls\testcode\sdv\testcase\tls\interface\test_suite_sdv_frame_tls_cm_1.c", "C", 0, 0, 0, 0, 0, 0, 0, 0, 0, 0, 2793, 0, 0, 0, 0, 0, 0, 0, 1225, 599, 4617
"d:\dptui\mm (1)\SDF\openhitls\testcode\sdv\testcase\tls\interface\test_suite_sdv_frame_tls_config_1.c", "C", 0, 0, 0, 0, 0, 0, 0, 0, 0, 0, 2455, 0, 0, 0, 0, 0, 0, 0, 1278, 464, 4197
"d:\dptui\mm (1)\SDF\openhitls\testcode\sdv\testcase\tls\interface\test_suite_sdv_hlt_tls_cm_1.c", "C", 0, 0, 0, 0, 0, 0, 0, 0, 0, 0, 216, 0, 0, 0, 0, 0, 0, 0, 103, 38, 357
"d:\dptui\mm (1)\SDF\openhitls\testcode\sdv\testcase\tls\interface\test_suite_sdv_tls_crypt.c", "C", 0, 0, 0, 0, 0, 0, 0, 0, 0, 0, 56, 0, 0, 0, 0, 0, 0, 0, 25, 12, 93
"d:\dptui\mm (1)\SDF\openhitls\testcode\sdv\testcase\tls\interface_tlcp\test_suite_interface.base.c", "C", 0, 0, 0, 0, 0, 0, 0, 0, 0, 0, 124, 0, 0, 0, 0, 0, 0, 0, 16, 9, 149
"d:\dptui\mm (1)\SDF\openhitls\testcode\sdv\testcase\tls\interface_tlcp\test_suite_sdv_frame_cert_interface.c", "C", 0, 0, 0, 0, 0, 0, 0, 0, 0, 0, 1236, 0, 0, 0, 0, 0, 0, 0, 447, 265, 1948
"d:\dptui\mm (1)\SDF\openhitls\testcode\sdv\testcase\tls\interface_tlcp\test_suite_sdv_frame_cert_interface_2.c", "C", 0, 0, 0, 0, 0, 0, 0, 0, 0, 0, 262, 0, 0, 0, 0, 0, 0, 0, 134, 51, 447
"d:\dptui\mm (1)\SDF\openhitls\testcode\sdv\testcase\tls\interface_tlcp\test_suite_sdv_frame_cm_interface.c", "C", 0, 0, 0, 0, 0, 0, 0, 0, 0, 0, 2766, 0, 0, 0, 0, 0, 0, 0, 1595, 567, 4928
"d:\dptui\mm (1)\SDF\openhitls\testcode\sdv\testcase\tls\interface_tlcp\test_suite_sdv_frame_config_interface.c", "C", 0, 0, 0, 0, 0, 0, 0, 0, 0, 0, 979, 0, 0, 0, 0, 0, 0, 0, 584, 183, 1746
"d:\dptui\mm (1)\SDF\openhitls\testcode\sdv\testcase\tls\interface_tlcp\test_suite_sdv_hlt_cert_interface.c", "C", 0, 0, 0, 0, 0, 0, 0, 0, 0, 0, 324, 0, 0, 0, 0, 0, 0, 0, 44, 31, 399
"d:\dptui\mm (1)\SDF\openhitls\testcode\sdv\testcase\tls\interface_tlcp\test_suite_sdv_hlt_cm_interface.c", "C", 0, 0, 0, 0, 0, 0, 0, 0, 0, 0, 259, 0, 0, 0, 0, 0, 0, 0, 122, 72, 453
"d:\dptui\mm (1)\SDF\openhitls\testcode\sdv\testcase\tls\interface_tlcp\test_suite_sdv_hlt_config_interface.c", "C", 0, 0, 0, 0, 0, 0, 0, 0, 0, 0, 411, 0, 0, 0, 0, 0, 0, 0, 189, 83, 683
"d:\dptui\mm (1)\SDF\openhitls\testcode\test_config\crypto_test_config.json", "JSON", 0, 0, 0, 0, 0, 0, 0, 0, 0, 0, 0, 0, 0, 0, 0, 0, 0, 279, 0, 16, 295
"d:\dptui\mm (1)\SDF\openhitls\testcode\test_config\tls_test_config.json", "JSON", 0, 0, 0, 0, 0, 0, 0, 0, 0, 0, 0, 0, 0, 0, 0, 0, 0, 19, 0, 0, 19
"d:\dptui\mm (1)\SDF\openhitls\testcode\testdata\cert\chain\v1_inter\gen_certs.py", "Python", 0, 0, 0, 0, 0, 0, 0, 0, 0, 0, 0, 0, 203, 0, 0, 0, 0, 0, 49, 50, 302
"d:\dptui\mm (1)\SDF\openhitls\testcode\testdata\cert\chain\v3_exts\gen_certs.py", "Python", 0, 0, 0, 0, 0, 0, 0, 0, 0, 0, 0, 0, 205, 0, 0, 0, 0, 0, 72, 52, 329
"d:\dptui\mm (1)\SDF\openhitls\testcode\testdata\provider\CMakeLists.txt", "CMake", 0, 0, 0, 0, 0, 0, 0, 0, 0, 0, 0, 211, 0, 0, 0, 0, 0, 0, 0, 25, 236
"d:\dptui\mm (1)\SDF\openhitls\testcode\testdata\provider\provider_get_cap_test1.c", "C", 0, 0, 0, 0, 0, 0, 0, 0, 0, 0, 747, 0, 0, 0, 0, 0, 0, 0, 14, 65, 826
"d:\dptui\mm (1)\SDF\openhitls\testcode\testdata\provider\provider_load_p12.c", "C", 0, 0, 0, 0, 0, 0, 0, 0, 0, 0, 212, 0, 0, 0, 0, 0, 0, 0, 16, 25, 253
"d:\dptui\mm (1)\SDF\openhitls\testcode\testdata\provider\provider_load_test1.c", "C", 0, 0, 0, 0, 0, 0, 0, 0, 0, 0, 225, 0, 0, 0, 0, 0, 0, 0, 16, 24, 265
"d:\dptui\mm (1)\SDF\openhitls\testcode\testdata\provider\provider_load_test2.c", "C", 0, 0, 0, 0, 0, 0, 0, 0, 0, 0, 83, 0, 0, 0, 0, 0, 0, 0, 16, 16, 115
"d:\dptui\mm (1)\SDF\openhitls\testcode\testdata\provider\provider_load_test_no_fullfunc.c", "C", 0, 0, 0, 0, 0, 0, 0, 0, 0, 0, 38, 0, 0, 0, 0, 0, 0, 0, 15, 13, 66
"d:\dptui\mm (1)\SDF\openhitls\testcode\testdata\provider\provider_load_test_no_init.c", "C", 0, 0, 0, 0, 0, 0, 0, 0, 0, 0, 38, 0, 0, 0, 0, 0, 0, 0, 15, 13, 66
"d:\dptui\mm (1)\SDF\openhitls\testcode\testdata\provider\provider_load_test_providerNoFree.c", "C", 0, 0, 0, 0, 0, 0, 0, 0, 0, 0, 174, 0, 0, 0, 0, 0, 0, 0, 15, 24, 213
"d:\dptui\mm (1)\SDF\openhitls\testcode\testdata\provider\provider_load_test_providerNoInit.c", "C", 0, 0, 0, 0, 0, 0, 0, 0, 0, 0, 174, 0, 0, 0, 0, 0, 0, 0, 15, 24, 213
"d:\dptui\mm (1)\SDF\openhitls\testcode\testdata\provider\provider_new_alg_test.c", "C", 0, 0, 0, 0, 0, 0, 0, 0, 0, 0, 842, 0, 0, 0, 0, 0, 0, 0, 16, 67, 925
"d:\dptui\mm (1)\SDF\openhitls\testcode\testdata\provider\provider_paillier_he_test.c", "C", 0, 0, 0, 0, 0, 0, 0, 0, 0, 0, 130, 0, 0, 0, 0, 0, 0, 0, 14, 22, 166
"d:\dptui\mm (1)\SDF\openhitls\testcode\testdata\provider\provider_self_decoder_test.c", "C", 0, 0, 0, 0, 0, 0, 0, 0, 0, 0, 511, 0, 0, 0, 0, 0, 0, 0, 28, 46, 585
"d:\dptui\mm (1)\SDF\openhitls\testcode\testdata\provider\provider_sha256.c", "C", 0, 0, 0, 0, 0, 0, 0, 0, 0, 0, 67, 0, 0, 0, 0, 0, 0, 0, 21, 15, 103
"d:\dptui\mm (1)\SDF\openhitls\testcode\testdata\provider\provider_test_utils.c", "C", 0, 0, 0, 0, 0, 0, 0, 0, 0, 0, 148, 0, 0, 0, 0, 0, 0, 0, 14, 8, 170
"d:\dptui\mm (1)\SDF\openhitls\testcode\testdata\provider\provider_test_utils.h", "C++", 0, 0, 0, 0, 0, 0, 0, 0, 0, 0, 0, 0, 0, 29, 0, 0, 0, 0, 17, 9, 55
"d:\dptui\mm (1)\SDF\openhitls\testcode\testdata\tls\certificate\der\rsa_pss_rsae\tranformTools.sh", "Shell Script", 0, 0, 0, 0, 0, 0, 10, 0, 0, 0, 0, 0, 0, 0, 0, 0, 0, 0, 1, 3, 14
"d:\dptui\mm (1)\SDF\openhitls\tls\CMakeLists.txt", "CMake", 0, 0, 0, 0, 0, 0, 0, 0, 0, 0, 0, 61, 0, 0, 0, 0, 0, 0, 0, 19, 80
"d:\dptui\mm (1)\SDF\openhitls\tls\alert\CMakeLists.txt", "CMake", 0, 0, 0, 0, 0, 0, 0, 0, 0, 0, 0, 26, 0, 0, 0, 0, 0, 0, 0, 7, 33
"d:\dptui\mm (1)\SDF\openhitls\tls\alert\include\alert.h", "C++", 0, 0, 0, 0, 0, 0, 0, 0, 0, 0, 0, 0, 0, 44, 0, 0, 0, 0, 107, 22, 173
"d:\dptui\mm (1)\SDF\openhitls\tls\alert\src\alert.c", "C", 0, 0, 0, 0, 0, 0, 0, 0, 0, 0, 239, 0, 0, 0, 0, 0, 0, 0, 29, 20, 288
"d:\dptui\mm (1)\SDF\openhitls\tls\app\CMakeLists.txt", "CMake", 0, 0, 0, 0, 0, 0, 0, 0, 0, 0, 0, 26, 0, 0, 0, 0, 0, 0, 0, 7, 33
"d:\dptui\mm (1)\SDF\openhitls\tls\app\include\app.h", "C++", 0, 0, 0, 0, 0, 0, 0, 0, 0, 0, 0, 0, 0, 15, 0, 0, 0, 0, 56, 9, 80
"d:\dptui\mm (1)\SDF\openhitls\tls\app\src\app.c", "C", 0, 0, 0, 0, 0, 0, 0, 0, 0, 0, 117, 0, 0, 0, 0, 0, 0, 0, 16, 12, 145
"d:\dptui\mm (1)\SDF\openhitls\tls\app\src\app_ctx.h", "C++", 0, 0, 0, 0, 0, 0, 0, 0, 0, 0, 0, 0, 0, 20, 0, 0, 0, 0, 18, 6, 44
"d:\dptui\mm (1)\SDF\openhitls\tls\ccs\CMakeLists.txt", "CMake", 0, 0, 0, 0, 0, 0, 0, 0, 0, 0, 0, 27, 0, 0, 0, 0, 0, 0, 0, 7, 34
"d:\dptui\mm (1)\SDF\openhitls\tls\ccs\include\change_cipher_spec.h", "C++", 0, 0, 0, 0, 0, 0, 0, 0, 0, 0, 0, 0, 0, 19, 0, 0, 0, 0, 78, 12, 109
"d:\dptui\mm (1)\SDF\openhitls\tls\ccs\src\change_cipher_spec.c", "C", 0, 0, 0, 0, 0, 0, 0, 0, 0, 0, 192, 0, 0, 0, 0, 0, 0, 0, 26, 13, 231
"d:\dptui\mm (1)\SDF\openhitls\tls\cert\CMakeLists.txt", "CMake", 0, 0, 0, 0, 0, 0, 0, 0, 0, 0, 0, 47, 0, 0, 0, 0, 0, 0, 0, 8, 55
"d:\dptui\mm (1)\SDF\openhitls\tls\cert\cert_adapt\cert.c", "C", 0, 0, 0, 0, 0, 0, 0, 0, 0, 0, 645, 0, 0, 0, 0, 0, 0, 0, 48, 59, 752
"d:\dptui\mm (1)\SDF\openhitls\tls\cert\cert_adapt\cert_chain.c", "C", 0, 0, 0, 0, 0, 0, 0, 0, 0, 0, 78, 0, 0, 0, 0, 0, 0, 0, 19, 13, 110
"d:\dptui\mm (1)\SDF\openhitls\tls\cert\cert_adapt\cert_method.c", "C", 0, 0, 0, 0, 0, 0, 0, 0, 0, 0, 397, 0, 0, 0, 0, 0, 0, 0, 15, 35, 447
"d:\dptui\mm (1)\SDF\openhitls\tls\cert\cert_adapt\cert_mgr_create.c", "C", 0, 0, 0, 0, 0, 0, 0, 0, 0, 0, 141, 0, 0, 0, 0, 0, 0, 0, 17, 16, 174
"d:\dptui\mm (1)\SDF\openhitls\tls\cert\cert_adapt\cert_mgr_ctrl.c", "C", 0, 0, 0, 0, 0, 0, 0, 0, 0, 0, 441, 0, 0, 0, 0, 0, 0, 0, 17, 48, 506
"d:\dptui\mm (1)\SDF\openhitls\tls\cert\cert_adapt\cert_mgr_ctx.h", "C++", 0, 0, 0, 0, 0, 0, 0, 0, 0, 0, 0, 0, 0, 17, 0, 0, 0, 0, 15, 5, 37
"d:\dptui\mm (1)\SDF\openhitls\tls\cert\cert_adapt\cert_pair.c", "C", 0, 0, 0, 0, 0, 0, 0, 0, 0, 0, 132, 0, 0, 0, 0, 0, 0, 0, 14, 14, 160
"d:\dptui\mm (1)\SDF\openhitls\tls\cert\hitls_x509_adapt\hitls_x509_cert_chain.c", "C", 0, 0, 0, 0, 0, 0, 0, 0, 0, 0, 158, 0, 0, 0, 0, 0, 0, 0, 15, 9, 182
"d:\dptui\mm (1)\SDF\openhitls\tls\cert\hitls_x509_adapt\hitls_x509_cert_magr.c", "C", 0, 0, 0, 0, 0, 0, 0, 0, 0, 0, 221, 0, 0, 0, 0, 0, 0, 0, 15, 15, 251
"d:\dptui\mm (1)\SDF\openhitls\tls\cert\hitls_x509_adapt\hitls_x509_cert_store.c", "C", 0, 0, 0, 0, 0, 0, 0, 0, 0, 0, 104, 0, 0, 0, 0, 0, 0, 0, 15, 4, 123
"d:\dptui\mm (1)\SDF\openhitls\tls\cert\hitls_x509_adapt\hitls_x509_crl_magr.c", "C", 0, 0, 0, 0, 0, 0, 0, 0, 0, 0, 59, 0, 0, 0, 0, 0, 0, 0, 14, 8, 81
"d:\dptui\mm (1)\SDF\openhitls\tls\cert\hitls_x509_adapt\hitls_x509_crypto.c", "C", 0, 0, 0, 0, 0, 0, 0, 0, 0, 0, 149, 0, 0, 0, 0, 0, 0, 0, 16, 14, 179
"d:\dptui\mm (1)\SDF\openhitls\tls\cert\hitls_x509_adapt\hitls_x509_init.c", "C", 0, 0, 0, 0, 0, 0, 0, 0, 0, 0, 45, 0, 0, 0, 0, 0, 0, 0, 14, 8, 67
"d:\dptui\mm (1)\SDF\openhitls\tls\cert\hitls_x509_adapt\hitls_x509_pkey_magr.c", "C", 0, 0, 0, 0, 0, 0, 0, 0, 0, 0, 180, 0, 0, 0, 0, 0, 0, 0, 15, 13, 208
"d:\dptui\mm (1)\SDF\openhitls\tls\cert\include\cert.h", "C++", 0, 0, 0, 0, 0, 0, 0, 0, 0, 0, 0, 0, 0, 48, 0, 0, 0, 0, 176, 23, 247
"d:\dptui\mm (1)\SDF\openhitls\tls\cert\include\cert_method.h", "C++", 0, 0, 0, 0, 0, 0, 0, 0, 0, 0, 0, 0, 0, 39, 0, 0, 0, 0, 209, 25, 273
"d:\dptui\mm (1)\SDF\openhitls\tls\cert\include\cert_mgr.h", "C++", 0, 0, 0, 0, 0, 0, 0, 0, 0, 0, 0, 0, 0, 100, 0, 0, 0, 0, 229, 47, 376
"d:\dptui\mm (1)\SDF\openhitls\tls\cert\include\hitls_x509_adapt.h", "C++", 0, 0, 0, 0, 0, 0, 0, 0, 0, 0, 0, 0, 0, 62, 0, 0, 0, 0, 14, 11, 87
"d:\dptui\mm (1)\SDF\openhitls\tls\cm\CMakeLists.txt", "CMake", 0, 0, 0, 0, 0, 0, 0, 0, 0, 0, 0, 36, 0, 0, 0, 0, 0, 0, 0, 7, 43
"d:\dptui\mm (1)\SDF\openhitls\tls\cm\include\conn_init.h", "C++", 0, 0, 0, 0, 0, 0, 0, 0, 0, 0, 0, 0, 0, 14, 0, 0, 0, 0, 28, 7, 49
"d:\dptui\mm (1)\SDF\openhitls\tls\cm\src\conn_cert.c", "C", 0, 0, 0, 0, 0, 0, 0, 0, 0, 0, 233, 0, 0, 0, 0, 0, 0, 0, 14, 62, 309
"d:\dptui\mm (1)\SDF\openhitls\tls\cm\src\conn_common.c", "C", 0, 0, 0, 0, 0, 0, 0, 0, 0, 0, 748, 0, 0, 0, 0, 0, 0, 0, 66, 105, 919
"d:\dptui\mm (1)\SDF\openhitls\tls\cm\src\conn_common.h", "C++", 0, 0, 0, 0, 0, 0, 0, 0, 0, 0, 0, 0, 0, 34, 0, 0, 0, 0, 45, 17, 96
"d:\dptui\mm (1)\SDF\openhitls\tls\cm\src\conn_create.c", "C", 0, 0, 0, 0, 0, 0, 0, 0, 0, 0, 742, 0, 0, 0, 0, 0, 0, 0, 92, 105, 939
"d:\dptui\mm (1)\SDF\openhitls\tls\cm\src\conn_ctrl.c", "C", 0, 0, 0, 0, 0, 0, 0, 0, 0, 0, 626, 0, 0, 0, 0, 0, 0, 0, 38, 127, 791
"d:\dptui\mm (1)\SDF\openhitls\tls\cm\src\conn_debug.c", "C", 0, 0, 0, 0, 0, 0, 0, 0, 0, 0, 68, 0, 0, 0, 0, 0, 0, 0, 76, 17, 161
"d:\dptui\mm (1)\SDF\openhitls\tls\cm\src\conn_establish.c", "C", 0, 0, 0, 0, 0, 0, 0, 0, 0, 0, 718, 0, 0, 0, 0, 0, 0, 0, 71, 112, 901
"d:\dptui\mm (1)\SDF\openhitls\tls\cm\src\conn_init.c", "C", 0, 0, 0, 0, 0, 0, 0, 0, 0, 0, 107, 0, 0, 0, 0, 0, 0, 0, 16, 7, 130
"d:\dptui\mm (1)\SDF\openhitls\tls\cm\src\conn_read.c", "C", 0, 0, 0, 0, 0, 0, 0, 0, 0, 0, 537, 0, 0, 0, 0, 0, 0, 0, 57, 54, 648
"d:\dptui\mm (1)\SDF\openhitls\tls\cm\src\conn_write.c", "C", 0, 0, 0, 0, 0, 0, 0, 0, 0, 0, 214, 0, 0, 0, 0, 0, 0, 0, 38, 31, 283
"d:\dptui\mm (1)\SDF\openhitls\tls\config\CMakeLists.txt", "CMake", 0, 0, 0, 0, 0, 0, 0, 0, 0, 0, 0, 27, 0, 0, 0, 0, 0, 0, 0, 7, 34
"d:\dptui\mm (1)\SDF\openhitls\tls\config\include\config.h", "C++", 0, 0, 0, 0, 0, 0, 0, 0, 0, 0, 0, 0, 0, 88, 0, 0, 0, 0, 16, 13, 117
"d:\dptui\mm (1)\SDF\openhitls\tls\config\include\config_check.h", "C++", 0, 0, 0, 0, 0, 0, 0, 0, 0, 0, 0, 0, 0, 17, 0, 0, 0, 0, 16, 10, 43
"d:\dptui\mm (1)\SDF\openhitls\tls\config\include\config_type.h", "C++", 0, 0, 0, 0, 0, 0, 0, 0, 0, 0, 0, 0, 0, 18, 0, 0, 0, 0, 48, 11, 77
"d:\dptui\mm (1)\SDF\openhitls\tls\config\src\cipher_suite.c", "C", 0, 0, 0, 0, 0, 0, 0, 0, 0, 0, 2070, 0, 0, 0, 0, 0, 0, 0, 168, 54, 2292
"d:\dptui\mm (1)\SDF\openhitls\tls\config\src\config.c", "C", 0, 0, 0, 0, 0, 0, 0, 0, 0, 0, 1499, 0, 0, 0, 0, 0, 0, 0, 32, 168, 1699
"d:\dptui\mm (1)\SDF\openhitls\tls\config\src\config_cert.c", "C", 0, 0, 0, 0, 0, 0, 0, 0, 0, 0, 1249, 0, 0, 0, 0, 0, 0, 0, 23, 184, 1456
"d:\dptui\mm (1)\SDF\openhitls\tls\config\src\config_check.c", "C", 0, 0, 0, 0, 0, 0, 0, 0, 0, 0, 232, 0, 0, 0, 0, 0, 0, 0, 35, 32, 299
"d:\dptui\mm (1)\SDF\openhitls\tls\config\src\config_default.c", "C", 0, 0, 0, 0, 0, 0, 0, 0, 0, 0, 590, 0, 0, 0, 0, 0, 0, 0, 25, 31, 646
"d:\dptui\mm (1)\SDF\openhitls\tls\config\src\config_default.h", "C++", 0, 0, 0, 0, 0, 0, 0, 0, 0, 0, 0, 0, 0, 22, 0, 0, 0, 0, 15, 4, 41
"d:\dptui\mm (1)\SDF\openhitls\tls\config\src\config_dtls.c", "C", 0, 0, 0, 0, 0, 0, 0, 0, 0, 0, 133, 0, 0, 0, 0, 0, 0, 0, 14, 23, 170
"d:\dptui\mm (1)\SDF\openhitls\tls\config\src\config_feature.c", "C", 0, 0, 0, 0, 0, 0, 0, 0, 0, 0, 542, 0, 0, 0, 0, 0, 0, 0, 21, 113, 676
"d:\dptui\mm (1)\SDF\openhitls\tls\config\src\config_group.c", "C", 0, 0, 0, 0, 0, 0, 0, 0, 0, 0, 360, 0, 0, 0, 0, 0, 0, 0, 17, 16, 393
"d:\dptui\mm (1)\SDF\openhitls\tls\config\src\config_sign.c", "C", 0, 0, 0, 0, 0, 0, 0, 0, 0, 0, 615, 0, 0, 0, 0, 0, 0, 0, 17, 26, 658
"d:\dptui\mm (1)\SDF\openhitls\tls\config\src\config_tls.c", "C", 0, 0, 0, 0, 0, 0, 0, 0, 0, 0, 99, 0, 0, 0, 0, 0, 0, 0, 15, 12, 126
"d:\dptui\mm (1)\SDF\openhitls\tls\config\src\config_tls13.c", "C", 0, 0, 0, 0, 0, 0, 0, 0, 0, 0, 243, 0, 0, 0, 0, 0, 0, 0, 14, 23, 280
"d:\dptui\mm (1)\SDF\openhitls\tls\crypt\CMakeLists.txt", "CMake", 0, 0, 0, 0, 0, 0, 0, 0, 0, 0, 0, 39, 0, 0, 0, 0, 0, 0, 0, 8, 47
"d:\dptui\mm (1)\SDF\openhitls\tls\crypt\crypt_adapt\crypt.c", "C", 0, 0, 0, 0, 0, 0, 0, 0, 0, 0, 854, 0, 0, 0, 0, 0, 0, 0, 27, 73, 954
"d:\dptui\mm (1)\SDF\openhitls\tls\crypt\crypt_self\crypt_default.c", "C", 0, 0, 0, 0, 0, 0, 0, 0, 0, 0, 100, 0, 0, 0, 0, 0, 0, 0, 14, 23, 137
"d:\dptui\mm (1)\SDF\openhitls\tls\crypt\crypt_self\crypt_default.h", "C++", 0, 0, 0, 0, 0, 0, 0, 0, 0, 0, 0, 0, 0, 65, 0, 0, 0, 0, 305, 35, 405
"d:\dptui\mm (1)\SDF\openhitls\tls\crypt\crypt_self\crypt_init.c", "C", 0, 0, 0, 0, 0, 0, 0, 0, 0, 0, 62, 0, 0, 0, 0, 0, 0, 0, 14, 5, 81
"d:\dptui\mm (1)\SDF\openhitls\tls\crypt\crypt_self\hitls_crypt.c", "C", 0, 0, 0, 0, 0, 0, 0, 0, 0, 0, 1111, 0, 0, 0, 0, 0, 0, 0, 16, 106, 1233
"d:\dptui\mm (1)\SDF\openhitls\tls\crypt\crypt_self\hitls_crypt.h", "C++", 0, 0, 0, 0, 0, 0, 0, 0, 0, 0, 0, 0, 0, 60, 0, 0, 0, 0, 380, 37, 477
"d:\dptui\mm (1)\SDF\openhitls\tls\crypt\include\crypt.h", "C++", 0, 0, 0, 0, 0, 0, 0, 0, 0, 0, 0, 0, 0, 118, 0, 0, 0, 0, 430, 48, 596
"d:\dptui\mm (1)\SDF\openhitls\tls\feature\CMakeLists.txt", "CMake", 0, 0, 0, 0, 0, 0, 0, 0, 0, 0, 0, 72, 0, 0, 0, 0, 0, 0, 0, 7, 79
"d:\dptui\mm (1)\SDF\openhitls\tls\feature\alpn\src\alpn.c", "C", 0, 0, 0, 0, 0, 0, 0, 0, 0, 0, 66, 0, 0, 0, 0, 0, 0, 0, 14, 9, 89
"d:\dptui\mm (1)\SDF\openhitls\tls\feature\custom_extensions\src\custom_extensions.c", "C", 0, 0, 0, 0, 0, 0, 0, 0, 0, 0, 227, 0, 0, 0, 0, 0, 0, 0, 15, 41, 283
"d:\dptui\mm (1)\SDF\openhitls\tls\feature\indicator\src\indicator.c", "C", 0, 0, 0, 0, 0, 0, 0, 0, 0, 0, 20, 0, 0, 0, 0, 0, 0, 0, 14, 4, 38
"d:\dptui\mm (1)\SDF\openhitls\tls\feature\security\src\security.c", "C", 0, 0, 0, 0, 0, 0, 0, 0, 0, 0, 104, 0, 0, 0, 0, 0, 0, 0, 14, 24, 142
"d:\dptui\mm (1)\SDF\openhitls\tls\feature\security\src\security_default.c", "C", 0, 0, 0, 0, 0, 0, 0, 0, 0, 0, 168, 0, 0, 0, 0, 0, 0, 0, 38, 15, 221
"d:\dptui\mm (1)\SDF\openhitls\tls\feature\session\src\session.c", "C", 0, 0, 0, 0, 0, 0, 0, 0, 0, 0, 616, 0, 0, 0, 0, 0, 0, 0, 30, 96, 742
"d:\dptui\mm (1)\SDF\openhitls\tls\feature\session\src\session_dec.c", "C", 0, 0, 0, 0, 0, 0, 0, 0, 0, 0, 324, 0, 0, 0, 0, 0, 0, 0, 22, 48, 394
"d:\dptui\mm (1)\SDF\openhitls\tls\feature\session\src\session_enc.c", "C", 0, 0, 0, 0, 0, 0, 0, 0, 0, 0, 370, 0, 0, 0, 0, 0, 0, 0, 34, 66, 470
"d:\dptui\mm (1)\SDF\openhitls\tls\feature\session\src\session_enc.h", "C++", 0, 0, 0, 0, 0, 0, 0, 0, 0, 0, 0, 0, 0, 28, 0, 0, 0, 0, 46, 10, 84
"d:\dptui\mm (1)\SDF\openhitls\tls\feature\session\src\session_mgr.c", "C", 0, 0, 0, 0, 0, 0, 0, 0, 0, 0, 441, 0, 0, 0, 0, 0, 0, 0, 35, 74, 550
"d:\dptui\mm (1)\SDF\openhitls\tls\feature\session\src\session_ticket.c", "C", 0, 0, 0, 0, 0, 0, 0, 0, 0, 0, 434, 0, 0, 0, 0, 0, 0, 0, 54, 46, 534
"d:\dptui\mm (1)\SDF\openhitls\tls\feature\session\src\session_type.h", "C++", 0, 0, 0, 0, 0, 0, 0, 0, 0, 0, 0, 0, 0, 63, 0, 0, 0, 0, 17, 20, 100
"d:\dptui\mm (1)\SDF\openhitls\tls\feature\sni\src\sni.c", "C", 0, 0, 0, 0, 0, 0, 0, 0, 0, 0, 122, 0, 0, 0, 0, 0, 0, 0, 24, 13, 159
"d:\dptui\mm (1)\SDF\openhitls\tls\handshake\CMakeLists.txt", "CMake", 0, 0, 0, 0, 0, 0, 0, 0, 0, 0, 0, 220, 0, 0, 0, 0, 0, 0, 0, 16, 236
"d:\dptui\mm (1)\SDF\openhitls\tls\handshake\common\include\hs_cert.h", "C++", 0, 0, 0, 0, 0, 0, 0, 0, 0, 0, 0, 0, 0, 26, 0, 0, 0, 0, 44, 10, 80
"d:\dptui\mm (1)\SDF\openhitls\tls\handshake\common\include\hs_common.h", "C++", 0, 0, 0, 0, 0, 0, 0, 0, 0, 0, 0, 0, 0, 69, 0, 0, 0, 0, 164, 35, 268
"d:\dptui\mm (1)\SDF\openhitls\tls\handshake\common\include\hs_ctx.h", "C++", 0, 0, 0, 0, 0, 0, 0, 0, 0, 0, 0, 0, 0, 164, 0, 0, 0, 0, 30, 22, 216
"d:\dptui\mm (1)\SDF\openhitls\tls\handshake\common\include\hs_dtls_timer.h", "C++", 0, 0, 0, 0, 0, 0, 0, 0, 0, 0, 0, 0, 0, 18, 0, 0, 0, 0, 48, 11, 77
"d:\dptui\mm (1)\SDF\openhitls\tls\handshake\common\include\hs_extensions.h", "C++", 0, 0, 0, 0, 0, 0, 0, 0, 0, 0, 0, 0, 0, 108, 0, 0, 0, 0, 15, 17, 140
"d:\dptui\mm (1)\SDF\openhitls\tls\handshake\common\include\hs_kx.h", "C++", 0, 0, 0, 0, 0, 0, 0, 0, 0, 0, 0, 0, 0, 57, 0, 0, 0, 0, 235, 31, 323
"d:\dptui\mm (1)\SDF\openhitls\tls\handshake\common\include\hs_msg.h", "C++", 0, 0, 0, 0, 0, 0, 0, 0, 0, 0, 0, 0, 0, 323, 0, 0, 0, 0, 57, 34, 414
"d:\dptui\mm (1)\SDF\openhitls\tls\handshake\common\include\hs_verify.h", "C++", 0, 0, 0, 0, 0, 0, 0, 0, 0, 0, 0, 0, 0, 25, 0, 0, 0, 0, 95, 14, 134
"d:\dptui\mm (1)\SDF\openhitls\tls\handshake\common\include\transcript_hash.h", "C++", 0, 0, 0, 0, 0, 0, 0, 0, 0, 0, 0, 0, 0, 16, 0, 0, 0, 0, 54, 9, 79
"d:\dptui\mm (1)\SDF\openhitls\tls\handshake\common\src\hs_cert.c", "C", 0, 0, 0, 0, 0, 0, 0, 0, 0, 0, 356, 0, 0, 0, 0, 0, 0, 0, 43, 35, 434
"d:\dptui\mm (1)\SDF\openhitls\tls\handshake\common\src\hs_common.c", "C", 0, 0, 0, 0, 0, 0, 0, 0, 0, 0, 842, 0, 0, 0, 0, 0, 0, 0, 75, 72, 989
"d:\dptui\mm (1)\SDF\openhitls\tls\handshake\common\src\hs_dtls_timer.c", "C", 0, 0, 0, 0, 0, 0, 0, 0, 0, 0, 140, 0, 0, 0, 0, 0, 0, 0, 18, 22, 180
"d:\dptui\mm (1)\SDF\openhitls\tls\handshake\common\src\hs_kx.c", "C", 0, 0, 0, 0, 0, 0, 0, 0, 0, 0, 718, 0, 0, 0, 0, 0, 0, 0, 34, 51, 803
"d:\dptui\mm (1)\SDF\openhitls\tls\handshake\common\src\hs_verify.c", "C", 0, 0, 0, 0, 0, 0, 0, 0, 0, 0, 634, 0, 0, 0, 0, 0, 0, 0, 40, 66, 740
"d:\dptui\mm (1)\SDF\openhitls\tls\handshake\common\src\tls13key.c", "C", 0, 0, 0, 0, 0, 0, 0, 0, 0, 0, 531, 0, 0, 0, 0, 0, 0, 0, 75, 43, 649
"d:\dptui\mm (1)\SDF\openhitls\tls\handshake\common\src\transcript_hash.c", "C", 0, 0, 0, 0, 0, 0, 0, 0, 0, 0, 112, 0, 0, 0, 0, 0, 0, 0, 16, 17, 145
"d:\dptui\mm (1)\SDF\openhitls\tls\handshake\cookie\include\hs_cookie.h", "C++", 0, 0, 0, 0, 0, 0, 0, 0, 0, 0, 0, 0, 0, 16, 0, 0, 0, 0, 38, 7, 61
"d:\dptui\mm (1)\SDF\openhitls\tls\handshake\cookie\src\hs_cookie.c", "C", 0, 0, 0, 0, 0, 0, 0, 0, 0, 0, 260, 0, 0, 0, 0, 0, 0, 0, 67, 35, 362
"d:\dptui\mm (1)\SDF\openhitls\tls\handshake\include\hs.h", "C++", 0, 0, 0, 0, 0, 0, 0, 0, 0, 0, 0, 0, 0, 27, 0, 0, 0, 0, 105, 20, 152
"d:\dptui\mm (1)\SDF\openhitls\tls\handshake\pack\include\pack.h", "C++", 0, 0, 0, 0, 0, 0, 0, 0, 0, 0, 0, 0, 0, 25, 0, 0, 0, 0, 151, 18, 194
"d:\dptui\mm (1)\SDF\openhitls\tls\handshake\pack\src\pack.c", "C", 0, 0, 0, 0, 0, 0, 0, 0, 0, 0, 252, 0, 0, 0, 0, 0, 0, 0, 14, 25, 291
"d:\dptui\mm (1)\SDF\openhitls\tls\handshake\pack\src\pack_certificate.c", "C", 0, 0, 0, 0, 0, 0, 0, 0, 0, 0, 53, 0, 0, 0, 0, 0, 0, 0, 20, 7, 80
"d:\dptui\mm (1)\SDF\openhitls\tls\handshake\pack\src\pack_certificate_request.c", "C", 0, 0, 0, 0, 0, 0, 0, 0, 0, 0, 250, 0, 0, 0, 0, 0, 0, 0, 19, 36, 305
"d:\dptui\mm (1)\SDF\openhitls\tls\handshake\pack\src\pack_certificate_verify.c", "C", 0, 0, 0, 0, 0, 0, 0, 0, 0, 0, 36, 0, 0, 0, 0, 0, 0, 0, 15, 3, 54
"d:\dptui\mm (1)\SDF\openhitls\tls\handshake\pack\src\pack_client_hello.c", "C", 0, 0, 0, 0, 0, 0, 0, 0, 0, 0, 182, 0, 0, 0, 0, 0, 0, 0, 24, 18, 224
"d:\dptui\mm (1)\SDF\openhitls\tls\handshake\pack\src\pack_client_key_exchange.c", "C", 0, 0, 0, 0, 0, 0, 0, 0, 0, 0, 285, 0, 0, 0, 0, 0, 0, 0, 23, 31, 339
"d:\dptui\mm (1)\SDF\openhitls\tls\handshake\pack\src\pack_common.c", "C", 0, 0, 0, 0, 0, 0, 0, 0, 0, 0, 269, 0, 0, 0, 0, 0, 0, 0, 40, 44, 353
"d:\dptui\mm (1)\SDF\openhitls\tls\handshake\pack\src\pack_common.h", "C++", 0, 0, 0, 0, 0, 0, 0, 0, 0, 0, 0, 0, 0, 18, 0, 0, 0, 0, 34, 9, 61
"d:\dptui\mm (1)\SDF\openhitls\tls\handshake\pack\src\pack_encrypted_extensions.c", "C", 0, 0, 0, 0, 0, 0, 0, 0, 0, 0, 102, 0, 0, 0, 0, 0, 0, 0, 42, 18, 162
"d:\dptui\mm (1)\SDF\openhitls\tls\handshake\pack\src\pack_extensions.c", "C", 0, 0, 0, 0, 0, 0, 0, 0, 0, 0, 1056, 0, 0, 0, 0, 0, 0, 0, 93, 179, 1328
"d:\dptui\mm (1)\SDF\openhitls\tls\handshake\pack\src\pack_extensions.h", "C++", 0, 0, 0, 0, 0, 0, 0, 0, 0, 0, 0, 0, 0, 29, 0, 0, 0, 0, 58, 14, 101
"d:\dptui\mm (1)\SDF\openhitls\tls\handshake\pack\src\pack_finished.c", "C", 0, 0, 0, 0, 0, 0, 0, 0, 0, 0, 15, 0, 0, 0, 0, 0, 0, 0, 15, 3, 33
"d:\dptui\mm (1)\SDF\openhitls\tls\handshake\pack\src\pack_hello_verify_request.c", "C", 0, 0, 0, 0, 0, 0, 0, 0, 0, 0, 33, 0, 0, 0, 0, 0, 0, 0, 20, 6, 59
"d:\dptui\mm (1)\SDF\openhitls\tls\handshake\pack\src\pack_key_update.c", "C", 0, 0, 0, 0, 0, 0, 0, 0, 0, 0, 16, 0, 0, 0, 0, 0, 0, 0, 14, 2, 32
"d:\dptui\mm (1)\SDF\openhitls\tls\handshake\pack\src\pack_msg.h", "C++", 0, 0, 0, 0, 0, 0, 0, 0, 0, 0, 0, 0, 0, 26, 0, 0, 0, 0, 149, 16, 191
"d:\dptui\mm (1)\SDF\openhitls\tls\handshake\pack\src\pack_new_session_ticket.c", "C", 0, 0, 0, 0, 0, 0, 0, 0, 0, 0, 67, 0, 0, 0, 0, 0, 0, 0, 29, 16, 112
"d:\dptui\mm (1)\SDF\openhitls\tls\handshake\pack\src\pack_server_hello.c", "C", 0, 0, 0, 0, 0, 0, 0, 0, 0, 0, 56, 0, 0, 0, 0, 0, 0, 0, 16, 8, 80
"d:\dptui\mm (1)\SDF\openhitls\tls\handshake\pack\src\pack_server_key_exchange.c", "C", 0, 0, 0, 0, 0, 0, 0, 0, 0, 0, 463, 0, 0, 0, 0, 0, 0, 0, 47, 54, 564
"d:\dptui\mm (1)\SDF\openhitls\tls\handshake\parse\include\parse.h", "C++", 0, 0, 0, 0, 0, 0, 0, 0, 0, 0, 0, 0, 0, 15, 0, 0, 0, 0, 51, 11, 77
"d:\dptui\mm (1)\SDF\openhitls\tls\handshake\parse\src\parse.c", "C", 0, 0, 0, 0, 0, 0, 0, 0, 0, 0, 571, 0, 0, 0, 0, 0, 0, 0, 21, 42, 634
"d:\dptui\mm (1)\SDF\openhitls\tls\handshake\parse\src\parse_certificate.c", "C", 0, 0, 0, 0, 0, 0, 0, 0, 0, 0, 239, 0, 0, 0, 0, 0, 0, 0, 67, 27, 333
"d:\dptui\mm (1)\SDF\openhitls\tls\handshake\parse\src\parse_certificate_request.c", "C", 0, 0, 0, 0, 0, 0, 0, 0, 0, 0, 347, 0, 0, 0, 0, 0, 0, 0, 36, 41, 424
"d:\dptui\mm (1)\SDF\openhitls\tls\handshake\parse\src\parse_certificate_verify.c", "C", 0, 0, 0, 0, 0, 0, 0, 0, 0, 0, 175, 0, 0, 0, 0, 0, 0, 0, 21, 23, 219
"d:\dptui\mm (1)\SDF\openhitls\tls\handshake\parse\src\parse_client_hello.c", "C", 0, 0, 0, 0, 0, 0, 0, 0, 0, 0, 182, 0, 0, 0, 0, 0, 0, 0, 51, 19, 252
"d:\dptui\mm (1)\SDF\openhitls\tls\handshake\parse\src\parse_client_key_exchange.c", "C", 0, 0, 0, 0, 0, 0, 0, 0, 0, 0, 187, 0, 0, 0, 0, 0, 0, 0, 39, 18, 244
"d:\dptui\mm (1)\SDF\openhitls\tls\handshake\parse\src\parse_common.c", "C", 0, 0, 0, 0, 0, 0, 0, 0, 0, 0, 215, 0, 0, 0, 0, 0, 0, 0, 17, 26, 258
"d:\dptui\mm (1)\SDF\openhitls\tls\handshake\parse\src\parse_common.h", "C++", 0, 0, 0, 0, 0, 0, 0, 0, 0, 0, 0, 0, 0, 37, 0, 0, 0, 0, 169, 23, 229
"d:\dptui\mm (1)\SDF\openhitls\tls\handshake\parse\src\parse_encrypted_extensions.c", "C", 0, 0, 0, 0, 0, 0, 0, 0, 0, 0, 176, 0, 0, 0, 0, 0, 0, 0, 27, 20, 223
"d:\dptui\mm (1)\SDF\openhitls\tls\handshake\parse\src\parse_extensions.c", "C", 0, 0, 0, 0, 0, 0, 0, 0, 0, 0, 245, 0, 0, 0, 0, 0, 0, 0, 47, 31, 323
"d:\dptui\mm (1)\SDF\openhitls\tls\handshake\parse\src\parse_extensions.h", "C++", 0, 0, 0, 0, 0, 0, 0, 0, 0, 0, 0, 0, 0, 35, 0, 0, 0, 0, 101, 17, 153
"d:\dptui\mm (1)\SDF\openhitls\tls\handshake\parse\src\parse_extensions_client.c", "C", 0, 0, 0, 0, 0, 0, 0, 0, 0, 0, 349, 0, 0, 0, 0, 0, 0, 0, 68, 37, 454
"d:\dptui\mm (1)\SDF\openhitls\tls\handshake\parse\src\parse_extensions_server.c", "C", 0, 0, 0, 0, 0, 0, 0, 0, 0, 0, 852, 0, 0, 0, 0, 0, 0, 0, 92, 91, 1035
"d:\dptui\mm (1)\SDF\openhitls\tls\handshake\parse\src\parse_finished.c", "C", 0, 0, 0, 0, 0, 0, 0, 0, 0, 0, 34, 0, 0, 0, 0, 0, 0, 0, 16, 6, 56
"d:\dptui\mm (1)\SDF\openhitls\tls\handshake\parse\src\parse_hello_verify_request.c", "C", 0, 0, 0, 0, 0, 0, 0, 0, 0, 0, 28, 0, 0, 0, 0, 0, 0, 0, 20, 5, 53
"d:\dptui\mm (1)\SDF\openhitls\tls\handshake\parse\src\parse_key_update.c", "C", 0, 0, 0, 0, 0, 0, 0, 0, 0, 0, 22, 0, 0, 0, 0, 0, 0, 0, 15, 4, 41
"d:\dptui\mm (1)\SDF\openhitls\tls\handshake\parse\src\parse_msg.h", "C++", 0, 0, 0, 0, 0, 0, 0, 0, 0, 0, 0, 0, 0, 37, 0, 0, 0, 0, 248, 23, 308
"d:\dptui\mm (1)\SDF\openhitls\tls\handshake\parse\src\parse_new_session_ticket.c", "C", 0, 0, 0, 0, 0, 0, 0, 0, 0, 0, 175, 0, 0, 0, 0, 0, 0, 0, 18, 17, 210
"d:\dptui\mm (1)\SDF\openhitls\tls\handshake\parse\src\parse_server_hello.c", "C", 0, 0, 0, 0, 0, 0, 0, 0, 0, 0, 87, 0, 0, 0, 0, 0, 0, 0, 17, 17, 121
"d:\dptui\mm (1)\SDF\openhitls\tls\handshake\parse\src\parse_server_key_exchange.c", "C", 0, 0, 0, 0, 0, 0, 0, 0, 0, 0, 476, 0, 0, 0, 0, 0, 0, 0, 59, 56, 591
"d:\dptui\mm (1)\SDF\openhitls\tls\handshake\reass\include\hs_reass.h", "C++", 0, 0, 0, 0, 0, 0, 0, 0, 0, 0, 0, 0, 0, 18, 0, 0, 0, 0, 45, 12, 75
"d:\dptui\mm (1)\SDF\openhitls\tls\handshake\reass\src\hs_reass.c", "C", 0, 0, 0, 0, 0, 0, 0, 0, 0, 0, 230, 0, 0, 0, 0, 0, 0, 0, 43, 29, 302
"d:\dptui\mm (1)\SDF\openhitls\tls\handshake\recv\include\hs_state_recv.h", "C++", 0, 0, 0, 0, 0, 0, 0, 0, 0, 0, 0, 0, 0, 15, 0, 0, 0, 0, 31, 6, 52
"d:\dptui\mm (1)\SDF\openhitls\tls\handshake\recv\include\recv_process.h", "C++", 0, 0, 0, 0, 0, 0, 0, 0, 0, 0, 0, 0, 0, 39, 0, 0, 0, 0, 189, 28, 256
"d:\dptui\mm (1)\SDF\openhitls\tls\handshake\recv\src\hs_state_recv.c", "C", 0, 0, 0, 0, 0, 0, 0, 0, 0, 0, 555, 0, 0, 0, 0, 0, 0, 0, 39, 29, 623
"d:\dptui\mm (1)\SDF\openhitls\tls\handshake\recv\src\recv_cert_request.c", "C", 0, 0, 0, 0, 0, 0, 0, 0, 0, 0, 135, 0, 0, 0, 0, 0, 0, 0, 25, 4, 164
"d:\dptui\mm (1)\SDF\openhitls\tls\handshake\recv\src\recv_cert_verify.c", "C", 0, 0, 0, 0, 0, 0, 0, 0, 0, 0, 66, 0, 0, 0, 0, 0, 0, 0, 16, 2, 84
"d:\dptui\mm (1)\SDF\openhitls\tls\handshake\recv\src\recv_certificate.c", "C", 0, 0, 0, 0, 0, 0, 0, 0, 0, 0, 378, 0, 0, 0, 0, 0, 0, 0, 69, 33, 480
"d:\dptui\mm (1)\SDF\openhitls\tls\handshake\recv\src\recv_client_hello.c", "C", 0, 0, 0, 0, 0, 0, 0, 0, 0, 0, 2038, 0, 0, 0, 0, 0, 0, 0, 250, 187, 2475
"d:\dptui\mm (1)\SDF\openhitls\tls\handshake\recv\src\recv_client_key_exchange.c", "C", 0, 0, 0, 0, 0, 0, 0, 0, 0, 0, 171, 0, 0, 0, 0, 0, 0, 0, 29, 18, 218
"d:\dptui\mm (1)\SDF\openhitls\tls\handshake\recv\src\recv_encrypted_extensions.c", "C", 0, 0, 0, 0, 0, 0, 0, 0, 0, 0, 138, 0, 0, 0, 0, 0, 0, 0, 20, 16, 174
"d:\dptui\mm (1)\SDF\openhitls\tls\handshake\recv\src\recv_finished.c", "C", 0, 0, 0, 0, 0, 0, 0, 0, 0, 0, 384, 0, 0, 0, 0, 0, 0, 0, 29, 42, 455
"d:\dptui\mm (1)\SDF\openhitls\tls\handshake\recv\src\recv_hello_verify_request.c", "C", 0, 0, 0, 0, 0, 0, 0, 0, 0, 0, 35, 0, 0, 0, 0, 0, 0, 0, 17, 3, 55
"d:\dptui\mm (1)\SDF\openhitls\tls\handshake\recv\src\recv_new_session_ticket.c", "C", 0, 0, 0, 0, 0, 0, 0, 0, 0, 0, 138, 0, 0, 0, 0, 0, 0, 0, 22, 16, 176
"d:\dptui\mm (1)\SDF\openhitls\tls\handshake\recv\src\recv_server_hello.c", "C", 0, 0, 0, 0, 0, 0, 0, 0, 0, 0, 1071, 0, 0, 0, 0, 0, 0, 0, 96, 124, 1291
"d:\dptui\mm (1)\SDF\openhitls\tls\handshake\recv\src\recv_server_hello_done.c", "C", 0, 0, 0, 0, 0, 0, 0, 0, 0, 0, 19, 0, 0, 0, 0, 0, 0, 0, 18, 3, 40
"d:\dptui\mm (1)\SDF\openhitls\tls\handshake\recv\src\recv_server_key_exchange.c", "C", 0, 0, 0, 0, 0, 0, 0, 0, 0, 0, 62, 0, 0, 0, 0, 0, 0, 0, 18, 2, 82
"d:\dptui\mm (1)\SDF\openhitls\tls\handshake\send\include\hs_state_send.h", "C++", 0, 0, 0, 0, 0, 0, 0, 0, 0, 0, 0, 0, 0, 13, 0, 0, 0, 0, 31, 6, 50
"d:\dptui\mm (1)\SDF\openhitls\tls\handshake\send\src\hs_state_send.c", "C", 0, 0, 0, 0, 0, 0, 0, 0, 0, 0, 212, 0, 0, 0, 0, 0, 0, 0, 16, 9, 237
"d:\dptui\mm (1)\SDF\openhitls\tls\handshake\send\src\send_cert_request.c", "C", 0, 0, 0, 0, 0, 0, 0, 0, 0, 0, 89, 0, 0, 0, 0, 0, 0, 0, 18, 6, 113
"d:\dptui\mm (1)\SDF\openhitls\tls\handshake\send\src\send_cert_verify.c", "C", 0, 0, 0, 0, 0, 0, 0, 0, 0, 0, 60, 0, 0, 0, 0, 0, 0, 0, 18, 8, 86
"d:\dptui\mm (1)\SDF\openhitls\tls\handshake\send\src\send_certificate.c", "C", 0, 0, 0, 0, 0, 0, 0, 0, 0, 0, 133, 0, 0, 0, 0, 0, 0, 0, 28, 15, 176
"d:\dptui\mm (1)\SDF\openhitls\tls\handshake\send\src\send_change_cipher_spec.c", "C", 0, 0, 0, 0, 0, 0, 0, 0, 0, 0, 34, 0, 0, 0, 0, 0, 0, 0, 17, 3, 54
"d:\dptui\mm (1)\SDF\openhitls\tls\handshake\send\src\send_client_hello.c", "C", 0, 0, 0, 0, 0, 0, 0, 0, 0, 0, 549, 0, 0, 0, 0, 0, 0, 0, 46, 60, 655
"d:\dptui\mm (1)\SDF\openhitls\tls\handshake\send\src\send_client_key_exchange.c", "C", 0, 0, 0, 0, 0, 0, 0, 0, 0, 0, 131, 0, 0, 0, 0, 0, 0, 0, 32, 11, 174
"d:\dptui\mm (1)\SDF\openhitls\tls\handshake\send\src\send_common.c", "C", 0, 0, 0, 0, 0, 0, 0, 0, 0, 0, 197, 0, 0, 0, 0, 0, 0, 0, 24, 24, 245
"d:\dptui\mm (1)\SDF\openhitls\tls\handshake\send\src\send_encrypted_extensions.c", "C", 0, 0, 0, 0, 0, 0, 0, 0, 0, 0, 61, 0, 0, 0, 0, 0, 0, 0, 19, 7, 87
"d:\dptui\mm (1)\SDF\openhitls\tls\handshake\send\src\send_finished.c", "C", 0, 0, 0, 0, 0, 0, 0, 0, 0, 0, 431, 0, 0, 0, 0, 0, 0, 0, 38, 54, 523
"d:\dptui\mm (1)\SDF\openhitls\tls\handshake\send\src\send_hello_request.c", "C", 0, 0, 0, 0, 0, 0, 0, 0, 0, 0, 41, 0, 0, 0, 0, 0, 0, 0, 21, 8, 70
"d:\dptui\mm (1)\SDF\openhitls\tls\handshake\send\src\send_hello_verify_request.c", "C", 0, 0, 0, 0, 0, 0, 0, 0, 0, 0, 42, 0, 0, 0, 0, 0, 0, 0, 21, 6, 69
"d:\dptui\mm (1)\SDF\openhitls\tls\handshake\send\src\send_new_session_ticket.c", "C", 0, 0, 0, 0, 0, 0, 0, 0, 0, 0, 161, 0, 0, 0, 0, 0, 0, 0, 23, 17, 201
"d:\dptui\mm (1)\SDF\openhitls\tls\handshake\send\src\send_process.h", "C++", 0, 0, 0, 0, 0, 0, 0, 0, 0, 0, 0, 0, 0, 43, 0, 0, 0, 0, 225, 34, 302
"d:\dptui\mm (1)\SDF\openhitls\tls\handshake\send\src\send_server_hello.c", "C", 0, 0, 0, 0, 0, 0, 0, 0, 0, 0, 276, 0, 0, 0, 0, 0, 0, 0, 51, 25, 352
"d:\dptui\mm (1)\SDF\openhitls\tls\handshake\send\src\send_server_hello_done.c", "C", 0, 0, 0, 0, 0, 0, 0, 0, 0, 0, 45, 0, 0, 0, 0, 0, 0, 0, 19, 6, 70
"d:\dptui\mm (1)\SDF\openhitls\tls\handshake\send\src\send_server_key_exchange.c", "C", 0, 0, 0, 0, 0, 0, 0, 0, 0, 0, 273, 0, 0, 0, 0, 0, 0, 0, 22, 19, 314
"d:\dptui\mm (1)\SDF\openhitls\tls\handshake\sm\src\hs_init.c", "C", 0, 0, 0, 0, 0, 0, 0, 0, 0, 0, 186, 0, 0, 0, 0, 0, 0, 0, 17, 11, 214
"d:\dptui\mm (1)\SDF\openhitls\tls\handshake\sm\src\hs_sm.c", "C", 0, 0, 0, 0, 0, 0, 0, 0, 0, 0, 211, 0, 0, 0, 0, 0, 0, 0, 19, 23, 253
"d:\dptui\mm (1)\SDF\openhitls\tls\include\alpn.h", "C++", 0, 0, 0, 0, 0, 0, 0, 0, 0, 0, 0, 0, 0, 14, 0, 0, 0, 0, 14, 5, 33
"d:\dptui\mm (1)\SDF\openhitls\tls\include\cipher_suite.h", "C++", 0, 0, 0, 0, 0, 0, 0, 0, 0, 0, 0, 0, 0, 71, 0, 0, 0, 0, 88, 25, 184
"d:\dptui\mm (1)\SDF\openhitls\tls\include\custom_extensions.h", "C++", 0, 0, 0, 0, 0, 0, 0, 0, 0, 0, 0, 0, 0, 30, 0, 0, 0, 0, 104, 14, 148
"d:\dptui\mm (1)\SDF\openhitls\tls\include\hitls_cert_reg.h", "C++", 0, 0, 0, 0, 0, 0, 0, 0, 0, 0, 0, 0, 0, 74, 0, 0, 0, 0, 298, 37, 409
"d:\dptui\mm (1)\SDF\openhitls\tls\include\hitls_crypt_reg.h", "C++", 0, 0, 0, 0, 0, 0, 0, 0, 0, 0, 0, 0, 0, 113, 0, 0, 0, 0, 416, 46, 575
"d:\dptui\mm (1)\SDF\openhitls\tls\include\indicator.h", "C++", 0, 0, 0, 0, 0, 0, 0, 0, 0, 0, 0, 0, 0, 16, 0, 0, 0, 0, 32, 8, 56
"d:\dptui\mm (1)\SDF\openhitls\tls\include\security.h", "C++", 0, 0, 0, 0, 0, 0, 0, 0, 0, 0, 0, 0, 0, 17, 0, 0, 0, 0, 18, 10, 45
"d:\dptui\mm (1)\SDF\openhitls\tls\include\session.h", "C++", 0, 0, 0, 0, 0, 0, 0, 0, 0, 0, 0, 0, 0, 30, 0, 0, 0, 0, 24, 20, 74
"d:\dptui\mm (1)\SDF\openhitls\tls\include\session_mgr.h", "C++", 0, 0, 0, 0, 0, 0, 0, 0, 0, 0, 0, 0, 0, 40, 0, 0, 0, 0, 90, 27, 157
"d:\dptui\mm (1)\SDF\openhitls\tls\include\sni.h", "C++", 0, 0, 0, 0, 0, 0, 0, 0, 0, 0, 0, 0, 0, 15, 0, 0, 0, 0, 15, 6, 36
"d:\dptui\mm (1)\SDF\openhitls\tls\include\tls.h", "C++", 0, 0, 0, 0, 0, 0, 0, 0, 0, 0, 0, 0, 0, 273, 0, 0, 0, 0, 30, 46, 349
"d:\dptui\mm (1)\SDF\openhitls\tls\include\tls_binlog_id.h", "C++", 0, 0, 0, 0, 0, 0, 0, 0, 0, 0, 0, 0, 0, 503, 0, 0, 0, 0, 14, 11, 528
"d:\dptui\mm (1)\SDF\openhitls\tls\include\tls_config.h", "C++", 0, 0, 0, 0, 0, 0, 0, 0, 0, 0, 0, 0, 0, 190, 0, 0, 0, 0, 55, 48, 293
"d:\dptui\mm (1)\SDF\openhitls\tls\record\CMakeLists.txt", "CMake", 0, 0, 0, 0, 0, 0, 0, 0, 0, 0, 0, 47, 0, 0, 0, 0, 0, 0, 0, 8, 55
"d:\dptui\mm (1)\SDF\openhitls\tls\record\include\rec.h", "C++", 0, 0, 0, 0, 0, 0, 0, 0, 0, 0, 0, 0, 0, 70, 0, 0, 0, 0, 227, 37, 334
"d:\dptui\mm (1)\SDF\openhitls\tls\record\src\rec_alert.c", "C", 0, 0, 0, 0, 0, 0, 0, 0, 0, 0, 23, 0, 0, 0, 0, 0, 0, 0, 16, 2, 41
"d:\dptui\mm (1)\SDF\openhitls\tls\record\src\rec_alert.h", "C++", 0, 0, 0, 0, 0, 0, 0, 0, 0, 0, 0, 0, 0, 12, 0, 0, 0, 0, 25, 7, 44
"d:\dptui\mm (1)\SDF\openhitls\tls\record\src\rec_anti_replay.c", "C", 0, 0, 0, 0, 0, 0, 0, 0, 0, 0, 40, 0, 0, 0, 0, 0, 0, 0, 21, 8, 69
"d:\dptui\mm (1)\SDF\openhitls\tls\record\src\rec_anti_replay.h", "C++", 0, 0, 0, 0, 0, 0, 0, 0, 0, 0, 0, 0, 0, 18, 0, 0, 0, 0, 54, 10, 82
"d:\dptui\mm (1)\SDF\openhitls\tls\record\src\rec_buf.c", "C", 0, 0, 0, 0, 0, 0, 0, 0, 0, 0, 138, 0, 0, 0, 0, 0, 0, 0, 14, 12, 164
"d:\dptui\mm (1)\SDF\openhitls\tls\record\src\rec_buf.h", "C++", 0, 0, 0, 0, 0, 0, 0, 0, 0, 0, 0, 0, 0, 31, 0, 0, 0, 0, 31, 18, 80
"d:\dptui\mm (1)\SDF\openhitls\tls\record\src\rec_conn.c", "C", 0, 0, 0, 0, 0, 0, 0, 0, 0, 0, 360, 0, 0, 0, 0, 0, 0, 0, 26, 38, 424
"d:\dptui\mm (1)\SDF\openhitls\tls\record\src\rec_conn.h", "C++", 0, 0, 0, 0, 0, 0, 0, 0, 0, 0, 0, 0, 0, 89, 0, 0, 0, 0, 159, 32, 280
"d:\dptui\mm (1)\SDF\openhitls\tls\record\src\rec_crypto.c", "C", 0, 0, 0, 0, 0, 0, 0, 0, 0, 0, 199, 0, 0, 0, 0, 0, 0, 0, 47, 17, 263
"d:\dptui\mm (1)\SDF\openhitls\tls\record\src\rec_crypto.h", "C++", 0, 0, 0, 0, 0, 0, 0, 0, 0, 0, 0, 0, 0, 41, 0, 0, 0, 0, 15, 4, 60
"d:\dptui\mm (1)\SDF\openhitls\tls\record\src\rec_crypto_aead.c", "C", 0, 0, 0, 0, 0, 0, 0, 0, 0, 0, 216, 0, 0, 0, 0, 0, 0, 0, 73, 21, 310
"d:\dptui\mm (1)\SDF\openhitls\tls\record\src\rec_crypto_aead.h", "C++", 0, 0, 0, 0, 0, 0, 0, 0, 0, 0, 0, 0, 0, 5, 0, 0, 0, 0, 14, 1, 20
"d:\dptui\mm (1)\SDF\openhitls\tls\record\src\rec_crypto_cbc.c", "C", 0, 0, 0, 0, 0, 0, 0, 0, 0, 0, 513, 0, 0, 0, 0, 0, 0, 0, 54, 69, 636
"d:\dptui\mm (1)\SDF\openhitls\tls\record\src\rec_crypto_cbc.h", "C++", 0, 0, 0, 0, 0, 0, 0, 0, 0, 0, 0, 0, 0, 5, 0, 0, 0, 0, 14, 2, 21
"d:\dptui\mm (1)\SDF\openhitls\tls\record\src\rec_header.h", "C++", 0, 0, 0, 0, 0, 0, 0, 0, 0, 0, 0, 0, 0, 33, 0, 0, 0, 0, 16, 13, 62
"d:\dptui\mm (1)\SDF\openhitls\tls\record\src\rec_read.c", "C", 0, 0, 0, 0, 0, 0, 0, 0, 0, 0, 923, 0, 0, 0, 0, 0, 0, 0, 147, 84, 1154
"d:\dptui\mm (1)\SDF\openhitls\tls\record\src\rec_read.h", "C++", 0, 0, 0, 0, 0, 0, 0, 0, 0, 0, 0, 0, 0, 17, 0, 0, 0, 0, 57, 10, 84
"d:\dptui\mm (1)\SDF\openhitls\tls\record\src\rec_retransmit.c", "C", 0, 0, 0, 0, 0, 0, 0, 0, 0, 0, 111, 0, 0, 0, 0, 0, 0, 0, 17, 15, 143
"d:\dptui\mm (1)\SDF\openhitls\tls\record\src\rec_unprocessed_msg.c", "C", 0, 0, 0, 0, 0, 0, 0, 0, 0, 0, 115, 0, 0, 0, 0, 0, 0, 0, 19, 20, 154
"d:\dptui\mm (1)\SDF\openhitls\tls\record\src\rec_unprocessed_msg.h", "C++", 0, 0, 0, 0, 0, 0, 0, 0, 0, 0, 0, 0, 0, 31, 0, 0, 0, 0, 20, 16, 67
"d:\dptui\mm (1)\SDF\openhitls\tls\record\src\rec_write.c", "C", 0, 0, 0, 0, 0, 0, 0, 0, 0, 0, 428, 0, 0, 0, 0, 0, 0, 0, 40, 52, 520
"d:\dptui\mm (1)\SDF\openhitls\tls\record\src\rec_write.h", "C++", 0, 0, 0, 0, 0, 0, 0, 0, 0, 0, 0, 0, 0, 17, 0, 0, 0, 0, 50, 10, 77
"d:\dptui\mm (1)\SDF\openhitls\tls\record\src\record.c", "C", 0, 0, 0, 0, 0, 0, 0, 0, 0, 0, 665, 0, 0, 0, 0, 0, 0, 0, 27, 73, 765
"d:\dptui\mm (1)\SDF\openhitls\tls\record\src\record.h", "C++", 0, 0, 0, 0, 0, 0, 0, 0, 0, 0, 0, 0, 0, 75, 0, 0, 0, 0, 41, 19, 135
"d:\dptui\mm (1)\SDF\scripts\build_windows_sdk.ps1", "PowerShell", 0, 0, 0, 0, 0, 0, 0, 0, 0, 0, 0, 0, 0, 0, 0, 0, 58, 0, 0, 6, 64
"d:\dptui\mm (1)\SDF\scripts\package_windows_sdk.ps1", "PowerShell", 0, 0, 0, 0, 0, 0, 0, 0, 0, 0, 0, 0, 0, 0, 0, 0, 65, 0, 0, 7, 72
"d:\dptui\mm (1)\SDF\scripts\verify_windows_sdk.ps1", "PowerShell", 0, 0, 0, 0, 0, 0, 0, 0, 0, 0, 0, 0, 0, 0, 0, 0, 42, 0, 0, 5, 47
"d:\dptui\mm (1)\SDF\sdfx\CMakeLists.txt", "CMake", 0, 0, 0, 0, 0, 0, 0, 0, 0, 0, 0, 146, 0, 0, 0, 0, 0, 0, 0, 26, 172
"d:\dptui\mm (1)\SDF\sdfx\README.md", "Markdown", 0, 0, 0, 0, 139, 0, 0, 0, 0, 0, 0, 0, 0, 0, 0, 0, 0, 0, 0, 55, 194
"d:\dptui\mm (1)\SDF\sdfx\cmake\modules\FindOpenHiTLS.cmake", "CMake", 0, 0, 0, 0, 0, 0, 0, 0, 0, 0, 0, 219, 0, 0, 0, 0, 0, 0, 0, 30, 249
"d:\dptui\mm (1)\SDF\sdfx\cmake\toolchains\mingw-x64.cmake", "CMake", 0, 0, 0, 0, 0, 0, 0, 0, 0, 0, 0, 8, 0, 0, 0, 0, 0, 0, 0, 2, 10
"d:\dptui\mm (1)\SDF\sdfx\common\CMakeLists.txt", "CMake", 0, 0, 0, 0, 0, 0, 0, 0, 0, 0, 0, 3, 0, 0, 0, 0, 0, 0, 0, 1, 4
"d:\dptui\mm (1)\SDF\sdfx\common\include\hitls_init.h", "C++", 0, 0, 0, 0, 0, 0, 0, 0, 0, 0, 0, 0, 0, 12, 0, 0, 0, 0, 19, 9, 40
"d:\dptui\mm (1)\SDF\sdfx\common\include\log.h", "C++", 0, 0, 0, 0, 0, 0, 0, 0, 0, 0, 0, 0, 0, 95, 0, 0, 0, 0, 1, 10, 106
"d:\dptui\mm (1)\SDF\sdfx\common\include\sdfx_defaults.h", "C++", 0, 0, 0, 0, 0, 0, 0, 0, 0, 0, 0, 0, 0, 20, 0, 0, 0, 0, 16, 9, 45
"d:\dptui\mm (1)\SDF\sdfx\common\src\CMakeLists.txt", "CMake", 0, 0, 0, 0, 0, 0, 0, 0, 0, 0, 0, 15, 0, 0, 0, 0, 0, 0, 0, 3, 18
"d:\dptui\mm (1)\SDF\sdfx\common\src\config.c", "C", 0, 0, 0, 0, 0, 0, 0, 0, 0, 0, 174, 0, 0, 0, 0, 0, 0, 0, 26, 41, 241
"d:\dptui\mm (1)\SDF\sdfx\common\src\hitls_init.c", "C", 0, 0, 0, 0, 0, 0, 0, 0, 0, 0, 73, 0, 0, 0, 0, 0, 0, 0, 18, 24, 115
"d:\dptui\mm (1)\SDF\sdfx\common\src\protocol.c", "C", 0, 0, 0, 0, 0, 0, 0, 0, 0, 0, 84, 0, 0, 0, 0, 0, 0, 0, 10, 20, 114
"d:\dptui\mm (1)\SDF\sdfx\config\sdfx-container.conf", "Properties", 0, 0, 0, 0, 0, 13, 0, 0, 0, 0, 0, 0, 0, 0, 0, 0, 0, 0, 0, 3, 16
"d:\dptui\mm (1)\SDF\sdfx\config\sdfx-test-client.conf", "Properties", 0, 0, 0, 0, 0, 13, 0, 0, 0, 0, 0, 0, 0, 0, 0, 0, 0, 0, 0, 3, 16
"d:\dptui\mm (1)\SDF\sdfx\config\sdfx_tcp.conf", "Properties", 0, 0, 0, 0, 0, 16, 0, 0, 0, 0, 0, 0, 0, 0, 0, 0, 0, 0, 2, 4, 22
"d:\dptui\mm (1)\SDF\sdfx\config\sdfx_unix.conf", "Properties", 0, 0, 0, 0, 0, 16, 0, 0, 0, 0, 0, 0, 0, 0, 0, 0, 0, 0, 2, 4, 22
"d:\dptui\mm (1)\SDF\sdfx\docs\OPENHITLS_CONFIG.md", "Markdown", 0, 0, 0, 0, 221, 0, 0, 0, 0, 0, 0, 0, 0, 0, 0, 0, 0, 0, 0, 74, 295
"d:\dptui\mm (1)\SDF\sdfx\examples\CMakeLists.txt", "CMake", 0, 0, 0, 0, 0, 0, 0, 0, 0, 0, 0, 38, 0, 0, 0, 0, 0, 0, 0, 10, 48
"d:\dptui\mm (1)\SDF\sdfx\examples\basic_usage.c", "C", 0, 0, 0, 0, 0, 0, 0, 0, 0, 0, 59, 0, 0, 0, 0, 0, 0, 0, 13, 13, 85
"d:\dptui\mm (1)\SDF\sdfx\examples\crypto_demo.c", "C", 0, 0, 0, 0, 0, 0, 0, 0, 0, 0, 5, 0, 0, 0, 0, 0, 0, 0, 4, 3, 12
"d:\dptui\mm (1)\SDF\sdfx\examples\hash_demo.c", "C", 0, 0, 0, 0, 0, 0, 0, 0, 0, 0, 5, 0, 0, 0, 0, 0, 0, 0, 4, 3, 12
"d:\dptui\mm (1)\SDF\sdfx\include\CMakeLists.txt", "CMake", 0, 0, 0, 0, 0, 0, 0, 0, 0, 0, 0, 21, 0, 0, 0, 0, 0, 0, 0, 2, 23
"d:\dptui\mm (1)\SDF\sdfx\include\config.h", "C++", 0, 0, 0, 0, 0, 0, 0, 0, 0, 0, 0, 0, 0, 34, 0, 0, 0, 0, 36, 18, 88
"d:\dptui\mm (1)\SDF\sdfx\include\protocol.h", "C++", 0, 0, 0, 0, 0, 0, 0, 0, 0, 0, 0, 0, 0, 366, 0, 0, 0, 0, 91, 71, 528
"d:\dptui\mm (1)\SDF\sdfx\include\sdf.h", "C++", 0, 0, 0, 0, 0, 0, 0, 0, 0, 0, 0, 0, 0, 807, 0, 0, 0, 0, 122, 118, 1047
"d:\dptui\mm (1)\SDF\sdfx\include\sdf_err.h", "C++", 0, 0, 0, 0, 0, 0, 0, 0, 0, 0, 0, 0, 0, 36, 0, 0, 0, 0, 2, 5, 43
"d:\dptui\mm (1)\SDF\sdfx\include\sdf_types.h", "C++", 0, 0, 0, 0, 0, 0, 0, 0, 0, 0, 0, 0, 0, 220, 0, 0, 0, 0, 55, 41, 316
"d:\dptui\mm (1)\SDF\sdfx\include\sdfx.h", "C++", 0, 0, 0, 0, 0, 0, 0, 0, 0, 0, 0, 0, 0, 28, 0, 0, 0, 0, 35, 14, 77
"d:\dptui\mm (1)\SDF\sdfx\include\transport.h", "C++", 0, 0, 0, 0, 0, 0, 0, 0, 0, 0, 0, 0, 0, 39, 0, 0, 0, 0, 95, 24, 158
"d:\dptui\mm (1)\SDF\sdfx\sdfxd\CMakeLists.txt", "CMake", 0, 0, 0, 0, 0, 0, 0, 0, 0, 0, 0, 37, 0, 0, 0, 0, 0, 0, 0, 5, 42
"d:\dptui\mm (1)\SDF\sdfx\sdfxd\include\daemon_internal.h", "C++", 0, 0, 0, 0, 0, 0, 0, 0, 0, 0, 0, 0, 0, 307, 0, 0, 0, 0, 33, 38, 378
"d:\dptui\mm (1)\SDF\sdfx\sdfxd\src\admin_device.inc", "Assembly", 0, 0, 0, 0, 0, 0, 0, 0, 0, 0, 0, 0, 0, 0, 0, 124, 0, 0, 0, 10, 134
"d:\dptui\mm (1)\SDF\sdfx\sdfxd\src\admin_protocol.inc", "Assembly", 0, 0, 0, 0, 0, 0, 0, 0, 0, 0, 0, 0, 0, 0, 0, 323, 0, 0, 0, 13, 336
"d:\dptui\mm (1)\SDF\sdfx\sdfxd\src\admin_selftest.inc", "Assembly", 0, 0, 0, 0, 0, 0, 0, 0, 0, 0, 0, 0, 0, 0, 0, 139, 0, 0, 0, 9, 148
"d:\dptui\mm (1)\SDF\sdfx\sdfxd\src\admin_session.inc", "Assembly", 0, 0, 0, 0, 0, 0, 0, 0, 0, 0, 0, 0, 0, 0, 0, 39, 0, 0, 0, 4, 43
"d:\dptui\mm (1)\SDF\sdfx\sdfxd\src\backup_admin.inc", "Assembly", 0, 0, 0, 0, 0, 0, 0, 0, 0, 0, 0, 0, 0, 0, 0, 402, 0, 0, 0, 20, 422
"d:\dptui\mm (1)\SDF\sdfx\sdfxd\src\crypto_agreement.c", "C", 0, 0, 0, 0, 0, 0, 0, 0, 0, 0, 307, 0, 0, 0, 0, 0, 0, 0, 3, 28, 338
"d:\dptui\mm (1)\SDF\sdfx\sdfxd\src\crypto_asymmetric.c", "C", 0, 0, 0, 0, 0, 0, 0, 0, 0, 0, 679, 0, 0, 0, 0, 0, 0, 0, 32, 49, 760
"d:\dptui\mm (1)\SDF\sdfx\sdfxd\src\crypto_extended.c", "C", 0, 0, 0, 0, 0, 0, 0, 0, 0, 0, 365, 0, 0, 0, 0, 0, 0, 0, 3, 31, 399
"d:\dptui\mm (1)\SDF\sdfx\sdfxd\src\crypto_hash.c", "C", 0, 0, 0, 0, 0, 0, 0, 0, 0, 0, 212, 0, 0, 0, 0, 0, 0, 0, 39, 35, 286
"d:\dptui\mm (1)\SDF\sdfx\sdfxd\src\crypto_random.c", "C", 0, 0, 0, 0, 0, 0, 0, 0, 0, 0, 35, 0, 0, 0, 0, 0, 0, 0, 13, 10, 58
"d:\dptui\mm (1)\SDF\sdfx\sdfxd\src\crypto_symmetric.c", "C", 0, 0, 0, 0, 0, 0, 0, 0, 0, 0, 184, 0, 0, 0, 0, 0, 0, 0, 46, 36, 266
"d:\dptui\mm (1)\SDF\sdfx\sdfxd\src\crypto_vpn.c", "C", 0, 0, 0, 0, 0, 0, 0, 0, 0, 0, 198, 0, 0, 0, 0, 0, 0, 0, 3, 13, 214
"d:\dptui\mm (1)\SDF\sdfx\sdfxd\src\daemon_core.c", "C", 0, 0, 0, 0, 0, 0, 0, 0, 0, 0, 259, 0, 0, 0, 0, 0, 0, 0, 38, 66, 363
"d:\dptui\mm (1)\SDF\sdfx\sdfxd\src\internal_key_admin.inc", "Assembly", 0, 0, 0, 0, 0, 0, 0, 0, 0, 0, 0, 0, 0, 0, 0, 354, 0, 0, 0, 19, 373
"d:\dptui\mm (1)\SDF\sdfx\sdfxd\src\internal_key_manager.c", "C", 0, 0, 0, 0, 0, 0, 0, 0, 0, 0, 702, 0, 0, 0, 0, 0, 0, 0, 6, 41, 749
"d:\dptui\mm (1)\SDF\sdfx\sdfxd\src\kek_admin.inc", "Assembly", 0, 0, 0, 0, 0, 0, 0, 0, 0, 0, 0, 0, 0, 0, 0, 354, 0, 0, 0, 24, 378
"d:\dptui\mm (1)\SDF\sdfx\sdfxd\src\main.c", "C", 0, 0, 0, 0, 0, 0, 0, 0, 0, 0, 112, 0, 0, 0, 0, 0, 0, 0, 21, 26, 159
"d:\dptui\mm (1)\SDF\sdfx\sdfxd\src\object_manager.c", "C", 0, 0, 0, 0, 0, 0, 0, 0, 0, 0, 379, 0, 0, 0, 0, 0, 0, 0, 4, 32, 415
"d:\dptui\mm (1)\SDF\sdfx\sdfxd\src\protocol_handler.c", "C", 0, 0, 0, 0, 0, 0, 0, 0, 0, 0, 1801, 0, 0, 0, 0, 0, 0, 0, 52, 180, 2033
"d:\dptui\mm (1)\SDF\sdfx\sdfxd\src\rsa_key_manager.c", "C", 0, 0, 0, 0, 0, 0, 0, 0, 0, 0, 446, 0, 0, 0, 0, 0, 0, 0, 1, 41, 488
"d:\dptui\mm (1)\SDF\sdfx\sdfxd\src\session_manager.c", "C", 0, 0, 0, 0, 0, 0, 0, 0, 0, 0, 216, 0, 0, 0, 0, 0, 0, 0, 36, 53, 305
"d:\dptui\mm (1)\SDF\sdfx\sdfxd\src\thread_pool.c", "C", 0, 0, 0, 0, 0, 0, 0, 0, 0, 0, 222, 0, 0, 0, 0, 0, 0, 0, 31, 61, 314
"d:\dptui\mm (1)\SDF\sdfx\sdk\CMakeLists.txt", "CMake", 0, 0, 0, 0, 0, 0, 0, 0, 0, 0, 0, 69, 0, 0, 0, 0, 0, 0, 0, 8, 77
"d:\dptui\mm (1)\SDF\sdfx\sdk\include\handle_manager.h", "C++", 0, 0, 0, 0, 0, 0, 0, 0, 0, 0, 0, 0, 0, 23, 0, 0, 0, 0, 46, 14, 83
"d:\dptui\mm (1)\SDF\sdfx\sdk\include\protocol_client.h", "C++", 0, 0, 0, 0, 0, 0, 0, 0, 0, 0, 0, 0, 0, 15, 0, 0, 0, 0, 24, 9, 48
"d:\dptui\mm (1)\SDF\sdfx\sdk\include\sdf_internal.h", "C++", 0, 0, 0, 0, 0, 0, 0, 0, 0, 0, 0, 0, 0, 54, 0, 0, 0, 0, 43, 18, 115
"d:\dptui\mm (1)\SDF\sdfx\sdk\src\error_handler.c", "C", 0, 0, 0, 0, 0, 0, 0, 0, 0, 0, 44, 0, 0, 0, 0, 0, 0, 0, 8, 4, 56
"d:\dptui\mm (1)\SDF\sdfx\sdk\src\handle_manager.c", "C", 0, 0, 0, 0, 0, 0, 0, 0, 0, 0, 175, 0, 0, 0, 0, 0, 0, 0, 48, 56, 279
"d:\dptui\mm (1)\SDF\sdfx\sdk\src\protocol_client.c", "C", 0, 0, 0, 0, 0, 0, 0, 0, 0, 0, 176, 0, 0, 0, 0, 0, 0, 0, 33, 34, 243
"d:\dptui\mm (1)\SDF\sdfx\sdk\src\sdf_agreement.c", "C", 0, 0, 0, 0, 0, 0, 0, 0, 0, 0, 155, 0, 0, 0, 0, 0, 0, 0, 3, 13, 171
"d:\dptui\mm (1)\SDF\sdfx\sdk\src\sdf_asymmetric.c", "C", 0, 0, 0, 0, 0, 0, 0, 0, 0, 0, 288, 0, 0, 0, 0, 0, 0, 0, 15, 44, 347
"d:\dptui\mm (1)\SDF\sdfx\sdk\src\sdf_device.c", "C", 0, 0, 0, 0, 0, 0, 0, 0, 0, 0, 140, 0, 0, 0, 0, 0, 0, 0, 33, 46, 219
"d:\dptui\mm (1)\SDF\sdfx\sdk\src\sdf_extended.c", "C", 0, 0, 0, 0, 0, 0, 0, 0, 0, 0, 574, 0, 0, 0, 0, 0, 0, 0, 3, 47, 624
"d:\dptui\mm (1)\SDF\sdfx\sdk\src\sdf_hash.c", "C", 0, 0, 0, 0, 0, 0, 0, 0, 0, 0, 111, 0, 0, 0, 0, 0, 0, 0, 19, 32, 162
"d:\dptui\mm (1)\SDF\sdfx\sdk\src\sdf_internal_key.c", "C", 0, 0, 0, 0, 0, 0, 0, 0, 0, 0, 224, 0, 0, 0, 0, 0, 0, 0, 3, 13, 240
"d:\dptui\mm (1)\SDF\sdfx\sdk\src\sdf_key_file.c", "C", 0, 0, 0, 0, 0, 0, 0, 0, 0, 0, 298, 0, 0, 0, 0, 0, 0, 0, 3, 22, 323
"d:\dptui\mm (1)\SDF\sdfx\sdk\src\sdf_random.c", "C", 0, 0, 0, 0, 0, 0, 0, 0, 0, 0, 40, 0, 0, 0, 0, 0, 0, 0, 17, 15, 72
"d:\dptui\mm (1)\SDF\sdfx\sdk\src\sdf_rsa.c", "C", 0, 0, 0, 0, 0, 0, 0, 0, 0, 0, 132, 0, 0, 0, 0, 0, 0, 0, 1, 13, 146
"d:\dptui\mm (1)\SDF\sdfx\sdk\src\sdf_stubs.c", "C", 0, 0, 0, 0, 0, 0, 0, 0, 0, 0, 697, 0, 0, 0, 0, 0, 0, 0, 37, 109, 843
"d:\dptui\mm (1)\SDF\sdfx\sdk\src\sdf_stubs_sm9_vpn.c", "C", 0, 0, 0, 0, 0, 0, 0, 0, 0, 0, 331, 0, 0, 0, 0, 0, 0, 0, 13, 38, 382
"d:\dptui\mm (1)\SDF\sdfx\sdk\src\sdf_symmetric.c", "C", 0, 0, 0, 0, 0, 0, 0, 0, 0, 0, 146, 0, 0, 0, 0, 0, 0, 0, 26, 31, 203
"d:\dptui\mm (1)\SDF\sdfx\sdk\src\sdf_vpn.c", "C", 0, 0, 0, 0, 0, 0, 0, 0, 0, 0, 392, 0, 0, 0, 0, 0, 0, 0, 3, 13, 408
"d:\dptui\mm (1)\SDF\sdfx\sdk\src\sdfx_api.c", "C", 0, 0, 0, 0, 0, 0, 0, 0, 0, 0, 162, 0, 0, 0, 0, 0, 0, 0, 51, 39, 252
"d:\dptui\mm (1)\SDF\sdfx\tests\CMakeLists.txt", "CMake", 0, 0, 0, 0, 0, 0, 0, 0, 0, 0, 0, 99, 0, 0, 0, 0, 0, 0, 0, 34, 133
"d:\dptui\mm (1)\SDF\sdfx\tests\test_0018_extended.c", "C", 0, 0, 0, 0, 0, 0, 0, 0, 0, 0, 263, 0, 0, 0, 0, 0, 0, 0, 0, 24, 287
"d:\dptui\mm (1)\SDF\sdfx\tests\test_basic.c", "C", 0, 0, 0, 0, 0, 0, 0, 0, 0, 0, 39, 0, 0, 0, 0, 0, 0, 0, 12, 10, 61
"d:\dptui\mm (1)\SDF\sdfx\tests\test_hash.c", "C", 0, 0, 0, 0, 0, 0, 0, 0, 0, 0, 268, 0, 0, 0, 0, 0, 0, 0, 30, 56, 354
"d:\dptui\mm (1)\SDF\sdfx\tests\test_internal_key.c", "C", 0, 0, 0, 0, 0, 0, 0, 0, 0, 0, 122, 0, 0, 0, 0, 0, 0, 0, 0, 12, 134
"d:\dptui\mm (1)\SDF\sdfx\tests\test_key_file.c", "C", 0, 0, 0, 0, 0, 0, 0, 0, 0, 0, 76, 0, 0, 0, 0, 0, 0, 0, 3, 12, 91
"d:\dptui\mm (1)\SDF\sdfx\tests\test_random.c", "C", 0, 0, 0, 0, 0, 0, 0, 0, 0, 0, 222, 0, 0, 0, 0, 0, 0, 0, 24, 54, 300
"d:\dptui\mm (1)\SDF\sdfx\tests\test_sm2.c", "C", 0, 0, 0, 0, 0, 0, 0, 0, 0, 0, 187, 0, 0, 0, 0, 0, 0, 0, 27, 33, 247
"d:\dptui\mm (1)\SDF\sdfx\tests\test_symmetric.c", "C", 0, 0, 0, 0, 0, 0, 0, 0, 0, 0, 313, 0, 0, 0, 0, 0, 0, 0, 34, 76, 423
"d:\dptui\mm (1)\SDF\sdfx\transport\CMakeLists.txt", "CMake", 0, 0, 0, 0, 0, 0, 0, 0, 0, 0, 0, 7, 0, 0, 0, 0, 0, 0, 0, 2, 9
"d:\dptui\mm (1)\SDF\sdfx\transport\include\transport_interface.h", "C++", 0, 0, 0, 0, 0, 0, 0, 0, 0, 0, 0, 0, 0, 43, 0, 0, 0, 0, 75, 21, 139
"d:\dptui\mm (1)\SDF\sdfx\transport\src\CMakeLists.txt", "CMake", 0, 0, 0, 0, 0, 0, 0, 0, 0, 0, 0, 51, 0, 0, 0, 0, 0, 0, 0, 9, 60
"d:\dptui\mm (1)\SDF\sdfx\transport\src\transport_tcp.c", "C", 0, 0, 0, 0, 0, 0, 0, 0, 0, 0, 333, 0, 0, 0, 0, 0, 0, 0, 37, 69, 439
"d:\dptui\mm (1)\SDF\sdfx\transport\src\transport_tcp_windows.c", "C", 0, 0, 0, 0, 0, 0, 0, 0, 0, 0, 201, 0, 0, 0, 0, 0, 0, 0, 4, 19, 224
"d:\dptui\mm (1)\SDF\sdfx\transport\src\transport_unix.c", "C", 0, 0, 0, 0, 0, 0, 0, 0, 0, 0, 286, 0, 0, 0, 0, 0, 0, 0, 36, 67, 389
"d:\dptui\mm (1)\SDF\server\entrypoint.sh", "Shell Script", 0, 0, 0, 0, 0, 0, 8, 0, 0, 0, 0, 0, 0, 0, 0, 0, 0, 0, 1, 4, 13
"d:\dptui\mm (1)\SDF\server\healthcheck.sh", "Shell Script", 0, 0, 0, 0, 0, 0, 3, 0, 0, 0, 0, 0, 0, 0, 0, 0, 0, 0, 1, 2, 6
"d:\dptui\mm (1)\SDF\server\supervisord.conf", "Properties", 0, 0, 0, 0, 0, 37, 0, 0, 0, 0, 0, 0, 0, 0, 0, 0, 0, 0, 0, 3, 40
"d:\dptui\mm (1)\SDF\tests\rbac_integrity_e2e.py", "Python", 0, 0, 0, 0, 0, 0, 0, 0, 0, 0, 0, 0, 108, 0, 0, 0, 0, 0, 1, 7, 116
"d:\dptui\mm (1)\SDF\tests\reset_e2e.py", "Python", 0, 0, 0, 0, 0, 0, 0, 0, 0, 0, 0, 0, 73, 0, 0, 0, 0, 0, 2, 9, 84
"d:\dptui\mm (1)\SDF\tests\rsa_e2e.c", "C", 0, 0, 0, 0, 0, 0, 0, 0, 0, 0, 36, 0, 0, 0, 0, 0, 0, 0, 0, 6, 42
"d:\dptui\mm (1)\SDF\tests\session_admin_e2e.py", "Python", 0, 0, 0, 0, 0, 0, 0, 0, 0, 0, 0, 0, 78, 0, 0, 0, 0, 0, 2, 15, 95
"d:\dptui\mm (1)\SDF\tests\test1.c", "C", 0, 0, 0, 0, 0, 0, 0, 0, 0, 0, 109, 0, 0, 0, 0, 0, 0, 0, 2, 13, 124
"d:\dptui\mm (1)\SDF\tests\web_e2e.py", "Python", 0, 0, 0, 0, 0, 0, 0, 0, 0, 0, 0, 0, 162, 0, 0, 0, 0, 0, 2, 15, 179
"d:\dptui\mm (1)\SDF\web\backend\app\__init__.py", "Python", 0, 0, 0, 0, 0, 0, 0, 0, 0, 0, 0, 0, 0, 0, 0, 0, 0, 0, 1, 1, 2
"d:\dptui\mm (1)\SDF\web\backend\app\main.py", "Python", 0, 0, 0, 0, 0, 0, 0, 0, 0, 0, 0, 0, 1168, 0, 0, 0, 0, 0, 44, 189, 1401
"d:\dptui\mm (1)\SDF\web\backend\static\app.js", "JavaScript", 0, 0, 0, 0, 0, 0, 0, 419, 0, 0, 0, 0, 0, 0, 0, 0, 0, 0, 1, 33, 453
"d:\dptui\mm (1)\SDF\web\backend\static\index.html", "HTML", 0, 0, 0, 0, 0, 0, 0, 0, 0, 270, 0, 0, 0, 0, 0, 0, 0, 0, 0, 27, 297
"d:\dptui\mm (1)\SDF\web\backend\static\keks.js", "JavaScript", 0, 0, 0, 0, 0, 0, 0, 109, 0, 0, 0, 0, 0, 0, 0, 0, 0, 0, 0, 9, 118
"d:\dptui\mm (1)\SDF\web\backend\static\maintenance.js", "JavaScript", 0, 0, 0, 0, 0, 0, 0, 155, 0, 0, 0, 0, 0, 0, 0, 0, 0, 0, 0, 10, 165
"d:\dptui\mm (1)\SDF\web\backend\static\sessions.js", "JavaScript", 0, 0, 0, 0, 0, 0, 0, 69, 0, 0, 0, 0, 0, 0, 0, 0, 0, 0, 0, 9, 78
"d:\dptui\mm (1)\SDF\web\backend\static\styles.css", "PostCSS", 0, 0, 0, 0, 0, 0, 0, 0, 128, 0, 0, 0, 0, 0, 0, 0, 0, 0, 0, 5, 133
"d:\dptui\mm (1)\SDF\web\requirements.txt", "pip requirements", 0, 0, 0, 2, 0, 0, 0, 0, 0, 0, 0, 0, 0, 0, 0, 0, 0, 0, 0, 1, 3
"Total", "-", 76, 235, 8, 2, 8627, 95, 1706, 752, 128, 270, 397047, 10702, 1997, 29857, 7, 58135, 165, 440, 114883, 72432, 697564